scenario,prn,t_s,label,captured,split,d_power,d_shape,d_track,d_dyn,d_total,p_spoof,pred
ds4,3,0.25,0,1,test,2324.6806103369495,8926.656837633884,9011307.214510929,58.832501528793955,11251.337447970833,1.0,1
ds4,3,0.75,0,1,test,16.20262789522763,8808.888305678647,5190618.8650177,0.3199697227442285,8825.090933573874,1.0,1
ds4,3,1.25,0,1,test,12.086334672368404,8916.773871714875,2036059.1367731048,0.0005997454649173819,8928.860206387244,1.0,1
ds4,3,1.75,0,1,test,33.152409936104355,8840.645279670087,280159.70160519175,0.0005190858034555501,8873.797689606192,1.0,1
ds4,3,2.25,0,1,test,4.042572743231678,8844.883199128324,38739.49641295241,0.0004191422072767658,8848.925771871556,1.0,1
ds4,3,2.75,0,1,test,16.362047587059532,8846.389782018827,2597.322959362224,0.00034057057430226785,8862.751829605886,1.0,1
ds4,3,3.25,0,1,test,40.04325080558966,8738.021426510819,1176.5433672750478,0.0003755961582131016,8778.064677316408,1.0,1
ds4,3,3.75,0,1,test,3.782845021987956,8729.635965968988,944.977591754311,0.0007832318920808307,8733.418810990976,1.0,1
ds4,3,4.25,0,1,test,149.22299567295954,8663.47513676278,268.8012762384098,4.860445465076781e-05,8812.698132435738,1.0,1
ds4,3,4.75,0,1,test,25.791560999718357,8771.160997349501,381.08994642607786,3.370640618272745e-05,8796.95255834922,1.0,1
ds4,3,5.25,0,1,test,16.19179442501505,8868.749560131275,843.8939484830149,4.233007604467794e-05,8884.94135455629,1.0,1
ds4,3,5.75,0,1,test,28.760281238232462,8724.962270543461,5092.440292916313,0.00012761730299062302,8753.722551781693,1.0,1
ds4,3,6.25,0,1,test,15.595378335334866,8328.180406730038,1099.828064935381,1.9167619487213168,8343.775785065372,1.0,1
ds4,3,6.75,0,1,test,12.778451093347854,167.57106996084227,45.16304310667811,0.006706079094043275,180.34952105419012,1.0,1
ds4,3,7.25,0,1,test,6.941584517973386,31.82925546593374,34.74912766801204,0.00697183919979475,38.77083998390712,0.9999997359123082,0
ds4,3,7.75,0,1,test,7.87535660995369,1.592665720353389,42.38318166704676,0.006509775083465256,9.468022330307079,0.9082094331053421,0
ds4,3,8.25,0,1,test,6.0700487054965615,2.605149396020848,36.47437724711546,0.007782291792516506,8.67519810151741,0.8772579213952337,0
ds4,3,8.75,0,1,test,5.563752565518317,1.3946678173829254,27.98170968254183,0.009074903048893513,6.958420382901242,0.7762489496126788,0
ds4,3,9.25,0,1,test,5.294016398841404,1.795161641642057,25.55546109744324,0.0077115356957844555,7.0891780404834615,0.7859079332746292,0
ds4,3,9.75,0,1,test,5.046881776917072,0.5768636572212189,18.161240073050767,0.005441061014443759,5.623745434138291,0.6554325601594375,0
ds4,3,10.25,0,1,test,4.062373271725321,0.4931555151241894,18.259068259195224,0.008251652903003143,4.555528786849511,0.5275115705326662,0
ds4,3,10.75,0,1,test,15.862227115560026,1.5197835602046463,18.11739655370465,0.008173020306816157,17.382010675764672,0.996170509171621,0
ds4,3,11.25,0,1,test,9.924871276943414,1.3130886190060533,15.656657924282214,0.00950894062905191,11.237959895949468,0.9531391827821556,0
ds4,3,11.75,0,1,test,7.275133639576224,0.7936055335441488,10.297319750104734,0.007987948197914327,8.068739173120374,0.8475122555587495,0
ds4,3,12.25,0,1,test,0.8569706258160309,0.6375392591528178,5.342544965040071,0.005558614990788153,1.4945098849688487,0.08629749849945921,0
ds4,3,12.75,0,1,test,1.561778062210087,0.8489132070023027,5.030253092048291,0.007476049988421923,2.4106912692123896,0.21011907699326185,0
ds4,3,13.25,0,1,test,0.6669533354264506,0.8146425429734394,5.060494585148513,0.011960606200916898,1.4815958783998902,0.08481617634262106,0
ds4,3,13.75,0,1,test,0.23233805884412728,0.7747445643571744,5.860315937216991,0.007976386677270658,1.0070826232013017,0.03800750986810146,0
ds4,3,14.25,0,1,test,0.9109796843683009,0.8414642002061122,3.404121890280218,0.006495898634722053,1.7524438845744132,0.1177723936009302,0
ds4,3,14.75,0,1,test,0.11269414220230091,0.40735987235928334,2.5674508033365964,0.005383630388827592,0.5200540145615843,0.008629421366560568,0
ds4,3,15.25,0,1,test,1.1619247783261488,0.7244335655217277,2.546709310187361,0.005795718954533391,1.8863583438478764,0.1353645121782016,0
ds4,3,15.75,0,1,test,3.2889173652567667,1.088928870804172,0.9710951674645714,0.011453811987754735,4.377846236060939,0.5036083996915707,0
ds4,3,16.25,0,1,test,0.21185131055809006,0.7956132944268653,1.060597980832225,0.007802648025269157,1.0074646049849554,0.03803854302536867,0
ds4,3,16.75,0,1,test,0.24333048483915856,0.60093798412278,1.446532198344462,0.007476530819784973,0.8442684689619385,0.025875743503968346,0
ds4,3,17.25,0,1,test,0.34634890387934647,0.40410999636044076,0.9190049724925742,0.005634619125928757,0.7504589002397872,0.019914958535865217,0
ds4,3,17.75,0,1,test,0.666740445024244,1.0181988898638332,2.2313059448291055,0.008728700946835793,1.6849393348880772,0.10920834281201161,0
ds4,3,18.25,0,1,test,2.124457733412863,1.287027091029123,1.2107340787191774,0.01101270303773403,3.411484824441986,0.3631786468044357,0
ds4,3,18.75,0,1,test,0.3196575408628705,1.331705781711971,0.37339654177052906,0.008986446581207229,1.6513633225748416,0.10503072322044468,0
ds4,3,19.25,0,1,test,0.13382450166400242,1.4052568282440538,1.813294696368732,0.010152739236903676,1.5390813299080564,0.09148374664209251,0
ds4,3,19.75,0,1,test,0.37617360415038675,0.5659742678514096,0.16166430272254234,0.008843717369613584,0.9421478720017964,0.032904308837922724,0
ds4,3,20.25,0,1,test,0.5596884027647225,1.175317585647276,2.285722132811149,0.007171005266764704,1.7350059884119986,0.11553957826529215,0
ds4,3,20.75,0,1,test,0.9630890773030646,1.5757379242097937,2.3435590970739444,0.007080056242788158,2.5388270015128582,0.2293633684279967,0
ds4,3,21.25,0,1,test,0.10723180047648045,0.6410993421531572,0.7799728041095297,0.007587688416810927,0.7483311426296377,0.019788761814031202,0
ds4,3,21.75,0,1,test,0.1473725765741236,0.6668624205234823,1.0393974812836986,0.0055579790880716275,0.8142349970976059,0.023883480983880153,0
ds4,3,22.25,0,1,test,2.112158638454371,0.6793548523918462,0.9662529002715515,0.004522055394507257,2.791513490846217,0.2679098188455886,0
ds4,3,22.75,0,1,test,0.7365198098593144,1.754667211115795,0.6132776752419076,0.0055025277623116115,2.4911870209751097,0.22217826547191563,0
ds4,3,23.25,0,1,test,0.9320307413375132,2.682634580730856,0.437138622866138,0.006861989051977973,3.6146653220683693,0.3938872868541471,0
ds4,3,23.75,0,1,test,1.413407807143524,0.18904649298308346,0.249015221615777,0.006444321752620503,1.6024543001266076,0.0990476126566594,0
ds4,3,24.25,0,1,test,1.8840376669700047,0.6487117013933787,0.8361593603383942,0.006841078442250436,2.5327493683633833,0.22844492333969235,0
ds4,3,24.75,0,1,test,1.0916418873482836,0.7950888088547277,0.9229652824950778,0.008972154550121124,1.8867306962030113,0.13541446793763895,0
ds4,3,25.25,0,1,test,13.925176106675679,3.0006175824611874,1.3365414696782947,0.009299557832867044,16.925793689136867,0.9953572972419278,0
ds4,3,25.75,0,1,test,2.861471834538089,1.2488759337941255,0.4991138890871108,0.010470379294458836,4.110347768332215,0.466359449230632,0
ds4,3,26.25,0,1,test,0.2594456043878829,0.761909345150245,0.554446783350371,0.007837287896461455,1.0213549495381278,0.03917497629635984,0
ds4,3,26.75,0,1,test,0.3701903522721797,1.1938093445567994,0.9356657602144878,0.007348023319365523,1.563999696828979,0.09443180294208783,0
ds4,3,27.25,0,1,test,0.5968713751497119,0.5485740986023202,0.5225578417465689,0.007226244626712733,1.145445473752032,0.04999717249576856,0
ds4,3,27.75,0,1,test,0.3073136341542866,1.0105435483717253,0.6953002811762261,0.004129104709847609,1.317857182526012,0.06691649468322973,0
ds4,3,28.25,0,1,test,0.12232278663595973,1.0259450237932988,1.3582134455705661,0.005839047729985876,1.1482678104292585,0.05025696373769513,0
ds4,3,28.75,0,1,test,1.2839564941440622,0.3082160773392162,0.5416987241792472,0.00949494083213361,1.5921725714832784,0.0978057110052735,0
ds4,3,29.25,0,1,test,0.1054535273949748,0.620579511230833,0.4291640527655948,0.0049667289107968166,0.7260330386258078,0.018490571950384605,0
ds4,3,29.75,0,1,test,0.24912303497398136,1.8766913300855261,0.448053956612014,0.009308205895868657,2.1258143650595076,0.16852338655297075,0
ds4,3,30.25,0,1,test,0.6834651283168774,0.9278389765344909,0.7660450759459223,0.005705997066535359,1.6113041048513683,0.10012102701765206,0
ds4,3,30.75,0,1,test,0.563584671550681,0.6382671458246262,0.41629327412193934,0.006545230048965311,1.2018518173753072,0.05530041524680439,0
ds4,3,31.25,0,1,test,0.5038514135716975,0.6103493508002986,0.6159045589789213,0.006339210385238373,1.1142007643719962,0.04716098880226294,0
ds4,3,31.75,0,1,test,0.4483285179304014,1.2493424285862258,0.6314286119953902,0.009477526486949805,1.6976709465166273,0.11080695015201192,0
ds4,3,32.25,0,1,test,0.18972251244037006,0.6818476182404328,1.4382476506561672,0.009699275162972646,0.8715701306808029,0.027754395221654977,0
ds4,3,32.75,0,1,test,0.7099166786414526,0.11070161391398711,0.6073293660855275,0.00901947871536217,0.8206182925554397,0.024300354841270612,0
ds4,3,33.25,0,1,test,0.5178477769274588,0.7000554114240704,0.664577170830673,0.005618386615912683,1.2179031883515292,0.056851691904648526,0
ds4,3,33.75,0,1,test,0.323086218381437,1.0638881654509846,1.1684574411323632,0.008142506072372071,1.3869743838324216,0.07426718499422795,0
ds4,3,34.25,0,1,test,0.3697284014693957,0.44443027517058176,1.10097138271148,0.006588900927883862,0.8141586766399774,0.023878518223614743,0
ds4,3,34.75,0,1,test,0.8703719279634053,0.7581389323308255,0.6724250409730802,0.007817179493658427,1.6285108602942309,0.10221978607661697,0
ds4,3,35.25,0,1,test,0.24767015656524316,0.5217165217970066,0.5421301856964297,0.004159505377354078,0.7693866783622497,0.021055273326636738,0
ds4,3,35.75,0,1,test,1.3388309073304008,3.0699199859167132,1.0179961211256061,0.008809709256096383,4.408750893247114,0.5078157168239261,0
ds4,3,36.25,0,1,test,0.6620130316238951,0.657529041613734,0.5416776827410963,0.008757679252122117,1.319542073237629,0.06709197457724063,0
ds4,3,36.75,0,1,test,0.16315494159727661,1.5328402994618566,0.8773075792495655,0.010486421467592351,1.6959952410591332,0.11059609581411382,0
ds4,3,37.25,0,1,test,0.3275239535181643,0.9627373972639354,0.8538972801870491,0.009007378429171611,1.2902613507820997,0.0640694184644365,0
ds4,3,37.75,0,1,test,0.04224126636734687,1.4552265811423126,0.45392752346020543,0.006185508659424755,1.4974678475096594,0.08663816082127201,0
ds4,3,38.25,0,1,test,0.9315543531493048,0.5313617878192347,0.4863846167077629,0.00491725087081917,1.4629161409685394,0.08269080127416292,0
ds4,3,38.75,0,1,test,0.11236184381687271,2.370670220820023,0.515510838747939,0.010403195859361504,2.483032064636896,0.22095172024191653,0
ds4,3,39.25,0,1,test,0.8630372763908171,1.5286995485926658,0.47960981037937034,0.007412171604295977,2.3917368249834827,0.20729596840384773,0
ds4,3,39.75,0,1,test,0.5503761003560477,1.9353790643061788,0.6543774252186252,0.008189944224179176,2.4857551646622262,0.22136117296317578,0
ds4,3,40.25,0,1,test,0.19485465423085813,0.8348949343262395,0.40592028874884833,0.006209506927068248,1.0297495885570975,0.03986925053969052,0
ds4,3,40.75,0,1,test,0.03575972390812869,0.9692951950725559,0.803171338133712,0.00796736149394336,1.0050549189806846,0.037842970500453856,0
ds4,3,41.25,0,1,test,1.5124053580993486,1.097124933527449,1.168635159528181,0.007826335869346496,2.6095302916267977,0.24008327031506163,0
ds4,3,41.75,0,1,test,0.2734987686627264,0.5989919019160687,0.6157827634778815,0.00857630468755535,0.872490670578795,0.02781885218817697,0
ds4,3,42.25,0,1,test,0.9383931096241032,0.35396165357512926,0.3849872530276395,0.004667819485356867,1.2923547631992325,0.06428360115985167,0
ds4,3,42.75,0,1,test,0.05146125156166067,3.0023805579395217,0.3807919675019491,0.00736371309220493,3.0538418095011823,0.30831484957444055,0
ds4,3,43.25,0,1,test,0.9789580599566224,0.49920453802263254,0.38013537029719635,0.010952357674219475,1.478162597979255,0.08442399609122112,0
ds4,3,43.75,0,1,test,0.1983534909547295,0.7246082749065097,0.3678442381343322,0.005370696619793901,0.9229617658612392,0.031462916532198015,0
ds4,3,44.25,0,1,test,0.02646921747466004,1.0948555314127972,0.6439097983529114,0.00689742059552946,1.1213247488874574,0.047801190291794235,0
ds4,3,44.75,0,1,test,0.333397607094287,1.3671516970688389,1.0986035848252718,0.006332280447667123,1.7005493041631259,0.11116945074967388,0
ds4,3,45.25,0,1,test,0.5403212472209066,1.118569223058353,0.539448007305518,0.008016133808537856,1.6588904702792595,0.1059623877525131,0
ds4,3,45.75,0,1,test,0.022724298150131807,1.7717234357622287,0.3980085832111788,0.008260908382640741,1.7944477339123606,0.12320733059102248,0
ds4,3,46.25,0,1,test,0.010216183208657477,1.368184929601477,0.6748160646962255,0.005133553311090656,1.3784011128101346,0.07333870164902509,0
ds4,3,46.75,0,1,test,1.942945223575055,1.0969470374650219,0.45061355098780026,0.00566272629153806,3.0398922610400767,0.30616449599973283,0
ds4,3,47.25,0,1,test,2.6017502614740216,0.966093719047629,0.42480452047211364,0.005518173896554932,3.5678439805216504,0.38685224667212437,0
ds4,3,47.75,0,1,test,18.332218942821623,0.9168693764113485,0.538303808776161,0.00664051670573053,19.24908831923297,0.9982727945422256,0
ds4,3,48.25,0,1,test,1.0253934277960448,0.6399000719892218,0.525439154690935,0.0056047765475845755,1.6652934997852666,0.10675715127448879,0
ds4,3,48.75,0,1,test,0.2650068185222445,0.7098942961319133,0.45812755087314594,0.007587805767847394,0.9749011146541579,0.03543533892942062,0
ds4,3,49.25,0,1,test,0.2114036496784451,1.1963753717997503,0.7774888154609548,0.00693712963209748,1.4077790214781953,0.07653955620264045,0
ds4,3,49.75,0,1,test,0.1796078518619254,1.2843328116727533,0.777987722688857,0.007540732613335898,1.4639406635346788,0.08280683603491451,0
ds4,3,50.25,0,1,test,0.14309215959536825,0.8687700680565227,0.6444133536149447,0.008177196231224941,1.011862227651891,0.03839666082239851,0
ds4,3,50.75,0,1,test,0.0055651354683579025,1.2172789318738124,0.4323859602872244,0.006475723333580204,1.2228440673421703,0.05733289817008759,0
ds4,3,51.25,0,1,test,0.29797368286012493,0.9891352514878428,0.8008672578525373,0.00626149201079407,1.2871089343479678,0.06374744645359119,0
ds4,3,51.75,0,1,test,1.1096072256748708,1.2481483209372415,0.5041011897518908,0.007817831891038332,2.357755546612112,0.20225191653008134,0
ds4,3,52.25,0,1,test,0.17320638877633296,1.2798560925782236,4.049640506525768,0.00620821810763326,1.4530624813545565,0.08157799703249377,0
ds4,3,52.75,0,1,test,0.25412009064280816,0.8965108437237697,0.6444836951448882,0.00755977294750434,1.150630934366578,0.05047494053770222,0
ds4,3,53.25,0,1,test,0.2996581330237317,0.3541535459203095,0.49731130086077663,0.00883143555790843,0.6538116789440411,0.014592882738332369,0
ds4,3,53.75,0,1,test,2.9177800640943636,0.5963459230540203,0.41864199835246674,0.006964439182023484,3.514125987148384,0.37874872760520967,0
ds4,3,54.25,0,1,test,0.3067944547622224,0.6572294663481715,0.5084065778471879,0.008418548290791911,0.9640239211103938,0.03458501378491007,0
ds4,3,54.75,0,1,test,0.9631721160154485,0.28081380634154096,0.7726919200119181,0.007775726985609201,1.2439859223569893,0.059411442289040814,0
ds4,3,55.25,0,1,test,1.241508331731825,1.3216037393344053,0.6322038038945766,0.008674103981842504,2.5631120710662305,0.23303828680345365,0
ds4,3,55.75,0,1,test,1.3392509220233508,0.9274524735499462,0.4604124283696383,0.009336941162492805,2.266703395573297,0.18885538420846065,0
ds4,3,56.25,0,1,test,1.4482457277417058,0.9161028521678591,0.4970037175121113,0.007439242840654061,2.364348579909565,0.20322878543878553,0
ds4,3,56.75,0,1,test,5.412182498918186,0.9356827744622878,0.5970006786362921,0.008638743733590722,6.347865273380474,0.726173897119766,0
ds4,3,57.25,0,1,test,0.7791233608302165,2.115822103488378,0.6752551978143614,0.006938534785817964,2.8949454643185946,0.2838218741416447,0
ds4,3,57.75,0,1,test,1.2941099497710131,0.951034597252362,0.5418643127627019,0.007878437127434057,2.245144547023375,0.18571103230263497,0
ds4,3,58.25,0,1,test,1.6902017864388565,2.5287417372167824,0.5216719008645526,0.012816359755189445,4.218943523655639,0.4816566915760408,0
ds4,3,58.75,0,1,test,6.654928689962647,0.401704734871883,0.5188636417319462,0.005773322090008708,7.05663342483453,0.7835376305724868,0
ds4,3,59.25,0,1,test,0.3198056527541454,0.4521457786873231,1.2755139528878991,0.010127662393052789,0.7719514314414685,0.021212232803202342,0
ds4,3,59.75,0,1,test,0.6707350881254718,0.8940362788504975,0.4809305935593795,0.0038155941007997113,1.5647713669759693,0.0945236434316773,0
ds4,3,60.25,0,1,test,1.3044201022372497,2.1872562118956975,0.8177080641105399,0.005743830939394688,3.491676314132947,0.3753525197211557,0
ds4,3,60.75,0,1,test,1.1084169874704044,1.0832943316153107,1.0616828816480584,0.006189686555441338,2.191711319085715,0.17796768817083042,0
ds4,3,61.25,0,1,test,0.01320131010701878,0.6747875573399267,0.3704463509300494,0.00999158156506785,0.6879888674469454,0.016378634974759942,0
ds4,3,61.75,0,1,test,1.2594761964699626,1.974641229517151,0.3940595676850868,0.0051103217695023994,3.2341174259871135,0.33605762659045124,0
ds4,3,62.25,0,1,test,1.526516791551063,1.5334028077187218,0.8833977519002999,0.006859556611083015,3.0599195992697847,0.3092516755038085,0
ds4,3,62.75,0,1,test,0.001036006856873599,1.6239392477653314,0.5284268776175518,0.0055606484107793615,1.624975254622205,0.1017872839757428,0
ds4,3,63.25,0,1,test,1.0789361190707145,0.6470286271918173,0.44429427428702994,0.0069151373790638255,1.7259647462625318,0.11438745712874354,0
ds4,3,63.75,0,1,test,0.340425570524609,1.1332985465939531,4.253485094185356,0.004204197785378266,1.4737241171185622,0.08391801938857114,0
ds4,3,64.25,0,1,test,0.12659631830783566,0.9366369557484373,0.8201609712722617,0.010454323341463189,1.0632332740562729,0.04269395320389351,0
ds4,3,64.75,0,1,test,1.3921699285939582,0.7273679720307704,0.4939136137290262,0.006881334320328753,2.119537900624729,0.1676302949296248,0
ds4,3,65.25,0,1,test,2.2708570816189937,1.0251386527863544,0.4426313678221451,0.005697128419948199,3.295995734405348,0.34554521090082113,0
ds4,3,65.75,0,1,test,1.3904088567109614,1.8030137272758318,1.0114590873999707,0.005938341627611158,3.193422583986793,0.32980611906167817,0
ds4,3,66.25,0,1,test,0.2891049359464323,1.9933532657957105,0.9298498688036021,0.006510075690416395,2.2824582017421426,0.19116018712966434,0
ds4,3,66.75,0,1,test,2.9603286402339997,0.17609537605370035,0.38128267702563007,0.005634513772259735,3.1364240162877,0.3210374352203731,0
ds4,3,67.25,0,1,test,0.4871556832786863,1.406762019163011,0.5752482301073507,0.003986148334163763,1.8939177024416973,0.13637976787459377,0
ds4,3,67.75,0,1,test,0.17870660707097866,1.121858003173859,1.0908879056474017,0.007861498390609211,1.3005646102448376,0.06512642962857365,0
ds4,3,68.25,0,1,test,2.2760643809114187,1.9945942807355113,1.0416321437184066,0.005463374167505328,4.27065866164693,0.48885851852260487,0
ds4,3,68.75,0,1,test,0.571084778183878,0.5661108774771028,0.5321933264549283,0.009547006893484561,1.1371956556609808,0.049241194013535425,0
ds4,3,69.25,0,1,test,0.9585858296899077,1.3450254517711275,0.43830230884207955,0.009708284392509457,2.303611281461035,0.1942636752285183,0
ds4,3,69.75,0,1,test,0.2629585270689804,0.5374036020005059,0.42627294492449236,0.011171675971823263,0.8003621290694862,0.022989759727978357,0
ds4,3,70.25,0,1,test,0.29715361829129827,0.7131519144252402,0.41200336175692903,0.009048733118121852,1.0103055327165384,0.038269714826693765,0
ds4,3,70.75,0,1,test,1.1019473798491664,1.862497856681113,0.4168066428091645,0.008042630529904499,2.9644452365302794,0.2945325126013906,0
ds4,3,71.25,0,1,test,1.6117572691655893,0.6544021178416762,0.6085802239100951,0.0077938027193884,2.2661593870072654,0.18877590398314373,0
ds4,3,71.75,0,1,test,1.1193538035361512,4.204033932729474,0.879512395318717,0.006324074942673768,5.323387736265625,0.6222992473636747,0
ds4,3,72.25,0,1,test,1.7761860026855865,0.13275031040604185,0.7120283309583106,0.005802761320398842,1.9089363130916284,0.13840347227361788,0
ds4,3,72.75,0,1,test,1.7651141371924992,0.6492899425087317,0.4537457796926766,0.008550833455073069,2.4144040797012307,0.21067284430719263,0
ds4,3,73.25,0,1,test,2.1865063072721727,1.0057242298101448,0.45342031685538464,0.00617866489183829,3.1922305370823176,0.32962287425947556,0
ds4,3,73.75,0,1,test,2.0624725542788194,0.5345083386765072,0.39909260993424095,0.006882920038057916,2.5969808929553264,0.23817606890656848,0
ds4,3,74.25,0,1,test,1.8981302928469115,0.40572729057791873,0.41758796055947456,0.009515499593504605,2.30385758342483,0.19429987082431185,0
ds4,3,74.75,0,1,test,1.0752865519121149,0.7531900842457263,0.6963020192194358,0.007157807443062028,1.8284766361578413,0.1276671710175739,0
ds4,3,75.25,0,1,test,0.2912102637295616,0.6442546232794403,0.40692702090716115,0.005727727468941022,0.9354648870090019,0.03239875928747493,0
ds4,3,75.75,0,1,test,0.3895642332865497,0.8205561898044735,0.46863290194642765,0.006492819401822269,1.2101204230910232,0.05609723007700962,0
ds4,3,76.25,0,1,test,0.24486729016765263,0.4194670991933991,0.4684996386437229,0.0061725470904409555,0.6643343893610517,0.015131400774903946,0
ds4,3,76.75,0,1,test,1.3521738185956242,0.35969191426395064,0.5794378096611442,0.008016677355207025,1.7118657328595748,0.11259849890419919,0
ds4,3,77.25,0,1,test,0.7493126135058761,1.1870883924694373,0.7791650195682918,0.006263471534750963,1.9364010059753134,0.14212664827730664,0
ds4,3,77.75,0,1,test,1.9186274130579632,0.9321610700835598,1.079539987841702,0.008455802534463014,2.850788483141523,0.27702326727210197,0
ds4,3,78.25,0,1,test,2.517811623132023,3.6810505216711706,0.9542375184490138,0.009792776129147387,6.1988621448031935,0.7126530684876717,0
ds4,3,78.75,0,1,test,0.6578517099013838,0.2793008604621622,0.37861309152075945,0.008826765198851054,0.9371525703635459,0.03252607778459956,0
ds4,3,79.25,0,1,test,0.621358565086133,1.6217751354789645,0.4701736779417811,0.004545361262295909,2.2431337005650973,0.18541832487122328,0
ds4,3,79.75,0,1,test,0.8779807676005011,0.47516382616470404,0.46261767462232334,0.0074650010596318435,1.3531445937652051,0.07063068667057364,0
ds4,3,80.25,0,1,test,1.5881334883057625,0.7449890574346338,0.7086137231671924,0.005673275353691892,2.3331225457403963,0.19860996667572683,0
ds4,3,80.75,0,1,test,0.9392928264983099,0.5826493795747542,0.5306260553689247,0.006323521485467651,1.521942206073064,0.08947611583577736,0
ds4,3,81.25,0,1,test,2.0618182705056913,1.1595047522901547,0.8110989891776204,0.006646351023253355,3.221323022795846,0.33409308284112027,0
ds4,3,81.75,0,1,test,0.48770203346622315,0.5190386611014207,0.4696809397444376,0.0075773857135406995,1.0067406945676438,0.03797974067589137,0
ds4,3,82.25,0,1,test,1.123314407915022,0.8454737647600484,0.4049925448056023,0.008587840386088274,1.9687881726750702,0.14655327865458645,0
ds4,3,82.75,0,1,test,1.3490415346576132,0.930653006445436,0.8729619981683823,0.0067978726086046085,2.279694541103049,0.19075546794983872,0
ds4,3,83.25,0,1,test,0.4374159524697452,2.51646337328333,0.5466412258654292,0.007658149288513868,2.953879325753075,0.2929036867509974,0
ds4,3,83.75,0,1,test,1.4234164780154503,0.9956769763971787,0.8784075823998536,0.005566281389679047,2.419093454412629,0.2113726227884946,0
ds4,3,84.25,0,1,test,0.40737167948542874,1.229418630566972,0.7004269311510917,0.004462713650867377,1.6367903100524008,0.10323510880496722,0
ds4,3,84.75,0,1,test,0.45111764718893693,0.5528120415296897,0.6574244356487451,0.009163770621704485,1.0039296887186266,0.037751805656822665,0
ds4,3,85.25,0,1,test,2.609024645711237,0.5143569897773136,0.4512225478500818,0.008445873447156256,3.123381635488551,0.31902930563062165,0
ds4,3,85.75,0,1,test,0.08552673444395908,1.3721443751069788,0.5876802453595131,0.004604396664731967,1.457671109550938,0.08209774180357451,0
ds4,3,86.25,0,1,test,0.46870378579317,1.4186085103291592,1.4347132204899966,0.007142302925780095,1.8873122961223292,0.13549250787396827,0
ds4,3,86.75,0,1,test,0.8905056055829199,0.5991885787696997,0.4633946568403265,0.010786509367595114,1.4896941843526195,0.08574396990717364,0
ds4,3,87.25,0,1,test,0.3796440297449028,1.316257127933242,0.9776649346589994,0.0059267709089272595,1.6959011576781449,0.11058426130824632,0
ds4,3,87.75,0,1,test,2.1287582266850955,0.46118424139562186,0.5169896391942169,0.005472753624639175,2.5899424680807175,0.23710720896508733,0
ds4,3,88.25,0,1,test,0.44111214196669296,0.9812674648489291,0.5230762919848625,0.009901517992613181,1.422379606815622,0.07815037987425551,0
ds4,3,88.75,0,1,test,1.405823417330267,1.563347938501608,0.5038514532732592,0.0074360430567364365,2.9691713558318753,0.29526111972626917,0
ds4,3,89.25,0,1,test,0.9523285002136762,0.7327791927080005,0.49704359207791793,0.00869291441959225,1.6851076929216768,0.10922943071509825,0
ds4,3,89.75,0,1,test,1.931788218616701,1.7676278840205535,0.6649782996508996,0.007068634332290952,3.6994161026372545,0.4065491431535674,0
ds4,3,90.25,0,1,test,1.431573742764269,0.8543021097722377,0.49818055981567505,0.0073432564099344955,2.2858758525365066,0.19166092179761013,0
ds4,3,90.75,0,1,test,0.6173388229054995,0.37438767073900187,0.49784773618049477,0.0063219230953023235,0.9917264936445014,0.03676967562820578,0
ds4,3,91.25,0,1,test,1.7749715700246447,1.3958518495428394,1.0737879644765154,0.0075433103059754005,3.1708234195674843,0.32633102915078294,0
ds4,3,91.75,0,1,test,1.9127731957881164,0.5000146569426169,0.4269520911389648,0.007370650053866604,2.4127878527307334,0.21043175258375935,0
ds4,3,92.25,0,1,test,0.8086799897044448,0.5422830245572889,0.549747440280426,0.007210765552562267,1.3509630142617337,0.07039870374265451,0
ds4,3,92.75,0,1,test,3.436452986881756,0.48278507907655505,0.44010493095361025,0.007154321960632322,3.919238065958311,0.43889859118571223,0
ds4,3,93.25,0,1,test,0.3332617869714437,0.3540632415372047,0.46519789347834845,0.009200962454619845,0.6873250285086484,0.016342941693404247,0
ds4,3,93.75,0,1,test,0.6310897673374716,1.7334266837085213,0.4367959767272585,0.008715001826765286,2.3645164510459926,0.20325366972735237,0
ds4,3,94.25,0,1,test,0.9216346295808748,0.5981562048612578,0.4206318095774904,0.008116870381751313,1.5197908344421327,0.08922528039707119,0
ds4,3,94.75,0,1,test,0.9405273942470158,1.014021600882741,0.7033345614301582,0.006734898149257809,1.9545489951297568,0.14460235588346357,0
ds4,3,95.25,0,1,test,0.8584920061564114,1.3099509059911456,0.5619380348464581,0.008237767460168714,2.1684429121475572,0.17461909205278786,0
ds4,3,95.75,0,1,test,1.4717563673771559,2.1058765331888467,0.5987204558610932,0.006318072761075163,3.5776329005660026,0.3883252880243248,0
ds4,3,96.25,0,1,test,1.0146922846552413,0.7252905491114477,4.858291348138987,0.007092890635225297,1.739982833766689,0.11617540063099319,0
ds4,3,96.75,0,1,test,0.6010926883748154,0.5788839468733549,0.3676085891499221,0.004810101274079317,1.1799766352481704,0.053216148439005476,0
ds4,3,97.25,0,1,test,0.11486507325272759,0.15273542590402772,0.48675849748335803,0.0062373315679782335,0.2676004991567553,0.0017915849444792038,0
ds4,3,97.75,0,1,test,1.0443791260831954,0.51649489399386,0.595822951114587,0.006265547415633313,1.5608740200770552,0.09406013280928954,0
ds4,3,98.25,0,1,test,0.5178697685912176,0.4053879575922237,0.336256029848586,0.007529770951974303,0.9232577261834413,0.03148491799576377,0
ds4,3,98.75,0,1,test,0.5483152102250942,0.4541317260591476,0.42648780610968023,0.009063622380812597,1.0024469362842419,0.037631830435856425,0
ds4,3,99.25,0,1,test,0.5679830133593309,1.013114320612488,1.067199479076984,0.007137132937117395,1.5810973339718188,0.09647426640398235,0
ds4,3,99.75,0,1,test,4.153073648669517,0.5985779568903336,0.40939462804645654,0.00902992464872742,4.751651605559851,0.5530655543982654,0
ds4,3,100.25,0,1,test,0.6000883264661054,0.9232192714305427,1.062327767238248,0.008000900493541437,1.5233075978966482,0.08963544735272214,0
ds4,3,100.75,0,1,test,0.41091855572219455,1.0504762208145437,0.9534343828254878,0.009620305389880854,1.4613947765367383,0.08251861070833408,0
ds4,3,101.25,0,1,test,1.0766812735738682,1.0050250587765779,0.540157571594489,0.0073990427608691695,2.0817063323504463,0.16227216620963478,0
ds4,3,101.75,0,1,test,7.851771831388263,0.8321454647275065,0.46220746031960436,0.005332084847825646,8.68391729611577,0.8776445283713203,0
ds4,3,102.25,0,1,test,0.4490645531415349,1.6008302561370078,0.4566430739276801,0.007236312111183298,2.0498948092785425,0.15780103444449592,0
ds4,3,102.75,0,1,test,0.3696150123069702,0.4117026021073362,0.4004612952424704,0.009693038988365791,0.7813176144143064,0.021790371111718294,0
ds4,3,103.25,0,1,test,0.8312111918724921,0.9477198064043126,2.499049846452885,0.007710319310009837,1.7789309982768047,0.1211904204958065,0
ds4,3,103.75,0,1,test,1.3566322091002807,2.1141195920824702,0.4897280762207932,0.009061199130036135,3.470751801182751,0.37218219832777544,0
ds4,3,104.25,0,1,test,0.3331795640271461,1.7124252895113512,0.48188814685547726,0.006180540343302647,2.045604853538497,0.1572005612240712,0
ds4,3,104.75,0,1,test,0.22507928189035958,0.9314424741173024,0.5992216666491926,0.006547076745146423,1.156521756007662,0.05102011809758009,0
ds4,3,105.25,0,1,test,0.8463674665802077,2.540995455668559,0.6587268914200002,0.008406178261705395,3.3873629222487667,0.35950471155366137,0
ds4,3,105.75,0,1,test,1.0433205362296856,4.153529189823565,0.47225571018556156,0.007005865179864327,5.19684972605325,0.6076680278401703,0
ds4,3,106.25,0,1,test,0.8645652978844319,0.49073645009939687,0.3985382388619226,0.01038146656003831,1.3553017479838287,0.07086037530371343,0
ds4,3,106.75,0,1,test,0.8841701316410553,1.2973555734597557,0.4994888161767902,0.00777424404757956,2.1815257051008112,0.17650005724629064,0
ds4,3,107.25,0,1,test,1.54439362628971,2.1830315254882073,0.7279409991958018,0.00987199510548974,3.7274251517779176,0.41071196608170374,0
ds4,3,107.75,0,1,test,0.6041618865724159,1.5182739815115225,0.42672649004344376,0.007408346513685278,2.1224358680839384,0.16804250898495054,0
ds4,3,108.25,0,1,test,1.3416852615016595,0.6691985274650172,2.506654236146476,0.005905431655241174,2.0108837889666766,0.1523629842802033,0
ds4,3,108.75,0,1,test,0.9542838819470385,1.0383576126943022,0.3890049783339626,0.009535857252484315,1.9926414946413407,0.14983771308546076,0
ds4,3,109.25,0,1,test,0.8804146078053431,0.6644994765959706,0.40922848740093165,0.007887385965845853,1.5449140844013138,0.09217073171636422,0
ds4,3,109.75,0,1,test,1.0098397471655318,0.6753776137763845,0.7168649920195047,0.007149611377980357,1.6852173609419163,0.10924316806976772,0
ds4,3,225.25,1,1,test,24.522469743847857,699.6646808953525,1.7330986264681807,0.0073771677205340495,724.1871506392004,1.0,1
ds4,3,225.75,1,1,test,23.78003387701019,693.0685762050737,1.4478706051494181,0.00730605756363187,716.8486100820838,1.0,1
ds4,3,226.25,1,1,test,23.93403468794717,726.0375165431044,1.4999616539092688,0.008767931226134245,749.9715512310515,1.0,1
ds4,3,226.75,1,1,test,22.841186864119525,738.767276495542,1.9131969906261126,0.00954264390466133,761.6084633596615,1.0,1
ds4,3,227.25,1,1,test,23.19400940658826,759.4786001996399,1.595671039250003,0.00810716700633862,782.6726096062282,1.0,1
ds4,3,227.75,1,1,test,22.929425246051984,774.7468478790465,1.4865790055807087,0.009426317730583807,797.6762731250985,1.0,1
ds4,3,228.25,1,1,test,21.45317714921159,772.0125332291752,1.4364149388632113,0.006848370846900026,793.4657103783868,1.0,1
ds4,3,228.75,1,1,test,20.22589454834293,778.1512400097361,2.061029811197871,0.007418720228197271,798.377134558079,1.0,1
ds4,3,229.25,1,1,test,20.187523813416913,779.2219390622931,1.2428648844237187,0.008701219595133411,799.40946287571,1.0,1
ds4,3,229.75,1,1,test,20.370129485767173,782.8466327175826,1.762253471067438,0.009825382313288252,803.2167622033497,1.0,1
ds4,3,230.25,1,1,test,26.554855990426507,779.4204144403634,2.2163410848023513,0.007256859759480549,805.9752704307899,1.0,1
ds4,3,230.75,1,1,test,17.236565569692555,811.6961245009586,2.077320001925429,0.010777962532102222,828.9326900706511,1.0,1
ds4,3,231.25,1,1,test,15.688278450257343,801.9954311346216,2.0648925813042145,0.008688407344155609,817.683709584879,1.0,1
ds4,3,231.75,1,1,test,17.057429982870083,813.07295652377,1.8767788579377396,0.008597698063126654,830.1303865066401,1.0,1
ds4,3,232.25,1,1,test,18.166237150317166,811.965749407932,1.777353597951486,0.006997427249314403,830.1319865582492,1.0,1
ds4,3,232.75,1,1,test,19.726424761813117,853.2484052171104,1.1928257821076085,0.011714309150426384,872.9748299789235,1.0,1
ds4,3,233.25,1,1,test,20.709841616127747,847.314078035836,1.397705577053573,0.00796087172593436,868.0239196519638,1.0,1
ds4,3,233.75,1,1,test,22.1815414004625,844.5721253640003,1.061799872387602,0.010647185424203065,866.7536667644628,1.0,1
ds4,3,234.25,1,1,test,25.806169684283724,870.1388799934216,1.4237753940622195,0.006494322342897079,895.9450496777054,1.0,1
ds4,3,234.75,1,1,test,22.83414261962143,869.9471305063487,1.4832433613733225,0.006229752322733651,892.7812731259701,1.0,1
ds4,3,235.25,1,1,test,16.93578522991552,879.5847286411661,1.7811838808342413,0.007838037400725653,896.5205138710816,1.0,1
ds4,3,235.75,1,1,test,18.449925330957225,893.2608015711306,1.8787043304994748,0.005789395842418574,911.7107269020878,1.0,1
ds4,3,236.25,1,1,test,16.71792169566456,904.6461631580698,1.183169843411896,0.008913529223462474,921.3640848537344,1.0,1
ds4,3,236.75,1,1,test,16.1445381112519,947.5728696434664,1.3028694097399034,0.009992786285053172,963.7174077547184,1.0,1
ds4,3,237.25,1,1,test,17.270752407732733,958.5057267752858,1.4039604231547074,0.009597651344415094,975.7764791830185,1.0,1
ds4,3,237.75,1,1,test,17.910276540764645,951.7974034137379,1.3576851143479454,0.0069652948102360245,969.7076799545026,1.0,1
ds4,3,238.25,1,1,test,17.35955543676263,990.8100021080362,1.8725649864475742,0.00889503893711662,1008.1695575447989,1.0,1
ds4,3,238.75,1,1,test,17.17735749969883,981.746973833137,1.596639501912342,0.008243549190741857,998.9243313328358,1.0,1
ds4,3,239.25,1,1,test,17.020645592360218,1033.5029964370774,1.795623548215451,0.00800878426906258,1050.5236420294377,1.0,1
ds4,3,239.75,1,1,test,15.585121646338287,1026.7137781977426,1.1445389401194126,0.008701109171587196,1042.298899844081,1.0,1
ds4,3,240.25,1,1,test,15.554252361317804,1038.1390983376566,1.7632650628918425,0.00935133510286929,1053.6933506989744,1.0,1
ds4,3,240.75,1,1,test,14.032062593587117,1070.843902577358,1.4290938842182022,0.0077776698127835315,1084.8759651709452,1.0,1
ds4,3,241.25,1,1,test,15.25400038105268,1106.0410475307795,1.0089396323078903,0.0077716888239026255,1121.2950479118322,1.0,1
ds4,3,241.75,1,1,test,21.75092078142202,1070.5179567453122,1.5590164259304555,0.00838184488703285,1092.2688775267343,1.0,1
ds4,3,242.25,1,1,test,11.733499780613869,1106.4728808170364,1.573888385342498,0.00850509231648953,1118.2063805976502,1.0,1
ds4,3,242.75,1,1,test,12.919275072103648,1141.700820185252,1.1481095566879256,0.00828861440608525,1154.6200952573556,1.0,1
ds4,3,243.25,1,1,test,11.22196072513918,1114.261711465247,1.1352801586844867,0.007366971367193078,1125.483672190386,1.0,1
ds4,3,243.75,1,1,test,10.86180085442595,1145.695749391358,0.8770737173148905,0.007774075839670444,1156.557550245784,1.0,1
ds4,3,244.25,1,1,test,12.210482060023132,1163.9745294002148,1.1565811844773688,0.00833281521914414,1176.185011460238,1.0,1
ds4,3,244.75,1,1,test,12.139002550570948,1168.6823941568725,0.9314593800320072,0.00876736015180339,1180.8213967074435,1.0,1
ds4,3,245.25,1,1,test,13.433120532495549,1175.597362538026,1.2510008611520975,0.008346326051786106,1189.0304830705215,1.0,1
ds4,3,245.75,1,1,test,13.495607325958256,1207.4963471468313,1.3236513266392607,0.008682652804028334,1220.9919544727895,1.0,1
ds4,3,246.25,1,1,test,12.051433935717286,1214.51556756066,1.6271620881571929,0.006009714561178758,1226.5670014963773,1.0,1
ds4,3,246.75,1,1,test,11.85187298073576,1222.9786129041202,1.0492241670619156,0.007151881375590152,1234.830485884856,1.0,1
ds4,3,247.25,1,1,test,10.613603835649084,1226.1781623538416,1.0902884542013764,0.009579592102539919,1236.7917661894905,1.0,1
ds4,3,247.75,1,1,test,9.508099439340501,1263.9984092983502,1.5138177136264241,0.007735307904415012,1273.5065087376906,1.0,1
ds4,3,248.25,1,1,test,9.138104865702712,1208.7511863229581,2.0109727101121924,0.007268797327646334,1217.8892911886608,1.0,1
ds4,3,248.75,1,1,test,9.191273669832652,1268.4521811593504,1.250515430995706,0.011301314331091434,1277.6434548291832,1.0,1
ds4,3,249.25,1,1,test,9.034013293412514,1263.5659268858,1.2944222754252535,0.009372598685250129,1272.5999401792126,1.0,1
ds4,3,249.75,1,1,test,10.062329072709275,1280.1173965634098,0.8005694482237163,0.005318179387164461,1290.179725636119,1.0,1
ds4,3,250.25,1,1,test,9.521670618081084,1290.2042250741665,1.9015129057802054,0.006508814265620731,1299.7258956922476,1.0,1
ds4,3,250.75,1,1,test,8.278085003857246,1284.7373765259679,0.837633218911412,0.009822934603541132,1293.0154615298252,1.0,1
ds4,3,251.25,1,1,test,15.501879242404282,1265.8527758299497,0.7759357696531177,0.00839914905847721,1281.354655072354,1.0,1
ds4,3,251.75,1,1,test,6.212490376967254,1273.265453608012,0.9588892134180836,0.007710708982336194,1279.4779439849792,1.0,1
ds4,3,252.25,1,1,test,6.305840334947536,1249.9077330576629,0.8261693109774011,0.005570487667195364,1256.2135733926104,1.0,1
ds4,3,252.75,1,1,test,9.75872069621216,1309.082418261302,1.0787093404168873,0.006145027319388861,1318.8411389575142,1.0,1
ds4,3,253.25,1,1,test,3.2100270269294597,1254.1782860690037,0.5188125837808408,0.006648952564724497,1257.3883130959332,1.0,1
ds4,3,253.75,1,1,test,4.215851313453684,1252.2404129164122,0.6311556411281556,0.006185077263162469,1256.4562642298658,1.0,1
ds4,3,254.25,1,1,test,3.789887569916064,1202.8329981765833,0.6675996702618867,0.0044592311523027174,1206.6228857464994,1.0,1
ds4,3,254.75,1,1,test,2.4610227099048454,1264.344064111164,0.6555980520869246,0.006368714572883617,1266.805086821069,1.0,1
ds4,3,255.25,1,1,test,2.091588002418798,1270.0366174883031,0.5123722084997089,0.005681692803081738,1272.128205490722,1.0,1
ds4,3,255.75,1,1,test,1.7988672846428895,1253.7416983347146,0.4749208928996347,0.005019237949175854,1255.5405656193575,1.0,1
ds4,3,256.25,1,1,test,1.52687164652209,1223.0539138892382,0.9280209795207109,0.009466330256380906,1224.5807855357602,1.0,1
ds4,3,256.75,1,1,test,1.089628364820898,1165.1651618882036,1.0140275758092714,0.006222662507246518,1166.2547902530246,1.0,1
ds4,3,257.25,1,1,test,1.7355309631288873,1182.5126124492433,0.4575474699082939,0.00924460216094596,1184.2481434123722,1.0,1
ds4,3,257.75,1,1,test,0.5433526097755008,1190.258964115748,1.0684137845726727,0.004741676160830626,1190.8023167255235,1.0,1
ds4,3,258.25,1,1,test,0.8694138096548862,1079.8433183578168,0.9553579604758805,0.011309267739027256,1080.7127321674716,1.0,1
ds4,3,258.75,1,1,test,19.004252399463688,1082.307472198281,0.8043467668497326,0.006192175197590574,1101.3117245977446,1.0,1
ds4,3,259.25,1,1,test,15.760118063023954,1010.4451847161093,2.9243729995524808,0.005774232070038826,1026.2053027791333,1.0,1
ds4,3,259.75,1,1,test,0.36577035912939637,963.8150193124579,0.47834110323772994,0.0080121922009638,964.1807896715874,1.0,1
ds4,3,260.25,1,1,test,0.5529129765038466,918.5948939491104,0.44927942030983586,0.008680620596159294,919.1478069256143,1.0,1
ds4,3,260.75,1,1,test,0.9225586115960924,878.9308337510355,0.7468923584286605,0.007656996539498271,879.8533923626316,1.0,1
ds4,3,261.25,1,1,test,0.22095076207407574,864.1427502312016,0.3641184305602201,0.0049495916444240685,864.3637009932756,1.0,1
ds4,3,261.75,1,1,test,0.34601603279815185,779.181427801167,0.3799525579728321,0.005153570792063114,779.5274438339652,1.0,1
ds4,3,262.25,1,1,test,0.18299977530133765,749.6314258885244,0.5711149923274766,0.007050479785397069,749.8144256638258,1.0,1
ds4,3,262.75,1,1,test,0.4663633089034907,692.6173965707369,0.5561150335785106,0.005113321949686557,693.0837598796404,1.0,1
ds4,3,263.25,1,1,test,0.757289213581207,664.4087955017516,0.6602990159951301,0.006769981987676454,665.1660847153328,1.0,1
ds4,3,263.75,1,1,test,0.31093530962785804,668.699862582944,0.784782403569694,0.004196231666247073,669.0107978925719,1.0,1
ds4,3,264.25,1,1,test,0.6943564153501778,597.9646012566163,0.5193160494992758,0.004720214129239543,598.6589576719665,1.0,1
ds4,3,264.75,1,1,test,1.821106234927429,533.3880918497815,0.45430438262647393,0.007892748015834634,535.209198084709,1.0,1
ds4,3,265.25,1,1,test,1.3173336394391002,565.6764916313567,1.5879891198953378,0.005070311324385361,566.9938252707958,1.0,1
ds4,3,265.75,1,1,test,15.865407794044923,436.6026932443143,1.0687680024823272,0.005162609074253659,452.46810103835924,1.0,1
ds4,3,266.25,1,1,test,2.8739078992502862,437.4591427484391,1.2805859947178866,0.0030093014851127657,440.3330506476894,1.0,1
ds4,3,266.75,1,1,test,2.3083402953861825,440.1778775087964,3.411073582579585,0.010990014631437218,442.4862178041826,1.0,1
ds4,3,267.25,1,1,test,10.291537289603143,365.8421471525722,1.0599073691796133,0.0038595205870101475,376.1336844421753,1.0,1
ds4,3,267.75,1,1,test,6.7404688162662545,351.3680815831761,0.9605967718231234,0.003781155209651776,358.1085503994423,1.0,1
ds4,3,268.25,1,1,test,5.185556856510882,278.8385705829225,2.3860063253012624,0.0063942562147325565,284.02412743943336,1.0,1
ds4,3,268.75,1,1,test,6.40680416839604,256.0022497894772,0.9743494022303449,0.005857565923417463,262.40905395787325,1.0,1
ds4,3,269.25,1,1,test,10.383983449908456,227.02769623766207,2.059987636935853,0.002236226623390489,237.41167968757054,1.0,1
ds4,3,269.75,1,1,test,8.940415617998907,193.44248010277434,0.5697883417065448,0.00805482825677469,202.38289572077323,1.0,1
ds4,3,270.25,1,1,test,9.16442347951321,210.7829525147249,4.172068078463824,0.0018917901688242167,219.94737599423812,1.0,1
ds4,3,270.75,1,1,test,14.499149594801395,184.9543727540074,76.52244645766284,0.00481305386617611,199.4535223488088,1.0,1
ds4,3,271.25,1,1,test,11.659622162819275,197.86159210753905,0.491719719498157,0.00990816798581976,209.5212142703583,1.0,1
ds4,3,271.75,1,1,test,15.939640548907452,213.06003953940095,1.5446532871047969,0.003175561099059765,228.9996800883084,1.0,1
ds4,3,272.25,1,1,test,13.77896976308432,223.13914390213753,0.9936095279197608,0.005289454798829026,236.91811366522185,1.0,1
ds4,3,272.75,1,1,test,15.301054641091943,254.3776109592694,2.463187110751498,0.008736783295930332,269.67866560036134,1.0,1
ds4,3,273.25,1,1,test,16.25778930483539,284.76191417168695,9.451017489024977,0.006296737180343142,301.01970347652235,1.0,1
ds4,3,273.75,1,1,test,19.937645385054424,366.90433194437736,1.1203815270379363,0.005084367126716783,386.84197732943176,1.0,1
ds4,3,274.25,1,1,test,18.921944567813203,374.4511558802995,2.352976367772943,0.0019473139016403756,393.3731004481127,1.0,1
ds4,3,274.75,1,1,test,21.708395892357814,443.9272378709303,0.8148908554043358,0.001509770746697955,465.6356337632881,1.0,1
ds4,3,275.25,1,1,test,22.30284723503448,443.98799297803527,0.22486807653458313,0.0023275129090233465,466.29084021306977,1.0,1
ds4,3,275.75,1,1,test,29.460866829047802,515.4457739809685,1.6701142370300603,0.002257183913512916,544.9066408100164,1.0,1
ds4,3,276.25,1,1,test,32.425442844940996,555.1944378149385,3.8446248610323126,0.0010621003232862973,587.6198806598795,1.0,1
ds4,3,276.75,1,1,test,57.62637189367642,649.9192028859487,111.24239017240001,0.0025747256813419945,707.5455747796251,1.0,1
ds4,3,277.25,1,1,test,46.252605849377424,731.5722899752365,0.6190084218899748,0.0024023742552221105,777.8248958246139,1.0,1
ds4,3,277.75,1,1,test,40.46865739588239,715.9573528919063,0.19662750291680287,0.0014241430731589445,756.4260102877887,1.0,1
ds4,3,278.25,1,1,test,42.480105693541525,822.6198538474198,0.6225816048680677,4.53073527445584e-05,865.0999595409613,1.0,1
ds4,3,278.75,1,1,test,43.00764804398295,922.5373807330366,1.8091991271497472,0.0009105795658682931,965.5450287770195,1.0,1
ds4,3,279.25,1,1,test,41.68053709192212,1038.4029133981942,0.585043668011113,0.00183660417603451,1080.0834504901163,1.0,1
ds4,3,279.75,1,1,test,58.54066311662487,1250.0724213378503,17.213710145168843,0.0009896817124628995,1308.6130844544753,1.0,1
ds4,3,280.25,1,1,test,49.791003688742094,1401.2265800531918,21.74441117890072,0.0016874467217981597,1451.017583741934,1.0,1
ds4,3,280.75,1,1,test,48.31582452082257,1356.5369015720128,118.189015772559,0.006600921867631542,1404.8527260928354,1.0,1
ds4,3,281.25,1,1,test,48.775668087489706,1366.7661251987406,6.887994291344489,0.0036370295894379064,1415.5417932862304,1.0,1
ds4,3,281.75,1,1,test,46.79398456403007,1359.9685888517022,5.902695249041366,0.0022402242173051763,1406.7625734157323,1.0,1
ds4,3,282.25,1,1,test,48.65557752301453,1281.722888957235,3.1395444216112076,0.001258457179062698,1330.3784664802495,1.0,1
ds4,3,282.75,1,1,test,49.38412414820783,1529.6768697255523,1.4171631161295353,0.0027966036559245004,1579.06099387376,1.0,1
ds4,3,283.25,1,1,test,50.598865852565304,1502.5009172134903,2.54033070434808,0.0033535668652440176,1553.0997830660556,1.0,1
ds4,3,283.75,1,1,test,49.83722537357856,1474.1845016429004,1.7823817581656711,0.003941344388470253,1524.021727016479,1.0,1
ds4,3,284.25,1,1,test,51.92719220194143,1439.6604997067154,0.2932354728688251,0.0006536890264250005,1491.5876919086568,1.0,1
ds4,3,284.75,1,1,test,50.46132244100686,1429.9299820042804,0.3491467825702368,0.009595248128442238,1480.3913044452872,1.0,1
ds4,3,285.25,1,1,test,51.99978245374273,1452.4363855936483,0.25837748649082287,0.005077787908165157,1504.436168047391,1.0,1
ds4,3,285.75,1,1,test,52.08313931003348,1527.3430252409757,0.705637318260881,0.002998612832803084,1579.4261645510092,1.0,1
ds4,3,286.25,1,1,test,53.1964940361534,1299.0790838334008,0.7821310392207941,0.0021888549407901295,1352.2755778695541,1.0,1
ds4,3,286.75,1,1,test,53.11051640430002,1159.60424996969,1.6262361354883665,0.0014435301508202813,1212.71476637399,1.0,1
ds4,3,287.25,1,1,test,52.12777662778993,1167.1574213213848,1.3082122931940274,0.0049531874474107946,1219.2851979491747,1.0,1
ds4,3,287.75,1,1,test,48.73737506419748,1151.566667328254,0.5807517696041122,0.0031949949361165246,1200.3040423924515,1.0,1
ds4,3,288.25,1,1,test,51.06792055019713,1052.1831907263431,0.12866972676580865,0.004719705147938946,1103.2511112765403,1.0,1
ds4,3,288.75,1,1,test,48.633907936681,1117.5268824217292,1.4576258704798497,0.0044250777547079016,1166.1607903584102,1.0,1
ds4,3,289.25,1,1,test,47.3310970212215,977.6207745645511,0.28159361578917586,0.0007142729688753784,1024.9518715857726,1.0,1
ds4,3,289.75,1,1,test,48.2791675983011,1055.1134188097599,1.457134069380283,0.007193364189589391,1103.3925864080609,1.0,1
ds4,3,290.25,1,1,test,47.12794668234305,977.6707878807774,0.39052006325618205,0.0018984828484309593,1024.7987345631204,1.0,1
ds4,3,290.75,1,1,test,47.48195060745904,955.0365365607721,0.48240520524282426,0.002775815197522326,1002.5184871682311,1.0,1
ds4,3,291.25,1,1,test,46.56370923371895,861.5838769653384,1.8603411350589734,0.004583003131489308,908.1475861990573,1.0,1
ds4,3,291.75,1,1,test,47.95238947963982,821.455686839253,0.3888242730830675,0.006344225403707936,869.4080763188928,1.0,1
ds4,3,292.25,1,1,test,47.75395651902736,798.1801902185078,24.920114472763252,0.004481641874329958,845.9341467375352,1.0,1
ds4,3,292.75,1,1,test,48.311874185897615,718.528977685276,0.4537254417356484,0.0029583402561347756,766.8408518711736,1.0,1
ds4,3,293.25,1,1,test,45.528655091247465,717.0468402700475,0.5451536942341646,0.006028990476003039,762.575495361295,1.0,1
ds4,3,293.75,1,1,test,43.393139437498476,684.4244296258612,0.17895551021362874,0.002806913126641234,727.8175690633597,1.0,1
ds4,3,294.25,1,1,test,42.77626414241929,654.0573447157664,0.16415046559552926,0.007657200972579004,696.8336088581857,1.0,1
ds4,3,294.75,1,1,test,41.37202430892248,605.3385001105703,0.05152759587670721,0.004118056685054921,646.7105244194928,1.0,1
ds4,3,295.25,1,1,test,41.33196490440799,531.716760083268,0.06335322410580047,0.005265444845440313,573.048724987676,1.0,1
ds4,3,295.75,1,1,test,36.728575616930215,534.6424606116382,1.0739237113880815,0.00585699399280707,571.3710362285684,1.0,1
ds4,3,296.25,1,1,test,38.11827687862892,488.20524359786526,1.91724189443637,0.0039879732223535745,526.3235204764942,1.0,1
ds4,3,296.75,1,1,test,35.51302770858234,436.62623135698476,1.1099120991578844,0.0022378161578936913,472.1392590655671,1.0,1
ds4,3,297.25,1,1,test,35.11916735655707,426.4498837720701,0.3181495918538798,0.003112240973939008,461.56905112862717,1.0,1
ds4,3,297.75,1,1,test,31.067169651751037,337.5632987605647,1.1626849812932798,0.0037218500155697977,368.63046841231574,1.0,1
ds4,3,298.25,1,1,test,30.961755204709767,335.21408823477117,1.2249060047020257,0.005164311634232179,366.17584343948096,1.0,1
ds4,3,298.75,1,1,test,31.329873883661705,310.1518678625467,1.3465030014286103,0.002038849499181234,341.4817417462084,1.0,1
ds4,3,299.25,1,1,test,28.64714116165328,316.8289059730631,0.5564073298694322,0.005642169202597492,345.4760471347164,1.0,1
ds4,3,299.75,1,1,test,26.386579681145914,274.7354218614955,0.05265766950589026,0.004227288407462546,301.12200154264144,1.0,1
ds4,3,300.25,1,1,test,25.938771571329752,268.9871263765993,0.9481460230934753,0.005036886087997672,294.92589794792906,1.0,1
ds4,3,300.75,1,1,test,27.163657210719894,255.83051637749782,1.7665659047825248,0.0032397851469861886,282.99417358821773,1.0,1
ds4,3,301.25,1,1,test,27.479897811222294,279.8927051224043,0.26245207016705896,0.007921025112759042,307.37260293362664,1.0,1
ds4,3,301.75,1,1,test,24.155257320907207,247.04872324165004,2.5116864262191925,0.0020502091788062587,271.20398056255726,1.0,1
ds4,3,302.25,1,1,test,24.068523790489035,242.32155023502244,0.2539792247823098,0.006153093669979318,266.39007402551147,1.0,1
ds4,3,302.75,1,1,test,25.420926326656375,225.92640443256343,0.5802369096199639,0.0087512073212451,251.3473307592198,1.0,1
ds4,3,303.25,1,1,test,23.221280716518784,201.18439758064054,0.09688772768968541,0.009426887107546501,224.4056782971593,1.0,1
ds4,3,303.75,1,1,test,22.21599028018297,212.11590802551856,0.10286295933994394,0.003523047342011196,234.33189830570154,1.0,1
ds4,3,304.25,1,1,test,19.89167975805596,217.16039019390766,0.050109777338598734,0.005175650809107635,237.05206995196363,1.0,1
ds4,3,304.75,1,1,test,18.942748582168857,192.8304264234944,0.12083309132754927,0.0046426265514922845,211.77317500566326,1.0,1
ds4,3,305.25,1,1,test,18.42072405177498,189.21734870805864,0.1265460827490534,0.003470788793031736,207.63807275983362,1.0,1
ds4,3,305.75,1,1,test,17.95214147957547,191.70823164985586,1.032556598540369,0.006307686331577311,209.66037312943132,1.0,1
ds4,3,306.25,1,1,test,17.906773579888075,190.43020422963968,0.23075814614501497,0.00422858027482314,208.33697780952775,1.0,1
ds4,3,306.75,1,1,test,18.30377952481991,184.0085694218504,0.4063460654326879,0.006293020433411474,202.3123489466703,1.0,1
ds4,3,307.25,1,1,test,17.259524060817792,170.0902069895174,7.744213652893318,0.002839499066645479,187.3497310503352,1.0,1
ds4,3,307.75,1,1,test,16.703394071369395,159.86773989025852,0.354874842302574,0.004374410330066306,176.5711339616279,1.0,1
ds4,3,308.25,1,1,test,15.976052930349663,151.10478336636524,0.0752908016310592,0.0056098478506644645,167.0808362967149,1.0,1
ds4,3,308.75,1,1,test,15.499947470829394,146.72370101889,0.31573316830714815,0.005736566598287482,162.2236484897194,1.0,1
ds4,3,309.25,1,1,test,19.50625425775162,182.23622584483974,1.3464256540918527,0.003822982978631786,201.74248010259134,1.0,1
ds4,3,309.75,1,1,test,16.60311945154889,150.5408836087761,0.7756068428569796,0.004676574348588248,167.144003060325,1.0,1
ds4,3,310.25,1,1,test,30.507690173163713,168.17603505149614,87.79202165845291,0.001374060119283641,198.68372522465987,1.0,1
ds4,3,310.75,1,1,test,26.006676516718713,168.93340152420842,0.2792708881215862,0.0019840082900183485,194.94007804092712,1.0,1
ds4,3,311.25,1,1,test,24.193692213198478,142.66728365589512,1.7196429379988538,0.005981954375319556,166.8609758690936,1.0,1
ds4,3,311.75,1,1,test,21.7715246886578,152.0059031704701,0.3430609698110093,0.005841557626717711,173.7774278591279,1.0,1
ds4,3,312.25,1,1,test,19.815335952485814,172.47145310653116,1.3571090488200264,0.004776047200611381,192.28678905901697,1.0,1
ds4,3,312.75,1,1,test,20.150888196530616,138.64125241887217,2.7671343614806747,0.006866275271332421,158.7921406154028,1.0,1
ds4,3,313.25,1,1,test,17.445288964062176,148.84088846802226,0.38576695503887365,0.007904652828015201,166.28617743208443,1.0,1
ds4,3,313.75,1,1,test,15.411076640314121,162.13912978903053,0.07681425025229621,0.0068253904423383705,177.55020642934466,1.0,1
ds4,3,314.25,1,1,test,24.58364788262495,162.81475394346882,0.1197866442065045,0.005197986740733188,187.39840182609376,1.0,1
ds4,3,314.75,1,1,test,11.914333302615661,154.5087401111984,2.126009561136425,0.003355688171819366,166.42307341381405,1.0,1
ds4,3,315.25,1,1,test,12.447230452985533,164.95309190219027,0.48662438557051646,0.0019490361822168307,177.4003223551758,1.0,1
ds4,3,315.75,1,1,test,11.662403226545424,148.5308569858968,0.1153690516455861,0.007632848201839759,160.19326021244223,1.0,1
ds4,3,316.25,1,1,test,10.92189640795807,160.2473025369139,0.790898376291492,0.004440315067510741,171.16919894487197,1.0,1
ds4,3,316.75,1,1,test,10.987608535292106,164.86889889852867,0.7776370655807694,0.002698967823538545,175.85650743382078,1.0,1
ds4,3,317.25,1,1,test,9.913634795514803,172.90314998568988,0.08713726253934682,0.005398215242972329,182.8167847812047,1.0,1
ds4,3,317.75,1,1,test,9.50892558831335,184.90912715880873,0.08275480443509482,0.005564481118904364,194.4180527471221,1.0,1
ds4,3,318.25,1,1,test,10.829616916098795,197.6320858448261,0.29637694039328505,0.007278635322688144,208.46170276092488,1.0,1
ds4,3,318.75,1,1,test,11.109214288684889,190.0751137750597,0.5562286553042433,0.0072799464408968145,201.18432806374457,1.0,1
ds4,3,319.25,1,1,test,8.782034145203264,204.3585338729631,0.4507958360336973,0.007176613519839761,213.14056801816636,1.0,1
ds4,3,319.75,1,1,test,9.842471065622192,205.03668721541158,0.7336527531438735,0.006511403002888452,214.87915828103377,1.0,1
ds4,3,320.25,1,1,test,7.5897942148156545,219.88048984698509,0.42362054529691534,0.004686950685322014,227.47028406180073,1.0,1
ds4,3,320.75,1,1,test,7.2462264473109474,225.24093222798314,0.17000817568787396,0.004562644081104079,232.4871586752941,1.0,1
ds4,3,321.25,1,1,test,6.294553180319757,215.16539155390285,0.5671755519037867,0.006724142884772905,221.4599447342226,1.0,1
ds4,3,321.75,1,1,test,5.784393373606823,223.37155919642564,0.18127598979017553,0.00525705990170239,229.15595257003247,1.0,1
ds4,3,322.25,1,1,test,8.059614099931224,223.80769674964867,0.637466276074941,0.005049988793572709,231.8673108495799,1.0,1
ds4,3,322.75,1,1,test,7.250827724491598,254.55178139598019,0.49294981207533517,0.004080329963985336,261.8026091204718,1.0,1
ds4,3,323.25,1,1,test,7.3675414492072635,216.9320218522344,0.7510298195783576,0.0061547004621185794,224.29956330144168,1.0,1
ds4,3,323.75,1,1,test,9.131411019977474,234.26325407596494,0.3210573784119382,0.0036406060819597717,243.3946650959424,1.0,1
ds4,3,324.25,1,1,test,8.709385302881625,232.06499544378437,0.4097078076419295,0.005294964590775379,240.774380746666,1.0,1
ds4,3,324.75,1,1,test,7.3051061579315055,287.05712052786123,0.3898746736159022,0.007229303095130034,294.36222668579273,1.0,1
ds4,3,325.25,1,1,test,6.853794333235453,258.6336289871468,0.3614825890473689,0.006327793655628904,265.4874233203822,1.0,1
ds4,3,325.75,1,1,test,6.027118278286817,263.55239856141685,0.3460817274576541,0.005303958753800248,269.5795168397037,1.0,1
ds4,3,326.25,1,1,test,5.846246211011572,301.69983980672333,0.4496544220767818,0.0024838721404794074,307.5460860177349,1.0,1
ds4,3,326.75,1,1,test,6.4386433207324645,293.07762459638724,0.5115082625154164,0.00614050105607994,299.5162679171197,1.0,1
ds4,3,327.25,1,1,test,4.295798415453586,276.2377116012978,0.41822629439659187,0.00734039325136534,280.5335100167514,1.0,1
ds4,3,327.75,1,1,test,3.652705943526053,295.97701797917813,0.46666904001411214,0.007016247833766246,299.62972392270416,1.0,1
ds4,3,328.25,1,1,test,4.480627208953348,308.11937323086215,1.9347294170834535,0.008671713325554237,312.6000004398155,1.0,1
ds4,3,328.75,1,1,test,3.617691852387133,309.61359531156074,0.6362436497573885,0.005087569360262964,313.23128716394785,1.0,1
ds4,3,329.25,1,1,test,4.125301772352904,286.965493734485,0.30208974337999367,0.004127042806430038,291.0907955068379,1.0,1
ds4,3,329.75,1,1,test,4.636182244388684,287.7473416008545,0.6170916657155063,0.005694298211395245,292.3835238452432,1.0,1
ds4,3,330.25,1,1,test,5.461554936602345,276.4745912766387,0.7142510505373736,0.009923199424091627,281.93614621324105,1.0,1
ds4,3,330.75,1,1,test,6.3002306211844825,329.2112512336265,0.2719617835622472,0.005884703015152202,335.511481854811,1.0,1
ds4,3,331.25,1,1,test,5.867141893170344,308.59556175890697,0.32034084981583066,0.005290390261362891,314.4627036520773,1.0,1
ds4,3,331.75,1,1,test,6.43687171512418,249.70136365770568,0.9314922769657425,0.004612353675207735,256.13823537282985,1.0,1
ds4,3,332.25,1,1,test,5.618094025686649,242.78902479692934,0.6455540980811676,0.004217779372587039,248.40711882261598,1.0,1
ds4,3,332.75,1,1,test,4.480093503502351,244.25260370306563,0.3935589544847083,0.00843492189094736,248.732697206568,1.0,1
ds4,3,333.25,1,1,test,5.050536934162104,268.72972438690766,2.2123994913659937,0.00422413014705974,273.78026132106976,1.0,1
ds4,3,333.75,1,1,test,5.951320241239897,280.31609099848305,0.29573465471896293,0.0030670899610455416,286.26741123972295,1.0,1
ds4,3,334.25,1,1,test,4.986779339820578,278.70898907469694,0.6549937819484734,0.006961330051759732,283.69576841451754,1.0,1
ds4,3,334.75,1,1,test,4.761062627407172,278.06872560193705,0.5745135966729836,0.008265978427989039,282.8297882293442,1.0,1
ds4,3,335.25,1,1,test,4.213837952033453,274.51243604226806,1.0446802803352653,0.00995389769721575,278.7262739943015,1.0,1
ds4,3,335.75,1,1,test,3.692941518071619,287.4247749416528,0.5970530743087202,0.003842147071068928,291.1177164597244,1.0,1
ds4,3,336.25,1,1,test,6.631100817347707,301.71468828932143,0.5279511518125152,0.003275479411980921,308.34578910666914,1.0,1
ds4,3,336.75,1,1,test,5.5585087660182975,282.74664621503723,0.43889733364119643,0.011136129828600419,288.3051549810555,1.0,1
ds4,3,337.25,1,1,test,6.6578094823395055,317.5459542298234,0.2690222863630124,0.006775219871031321,324.2037637121629,1.0,1
ds4,3,337.75,1,1,test,5.240607731386187,280.5659241733897,0.4792735698317609,0.00401972777494962,285.8065319047759,1.0,1
ds4,3,338.25,1,1,test,5.9938900358063,306.00552611948706,0.4259897762883478,0.006057826846560562,311.9994161552934,1.0,1
ds4,3,338.75,1,1,test,5.838839267881177,341.98290822407637,4.365996072967676,0.00500696429317948,347.8217474919575,1.0,1
ds4,3,339.25,1,1,test,10.265474346020179,289.1842929351978,1.4224929006088514,0.006468569538752706,299.449767281218,1.0,1
ds4,3,339.75,1,1,test,4.4629648463980685,277.77599312170304,0.2010813768557237,0.004272126800058109,282.2389579681011,1.0,1
ds4,3,340.25,1,1,test,10.50640284310884,285.58562022846235,0.35557283735110257,0.004968859957598035,296.0920230715712,1.0,1
ds4,3,340.75,1,1,test,6.335438125254017,328.3685752186233,0.37220655476552056,0.0046333475582287995,334.7040133438773,1.0,1
ds4,3,341.25,1,1,test,6.059797091455353,305.8231888213131,2.494024882481485,0.003917807131980246,311.8829859127685,1.0,1
ds4,3,341.75,1,1,test,6.2795203801243895,315.15319985143816,0.8220741463892769,0.002397132749373985,321.43272023156254,1.0,1
ds4,3,342.25,1,1,test,7.174761869504458,317.313457232402,0.5997964982373293,0.004814994760981806,324.48821910190645,1.0,1
ds4,3,342.75,1,1,test,8.970747612299347,322.5324321780635,0.27353600640063663,0.004455454706448277,331.5031797903629,1.0,1
ds4,3,343.25,1,1,test,7.559396749627833,356.43858196751745,0.2988568760107428,0.0052186810569737115,363.99797871714526,1.0,1
ds4,3,343.75,1,1,test,6.677380613219316,325.7933633120813,0.3286720459677452,0.004732966719690972,332.4707439253006,1.0,1
ds4,3,344.25,1,1,test,7.789690884887694,346.90114174325373,0.4467192274646213,0.006634790952570066,354.69083262814144,1.0,1
ds4,3,344.75,1,1,test,5.8910972951112495,330.8911005401089,0.36044433154893923,0.005136353234183668,336.78219783522013,1.0,1
ds4,3,345.25,1,1,test,7.125226324270425,323.58736652146047,0.5195553155329589,0.007481199910982463,330.7125928457309,1.0,1
ds4,3,345.75,1,1,test,5.640244787310384,312.014908721134,0.3612608074889091,0.011818208194177402,317.6551535084444,1.0,1
ds4,3,346.25,1,1,test,7.8132422564536315,308.2384364995314,0.3410383412509531,0.005338139808351593,316.05167875598505,1.0,1
ds4,3,346.75,1,1,test,8.173286229237831,333.42918787846656,0.6798557182287759,0.0029062113325635224,341.6024741077044,1.0,1
ds4,3,347.25,1,1,test,6.725336503938891,298.6275225425247,0.4650616771701021,0.0053375660276084,305.35285904646355,1.0,1
ds4,3,347.75,1,1,test,5.9308321103621795,310.90954500490386,0.8506412712494561,0.006365532670211752,316.84037711526605,1.0,1
ds4,3,348.25,1,1,test,5.84131000929065,293.31809736507574,0.677251261398835,0.007821131458947627,299.15940737436637,1.0,1
ds4,3,348.75,1,1,test,8.696736492966126,369.7843806719516,0.3936979885077547,0.006978090606830563,378.48111716491775,1.0,1
ds4,3,349.25,1,1,test,4.590012963489705,337.0200778517694,0.35931722152719464,0.0054183172481349845,341.61009081525907,1.0,1
ds4,3,349.75,1,1,test,5.571303156496007,368.69549699386926,0.45884599494136447,0.008012182547231713,374.26680015036527,1.0,1
ds4,3,350.25,1,1,test,5.3388788393815,325.58753801549744,0.9210320056272413,0.009962850875027221,330.92641685487894,1.0,1
ds4,3,350.75,1,1,test,5.984393838572658,313.9327236546602,4.689226557411802,0.0039040638181368835,319.91711749323287,1.0,1
ds4,3,351.25,1,1,test,5.229489659615277,354.17846536053275,1.293224336000372,0.005516957416390886,359.40795502014805,1.0,1
ds4,3,351.75,1,1,test,6.5882925257876925,345.800197577773,1.0369827985425195,0.005128887883114375,352.3884901035607,1.0,1
ds4,3,352.25,1,1,test,4.915704330689545,341.90822369594366,0.347297906169073,0.006717526345306152,346.8239280266332,1.0,1
ds4,3,352.75,1,1,test,5.156284011070325,393.22418747179836,0.6602875244315888,0.004010919818447568,398.3804714828687,1.0,1
ds4,3,353.25,1,1,test,5.74851553328196,414.5953581862173,1.1184001716857406,0.003465942122431331,420.34387371949924,1.0,1
ds4,3,353.75,1,1,test,5.328521100908464,368.5273966731531,0.9641629448579773,0.006318370736550327,373.85591777406154,1.0,1
ds4,3,354.25,1,1,test,5.781247063819095,381.0117148638807,0.2759172194387661,0.005996659608600799,386.79296192769976,1.0,1
ds4,3,354.75,1,1,test,6.155669757518483,348.7076223719823,0.1300825357929639,0.0030586333353350248,354.8632921295008,1.0,1
ds4,3,355.25,1,1,test,5.946674361296366,355.33173119312454,0.7823379360382327,0.004860887880067227,361.2784055544209,1.0,1
ds4,3,355.75,1,1,test,5.474616532233095,379.2990954027285,0.4562849938529704,0.004430914300820945,384.77371193496157,1.0,1
ds4,3,356.25,1,1,test,10.574203325840097,390.64468465938785,0.3578046418863204,0.0069028818250733825,401.2188879852279,1.0,1
ds4,3,356.75,1,1,test,4.775697921814502,369.60486361202203,0.543587601490593,0.007473756585007249,374.38056153383656,1.0,1
ds4,3,357.25,1,1,test,3.372509317018717,371.26011655571614,0.8823785217690227,0.005410323443299929,374.6326258727349,1.0,1
ds4,3,357.75,1,1,test,3.093027722927773,378.0322090201255,0.19700659955300956,0.0072818524970800595,381.1252367430533,1.0,1
ds4,3,358.25,1,1,test,4.717633041468342,370.7962490328285,0.3063153837676519,0.006242831968491977,375.5138820742968,1.0,1
ds4,3,358.75,1,1,test,3.4706248027098563,372.61277686660605,0.20311978261765032,0.007977963645863345,376.0834016693159,1.0,1
ds4,3,359.25,1,1,test,3.559746759824767,402.05254582519746,0.14710563590351627,0.004422698992844342,405.6122925850222,1.0,1
ds4,3,359.75,1,1,test,4.082882481601661,371.98435811929943,0.2564819594469742,0.00468390273729637,376.0672406009011,1.0,1
ds4,3,360.25,1,1,test,7.3282334465291745,359.97897735961374,1.4395859404766136,0.004597016650427619,367.3072108061429,1.0,1
ds4,3,360.75,1,1,test,3.4181306727353715,378.6460455843005,0.6386672414344662,0.0033764449684765704,382.06417625703585,1.0,1
ds4,3,361.25,1,1,test,2.79715598354178,361.9630809238471,0.36717103930567985,0.011241547066629692,364.76023690738884,1.0,1
ds4,3,361.75,1,1,test,3.348624792880077,367.3282775403892,0.373564792602645,0.008025117630170286,370.67690233326925,1.0,1
ds4,3,362.25,1,1,test,13.191320263799199,401.3515020665958,0.23296692711724895,0.007162923250924267,414.542822330395,1.0,1
ds4,3,362.75,1,1,test,2.923358347642362,355.9041127449651,0.20533485147029976,0.006268666307730149,358.8274710926075,1.0,1
ds4,3,363.25,1,1,test,2.5299123656807563,373.50220972069326,0.5290568118643496,0.004594321191818059,376.032122086374,1.0,1
ds4,3,363.75,1,1,test,5.86636836988073,352.3400793223655,0.28541394126410663,0.006385400839223562,358.20644769224623,1.0,1
ds4,3,364.25,1,1,test,3.4524927319949708,415.4012779808496,0.5519957360595755,0.0068278062680166,418.8537707128446,1.0,1
ds4,3,364.75,1,1,test,3.2520712562707854,395.6750102240828,0.28483237103016695,0.0043202411796108165,398.9270814803536,1.0,1
ds4,3,365.25,1,1,test,3.88476112633553,377.45697489329393,0.31031285159231486,0.006456818031734484,381.3417360196295,1.0,1
ds4,3,365.75,1,1,test,3.4275913339341355,372.25316793572375,0.29669722078323724,0.007942394431847768,375.68075926965787,1.0,1
ds4,3,366.25,1,1,test,4.5320253212487485,377.44493645824195,0.4953134883519717,0.005967831805349919,381.9769617794907,1.0,1
ds4,3,366.75,1,1,test,3.172855013085684,404.09441752525345,0.817420072063918,1.7821063758343048e-05,407.2672725383391,1.0,1
ds4,3,367.25,1,1,test,13.314913782788578,417.2245236072562,4.390652411332535,0.0010128328444714391,430.5394373900447,1.0,1
ds4,3,367.75,1,1,test,8.920190664372187,388.973551898672,1.0658054100685028,0.003014589403801306,397.89374256304416,1.0,1
ds4,3,368.25,1,1,test,5.942320061955817,397.9600241465382,0.5738929377161552,0.007134360678093947,403.902344208494,1.0,1
ds4,3,368.75,1,1,test,7.281457243225689,411.036735514472,0.4701278091049402,0.003922689129954274,418.3181927576977,1.0,1
ds4,3,369.25,1,1,test,6.474180553090207,388.30284151462257,0.803336285721814,0.006205677295191738,394.7770220677128,1.0,1
ds4,3,369.75,1,1,test,6.748256589187066,417.016860786099,0.5550842196221092,0.004033329435542207,423.7651173752861,1.0,1
ds4,3,370.25,1,1,test,6.384449215523889,394.61844890898925,0.5197331022346315,0.002483334449928696,401.00289812451314,1.0,1
ds4,3,370.75,1,1,test,7.3263730783115015,364.38015104761007,0.9935148352311197,0.008597485734437834,371.7065241259216,1.0,1
ds4,3,371.25,1,1,test,5.851097708981948,412.712538690167,0.8000255816568791,0.0037961329283633287,418.56363639914895,1.0,1
ds4,3,371.75,1,1,test,5.803608122213845,380.546223715136,1.0398504077875983,0.007036656851855011,386.3498318373499,1.0,1
ds4,3,372.25,1,1,test,6.189496126151322,415.0917213714677,1.3399763209483369,0.006440543468809108,421.281217497619,1.0,1
ds4,3,372.75,1,1,test,5.982833560280576,455.50527990240147,8.75859373985542,0.008250484074582695,461.48811346268207,1.0,1
ds4,3,373.25,1,1,test,4.426082187242351,459.4904809742186,0.42745804993575204,0.004102227043310559,463.91656316146094,1.0,1
ds4,3,373.75,1,1,test,9.142907987378145,517.0989586996641,0.41611997544868085,0.0070625770750970835,526.2418666870423,1.0,1
ds4,3,374.25,1,1,test,5.675889693500297,447.8861416561169,0.3841974902045508,0.010159816518524012,453.5620313496172,1.0,1
ds4,3,374.75,1,1,test,5.672842802213954,415.60408361786244,1.5775788070504357,0.0019531587894229653,421.2769264200764,1.0,1
ds4,3,375.25,1,1,test,5.541498112372268,498.76839830270876,1.3347120198251161,0.005513928840612797,504.309896415081,1.0,1
ds4,3,375.75,1,1,test,6.356789852402273,416.80082267552336,0.5822062524085433,0.007346119995969008,423.15761252792566,1.0,1
ds4,3,376.25,1,1,test,7.272017028575081,441.82400798826956,0.26073998135364884,0.00641710041465335,449.09602501684464,1.0,1
ds4,3,376.75,1,1,test,7.488986414241959,463.9140302130734,0.6590700705707265,0.00531641971554831,471.4030166273153,1.0,1
ds4,3,377.25,1,1,test,7.04992935513617,468.9255819840516,0.43233587172572974,0.004939421463292061,475.97551133918773,1.0,1
ds4,3,377.75,1,1,test,21.343461593271527,462.0764984324085,9.793528384073257,0.0052766005165372975,483.41996002568004,1.0,1
ds4,3,378.25,1,1,test,30.90478168227704,444.35917383238166,0.41760829810644123,0.01955206619144532,475.2639555146587,1.0,1
ds4,3,378.75,1,1,test,12.093713279390842,432.65370861089957,0.309169220906228,0.0060373564786076915,444.7474218902904,1.0,1
ds4,3,379.25,1,1,test,11.133088266376673,397.57959235549976,0.240219061574919,0.008701678006278206,408.7126806218764,1.0,1
ds4,3,379.75,1,1,test,12.614182519660064,431.673789473884,0.3639750520081443,0.004631931561608755,444.2879719935441,1.0,1
ds4,3,380.25,1,1,test,12.653995858262347,481.0431989981546,0.6637300424982675,0.0058937835189899505,493.69719485641696,1.0,1
ds4,3,380.75,1,1,test,13.484267212370707,500.87799535122645,19.15456831557479,0.003213038975009034,514.3622625635971,1.0,1
ds4,3,381.25,1,1,test,13.198346912210576,519.4195492037475,0.27982389932082813,0.008496523858335036,532.617896115958,1.0,1
ds4,3,381.75,1,1,test,14.558464996043721,492.00652904564515,0.17073220465951724,0.003748338417684804,506.56499404168886,1.0,1
ds4,3,382.25,1,1,test,14.515599313595715,489.7703493933665,0.2105416281959411,0.004321362292217393,504.2859487069622,1.0,1
ds4,3,382.75,1,1,test,13.132109919774894,487.77013332248185,0.20710002644989914,0.009839695061771014,500.90224324225676,1.0,1
ds4,3,383.25,1,1,test,12.556193228591603,540.4915389905758,0.37090407753983584,0.009276532890676294,553.0477322191674,1.0,1
ds4,3,383.75,1,1,test,11.643916746764717,457.15646699988764,0.2080254269413012,0.007498756486186301,468.80038374665236,1.0,1
ds4,3,384.25,1,1,test,17.728062605925786,438.6876192673487,0.5953592520659122,0.005048894601387506,456.4156818732745,1.0,1
ds4,3,384.75,1,1,test,16.448231280097687,444.0521749218969,1.1098437185726868,0.005910406679872885,460.50040620199456,1.0,1
ds4,3,385.25,1,1,test,8.082777116272583,426.0540321148321,0.5253103830495677,0.003981972768669569,434.13680923110473,1.0,1
ds4,3,385.75,1,1,test,7.927446761027069,465.3905348161777,0.5747907639977743,0.005439354264660186,473.31798157720476,1.0,1
ds4,3,386.25,1,1,test,7.775475289960842,440.346432232975,0.36047665535903617,0.005337136644613761,448.1219075229359,1.0,1
ds4,3,386.75,1,1,test,8.588126329821506,509.7703729138658,0.413301480093782,0.0051657858133147124,518.3584992436873,1.0,1
ds4,3,387.25,1,1,test,8.083569489352012,506.09147125961334,0.3447795718435075,0.00536614398498725,514.1750407489653,1.0,1
ds4,3,387.75,1,1,test,8.466370219614468,453.9850046144351,0.24973899121601803,0.008173598220515462,462.4513748340496,1.0,1
ds4,3,388.25,1,1,test,13.311838086879506,474.26581666590795,0.3177747858148024,0.006329189460912046,487.57765475278745,1.0,1
ds4,3,388.75,1,1,test,5.655727117997742,475.8410954518519,0.3717561071551521,0.006876803925041798,481.49682256984966,1.0,1
ds4,3,389.25,1,1,test,6.272560104046358,501.37812606231836,1.1516686401472611,0.004251887894536184,507.6506861663647,1.0,1
ds4,3,389.75,1,1,test,7.223845665753036,528.3799797775537,0.8298951080745729,0.0027569603432986162,535.6038254433067,1.0,1
ds4,3,390.25,1,1,test,5.415572088564082,525.3104092986966,0.387225302266241,0.005245171935627847,530.7259813872607,1.0,1
ds4,3,390.75,1,1,test,6.325016411466167,551.0235351088514,0.5392223756139984,0.007343233495631356,557.3485515203176,1.0,1
ds4,3,391.25,1,1,test,5.074852733127361,505.74105613662095,0.9430386587243429,0.006080634785465605,510.81590886974834,1.0,1
ds4,3,391.75,1,1,test,5.454439631180545,519.3581157410027,0.4139524665141997,0.003222546686863533,524.8125553721833,1.0,1
ds4,3,392.25,1,1,test,6.420454798025503,479.2625669931172,0.7239900466441729,0.006883340935221996,485.6830217911427,1.0,1
ds4,3,392.75,1,1,test,10.732716679335622,459.0061471691537,0.6291884272278363,0.007545204405720946,469.7388638484893,1.0,1
ds4,3,393.25,1,1,test,7.2050482563780776,484.3993249600359,0.2134403820161411,0.005141204617697646,491.604373216414,1.0,1
ds4,3,393.75,1,1,test,6.947306222640827,436.24893641448904,0.29596793009429145,0.010726545469752194,443.19624263712984,1.0,1
ds4,3,394.25,1,1,test,7.464337334555782,485.4553749012736,0.36704905898669465,0.003723138300594334,492.9197122358294,1.0,1
ds4,3,394.75,1,1,test,7.820270343558696,510.31511131706986,1.9852635034181019,0.006742997992080338,518.1353816606286,1.0,1
ds4,3,395.25,1,1,test,11.24174077546177,492.2041579333124,0.3142376171657932,0.0014823225145161152,503.44589870877417,1.0,1
ds4,3,395.75,1,1,test,8.65785882797307,448.31475444690494,0.3753071201768415,0.0015461501302637551,456.97261327487803,1.0,1
ds4,3,396.25,1,1,test,10.463133640727433,431.3081355158792,0.9768132490340479,0.007070414396164056,441.77126915660665,1.0,1
ds4,3,396.75,1,1,test,9.376354006064172,491.7407103171065,0.3527039696277745,0.0058243461296391755,501.11706432317067,1.0,1
ds4,3,397.25,1,1,test,9.859838339188851,496.25229106282586,0.3192897311702498,0.007587451314419572,506.1121294020147,1.0,1
ds4,3,397.75,1,1,test,12.294030093526986,448.1863417354872,0.34667259837232595,0.007861740676059523,460.4803718290142,1.0,1
ds4,3,398.25,1,1,test,6.8826470871501035,478.6679301003028,0.281840449511837,0.005059674490823595,485.55057718745286,1.0,1
ds4,3,398.75,1,1,test,6.8157884995026885,535.9595176865218,0.31421238019761066,0.004356247291905186,542.7753061860245,1.0,1
ds4,3,399.25,1,1,test,6.46211702696866,541.0712581175118,0.48364080333795834,0.0050114381665009936,547.5333751444805,1.0,1
ds4,3,399.75,1,1,test,7.401280940583403,529.5461864179352,0.7733269779414694,0.004681303279792886,536.9474673585187,1.0,1
ds4,3,400.25,1,1,test,8.178738481785581,494.3721650280802,0.3467439286627324,0.005388697028893498,502.55090350986575,1.0,1
ds4,3,400.75,1,1,test,4.268781361515611,510.4148716184444,0.40296477435777817,0.010196021442351114,514.68365297996,1.0,1
ds4,3,401.25,1,1,test,15.417266020863018,543.6843805567398,4.9972217861026085,0.0032356635632222216,559.1016465776029,1.0,1
ds4,3,401.75,1,1,test,6.91780640335899,536.6909773546824,0.4558215448464384,0.005998328866025522,543.6087837580415,1.0,1
ds4,3,402.25,1,1,test,6.208554436984868,566.3746545665238,0.41291576993838697,0.005393246613898897,572.5832090035086,1.0,1
ds4,3,402.75,1,1,test,5.759768640196586,580.6197921617855,0.24584983798468915,0.0062341188271044555,586.3795608019822,1.0,1
ds4,3,403.25,1,1,test,5.362200435725687,535.888762214068,1.2075901796778052,0.005990586233275183,541.2509626497937,1.0,1
ds4,3,403.75,1,1,test,4.320268595151318,542.1730339776337,0.6867324622533679,0.005666170291808073,546.4933025727851,1.0,1
ds4,3,404.25,1,1,test,6.681422072893725,534.0324779546802,12.732523313668212,0.007719467985002389,540.7139000275739,1.0,1
ds4,3,404.75,1,1,test,5.042394798745818,479.30301126320063,0.9424895391654047,0.0073650892441074,484.34540606194645,1.0,1
ds4,3,405.25,1,1,test,5.737186061854705,606.0273889219006,0.3948935795052173,0.007113765259897521,611.7645749837553,1.0,1
ds4,3,405.75,1,1,test,6.463268304158599,531.8998845214987,0.31508435558379133,0.003458515948254829,538.3631528256574,1.0,1
ds4,3,406.25,1,1,test,7.812963129404112,547.8060203777354,0.19267739406166656,0.0028250220567970882,555.6189835071395,1.0,1
ds4,3,406.75,1,1,test,8.139811392041604,449.5061251578778,0.6093360687870116,0.007369407741260129,457.64593654991944,1.0,1
ds4,3,407.25,1,1,test,8.927691956293923,479.5138289262896,3.200593467888122,0.004320524349843217,488.4415208825835,1.0,1
ds4,3,407.75,1,1,test,12.221451270185295,601.1969032961705,2.4875231059536884,0.004989533367750796,613.4183545663558,1.0,1
ds4,3,408.25,1,1,test,10.100884243567675,549.3216565749947,0.6725601969015986,0.007035146642798911,559.4225408185623,1.0,1
ds4,3,408.75,1,1,test,9.563240390185321,597.2650911939094,0.31192693948543765,0.004165724342081824,606.8283315840947,1.0,1
ds4,3,409.25,1,1,test,10.124657802095967,573.4957724445206,1.1360188385046472,0.006630072286494461,583.6204302466166,1.0,1
ds4,3,409.75,1,1,test,10.249828581255318,535.5504150484104,0.5121664459718266,0.0049525387990869835,545.8002436296657,1.0,1
ds4,3,410.25,1,1,test,11.582138152089316,580.6038682242048,0.3546268269747792,0.004585852721006973,592.1860063762941,1.0,1
ds4,3,410.75,1,1,test,11.579892997969154,575.4379397021241,1.167691800294263,0.004726082845996164,587.0178327000933,1.0,1
ds4,3,411.25,1,1,test,12.32546101702782,568.2117709401504,0.5671777612358401,0.00290977187902151,580.5372319571782,1.0,1
ds4,3,411.75,1,1,test,12.914472897102062,548.9545581281184,0.2424329574995593,0.003677857276461699,561.8690310252205,1.0,1
ds4,3,412.25,1,1,test,12.622216590766024,558.1402311444137,0.38961884657064155,0.004552578873398894,570.7624477351798,1.0,1
ds4,3,412.75,1,1,test,11.170635507158043,553.15354272608,0.40720794466541826,0.0026415622597309816,564.3241782332381,1.0,1
ds4,3,413.25,1,1,test,10.898124035277007,558.7087082775307,0.7102809935921078,0.005195260431381056,569.6068323128077,1.0,1
ds4,3,413.75,1,1,test,10.658987264243374,549.5871566073357,0.6263657813878559,0.006864496531645607,560.2461438715791,1.0,1
ds4,3,414.25,1,1,test,10.606694018114526,527.6729649097364,0.6450611199946218,0.004970186459780632,538.279658927851,1.0,1
ds4,3,414.75,1,1,test,9.250432253117728,561.8416238669791,0.31827203304482654,0.003817857158499645,571.0920561200969,1.0,1
ds4,3,415.25,1,1,test,9.377942781487821,569.2748453154107,0.5767957041840178,0.00540455350387674,578.6527880968986,1.0,1
ds4,3,415.75,1,1,test,10.918255890448261,586.6242681270809,0.48454986292273383,0.0033187532357561605,597.5425240175291,1.0,1
ds4,3,416.25,1,1,test,9.820972328236506,637.3963819888901,1.335697053684348,0.00467309602362085,647.2173543171266,1.0,1
ds4,3,416.75,1,1,test,8.522740153397601,651.5493136665731,1.0009180177660004,0.005769340814199737,660.0720538199707,1.0,1
ds4,3,417.25,1,1,test,8.821550529382778,613.9309382228946,0.3956909966384343,0.007823407887643992,622.7524887522774,1.0,1
ds4,3,417.75,1,1,test,6.846556143738621,558.5253754441942,0.3985676140636638,0.0029285568083233563,565.3719315879329,1.0,1
ds4,3,418.25,1,1,test,7.715603779908012,552.1715726029587,1.41662691336521,0.002224508302264742,559.8871763828668,1.0,1
ds4,3,418.75,1,1,test,6.69214665072081,523.8256298205637,0.4687379155834335,0.004333341253096571,530.5177764712845,1.0,1
ds4,3,419.25,1,1,test,6.57116281879354,514.6737335342303,0.5633673651477166,0.008250895710376346,521.2448963530239,1.0,1
ds4,3,419.75,1,1,test,9.987506154240545,561.165870231171,4.89146514020573,0.002324125629199177,571.1533763854115,1.0,1
ds4,3,420.25,1,1,test,11.362582786478628,510.58519180840733,0.8966970796062067,0.002112401351690205,521.9477745948859,1.0,1
ds4,3,420.75,1,1,test,10.187005209018519,601.7090184611725,0.8909367837043797,0.00308470874066952,611.896023670191,1.0,1
ds4,3,421.25,1,1,test,10.665985149961859,553.015808046116,2.107875873923716,0.004804677696194887,563.6817931960779,1.0,1
ds4,3,421.75,1,1,test,10.231324787934861,587.1429821948143,0.490455897470468,0.005879725404616769,597.3743069827492,1.0,1
ds4,3,422.25,1,1,test,11.879531445465714,612.4004876528096,1.011393404836338,0.004591243744051903,624.2800190982753,1.0,1
ds4,3,422.75,1,1,test,10.924849581002595,603.1429945606772,0.26258647044033967,0.005192235262997886,614.0678441416798,1.0,1
ds4,3,423.25,1,1,test,10.289160026009503,577.713854867787,0.716739804214969,0.004943654435916925,588.0030148937965,1.0,1
ds4,3,423.75,1,1,test,12.301916317970887,568.2081687328231,0.2796528436526783,0.005853135154193434,580.5100850507939,1.0,1
ds4,3,424.25,1,1,test,7.508777971910018,615.980871804735,0.7962893867942258,0.00413182839723122,623.489649776645,1.0,1
ds4,3,424.75,1,1,test,8.171692518021317,631.8643677246795,0.3271377430930351,0.004357205750630437,640.0360602427008,1.0,1
ds4,3,425.25,1,1,test,6.5801054452445795,622.9429352109815,0.4223345261510821,0.013223572571967603,629.5230406562262,1.0,1
ds4,3,425.75,1,1,test,5.843310002447566,604.3959594673439,0.3503501453543885,0.008631133241174139,610.2392694697915,1.0,1
ds4,3,426.25,1,1,test,6.374887082740442,605.7910677223147,0.7983350033062132,0.008939956432077501,612.1659548050551,1.0,1
ds4,3,426.75,1,1,test,6.071918428422083,624.9300224498944,3.3163854437967557,0.005240332911945482,631.0019408783165,1.0,1
ds4,3,427.25,1,1,test,6.141611954409604,619.2545812784446,0.33434324887705696,0.004930627750051353,625.3961932328542,1.0,1
ds4,3,427.75,1,1,test,6.2579208018185035,622.9011304131906,0.5307893810636356,0.004016388660094876,629.1590512150091,1.0,1
ds4,3,428.25,1,1,test,5.234237008665362,609.3376614524633,0.2516075610375393,0.005649443795484837,614.5718984611286,1.0,1
ds4,3,428.75,1,1,test,4.4517488243068035,648.9614982088431,0.6182662069044692,0.008392119330458239,653.4132470331499,1.0,1
ds4,3,429.25,1,1,test,12.100932531962654,638.9225969022624,2.7607749324337933,0.006227957724017654,651.023529434225,1.0,1
ds4,3,429.75,1,1,test,6.855644068393617,669.5485049316414,0.2830416528251609,0.0042933441350743685,676.4041490000351,1.0,1
ds4,3,430.25,1,1,test,9.306538474914873,607.4874176820144,0.24070236932410735,0.007767522762954589,616.7939561569293,1.0,1
ds4,3,430.75,1,1,test,5.409445210649527,626.3199158119137,0.3480285582373672,0.004217862986869606,631.7293610225632,1.0,1
ds4,3,431.25,1,1,test,7.0343331903182476,597.8122959715035,0.4836891491283272,0.006299964188598291,604.8466291618217,1.0,1
ds4,3,431.75,1,1,test,5.616546262843725,596.7256761297244,1.0132334790809823,0.006227561267246495,602.3422223925681,1.0,1
ds4,3,432.25,1,1,test,9.749306236850412,607.2405549412671,3.5520565942802556,0.0025507750033877384,616.9898611781175,1.0,1
ds4,3,432.75,1,1,test,7.800231481614892,637.5227818667875,0.4098977802238943,0.008023728325690394,645.3230133484024,1.0,1
ds4,3,433.25,1,1,test,7.650767505895117,656.8511462554043,0.5240224625219261,0.0074594983755045625,664.5019137612994,1.0,1
ds4,3,433.75,1,1,test,9.429184246911358,605.6954773883723,0.33321586419821353,0.0032936324517336382,615.1246616352837,1.0,1
ds4,3,434.25,1,1,test,10.64236472669049,632.1301832437795,2.5002002624158974,0.004026393046595002,642.77254797047,1.0,1
ds4,3,434.75,1,1,test,9.80216620762291,623.270060718102,0.5276184589566162,0.00458101979045593,633.0722269257249,1.0,1
ds4,3,435.25,1,1,test,10.541419111186851,626.6828017923141,0.3105966864714694,0.004464894438542821,637.224220903501,1.0,1
ds4,3,435.75,1,1,test,10.304097765216405,637.5070830045644,0.701571559825137,0.005005626566964061,647.8111807697808,1.0,1
ds4,3,436.25,1,1,test,9.879905185365399,638.324199046523,8.00372985997529,0.002613113507805658,648.2041042318883,1.0,1
ds4,3,436.75,1,1,test,10.881403140035504,649.1798970436262,0.19095944343351967,0.003992049714515046,660.0613001836617,1.0,1
ds4,3,437.25,1,1,test,9.702668451674825,669.7765865270325,0.1927137868610828,0.0058277090291232085,679.4792549787073,1.0,1
ds4,3,437.75,1,1,test,9.504244178752373,645.8999380379743,0.19402290222844293,0.0031272206098719325,655.4041822167267,1.0,1
ds4,3,438.25,1,1,test,9.632409367155594,659.7212185926032,0.22476171304763454,0.003453767211684769,669.3536279597588,1.0,1
ds4,3,438.75,1,1,test,11.870784713309309,647.6225642190329,0.2507696648447103,0.006683243080563817,659.4933489323422,1.0,1
ds4,3,439.25,1,1,test,8.833856234309925,600.028158713957,0.22891910302658108,0.004873761158489944,608.862014948267,1.0,1
ds4,3,439.75,1,1,test,8.98299394717058,578.1701752122108,0.2432390823988144,0.0039999950935994295,587.1531691593814,1.0,1
ds4,3,440.25,1,1,test,7.542136121759536,566.7284626540242,0.3051088900937058,0.003202338679649758,574.2705987757837,1.0,1
ds4,3,440.75,1,1,test,7.412217939785582,558.9510319995105,0.6601607798844209,0.003753540168200581,566.3632499392961,1.0,1
ds4,3,441.25,1,1,test,6.48651545496283,581.4429978442339,0.6916790135513202,0.002081664733446349,587.9295132991967,1.0,1
ds4,3,441.75,1,1,test,6.299590708174829,601.0951015411807,0.32765503720021677,0.006794193590122381,607.3946922493556,1.0,1
ds4,3,442.25,1,1,test,5.525140962682999,562.6626721326519,0.34598983177017023,0.004533144673406257,568.187813095335,1.0,1
ds4,3,442.75,1,1,test,6.55200514968807,622.784603247017,0.787089516925801,0.006074822767291399,629.3366083967051,1.0,1
ds4,3,443.25,1,1,test,6.328111253805878,650.5990087954184,0.5545565461849895,0.010901068482683705,656.9271200492243,1.0,1
ds4,3,443.75,1,1,test,6.867556831896777,663.2724845918021,0.7746771380398189,0.0074105421714727214,670.1400414236989,1.0,1
ds4,3,444.25,1,1,test,6.2553635575804005,652.8262880336003,3.025800302057478,0.0038157464052878715,659.0816515911807,1.0,1
ds4,3,444.75,1,1,test,7.075309501287536,651.1051191293175,0.5657067949178821,0.0054108518996859945,658.180428630605,1.0,1
ds4,3,445.25,1,1,test,5.400881810649701,708.384932411,0.4602877334533585,0.006681775568488598,713.7858142216497,1.0,1
ds4,3,445.75,1,1,test,5.506502909943024,714.9946363014319,0.7168987711804001,0.007887093701119383,720.501139211375,1.0,1
ds4,3,446.25,1,1,test,6.776693753609734,630.3515942930451,0.49896117080213614,0.004238883972934762,637.1282880466548,1.0,1
ds4,3,446.75,1,1,test,5.016768650858148,650.5496888933995,19.732686634025455,0.009297193535131964,655.5664575442577,1.0,1
ds4,3,447.25,1,1,test,5.670914965062529,640.211422928196,0.40172232536853525,0.005681011272074135,645.8823378932585,1.0,1
ds4,3,447.75,1,1,test,3.9233472123307904,649.5090193424718,1.4802314606970512,0.007058965348908966,653.4323665548026,1.0,1
ds4,3,448.25,1,1,test,4.2242800568725904,647.9531890990661,0.7422362358322763,0.00616965566845392,652.1774691559386,1.0,1
ds4,3,448.75,1,1,test,5.340665688399922,617.3163538170867,0.7317046941996335,0.003342916404961321,622.6570195054866,1.0,1
ds4,3,449.25,1,1,test,4.791225589776066,643.6220586049192,0.3063285463770552,0.002289984445911194,648.4132841946953,1.0,1
ds4,3,449.75,1,1,test,5.7800322208404324,699.7534457972957,0.39840021259342,0.005934126821520996,705.5334780181362,1.0,1
ds4,3,450.25,1,1,test,6.489275821467185,659.6812547604231,0.5969088401008918,0.00618227218289939,666.1705305818904,1.0,1
ds4,3,450.75,1,1,test,7.583965949763306,700.5568906702672,0.3860080307769108,0.005872823792378793,708.1408566200305,1.0,1
ds4,3,451.25,1,1,test,7.163275998864444,633.3407871113169,0.352317029196002,0.005979417997810307,640.5040631101814,1.0,1
ds4,3,451.75,1,1,test,6.434993618116926,682.4291852412288,0.3219830038063413,0.0038559503045403265,688.8641788593457,1.0,1
ds4,3,452.25,1,1,test,5.261474392235968,684.9762373702887,0.34981067738317484,0.005769508257874201,690.2377117625247,1.0,1
ds4,3,452.75,1,1,test,6.357704999462571,686.9058473581667,0.36545158812450335,0.0077849977718863735,693.2635523576294,1.0,1
ds4,3,453.25,1,1,test,5.072621715089385,663.5790219281494,0.5705545884828757,0.006232422785986883,668.6516436432388,1.0,1
ds4,3,453.75,1,1,test,5.831009819606129,717.7921086741022,0.4048408787035218,0.005295243982885407,723.6231184937084,1.0,1
ds4,3,454.25,1,1,test,5.082677115429241,708.9004540566847,0.9827854694691532,0.005209942224775528,713.9831311721139,1.0,1
ds4,3,454.75,1,1,test,7.469985016992526,692.8673878560126,0.7209752074525724,0.005525380779293018,700.337372873005,1.0,1
ds4,3,455.25,1,1,test,5.3682108539946345,764.7609495599896,0.3443707187244549,0.008252869189463411,770.1291604139842,1.0,1
ds4,3,455.75,1,1,test,5.312946674209768,743.9943094334725,1.5168416918405563,0.00263861013297039,749.3072561076823,1.0,1
ds4,3,456.25,1,1,test,6.067827150010812,807.4003211664158,0.5318522626636679,0.003403055080874516,813.4681483164266,1.0,1
ds4,3,456.75,1,1,test,7.867418522522239,753.0042373639494,0.33779735859453097,0.007126718460023911,760.8716558864717,1.0,1
ds4,3,457.25,1,1,test,5.424695579727038,726.1304059392055,0.5362491682636793,0.005824774884293092,731.5551015189326,1.0,1
ds4,3,457.75,1,1,test,6.122389502067366,830.0499355669334,0.36233289734468793,0.005552203959036117,836.1723250690007,1.0,1
ds4,3,458.25,1,1,test,6.93619234086138,752.8237294983352,2.9765651800225683,0.00882938391693565,759.7599218391965,1.0,1
ds4,6,0.25,0,0,test,2425.9762108844343,8519.417983251094,20225174.182101183,4.531025066913513,10945.39419413553,1.0,1
ds4,6,0.75,0,0,test,11.985812248424917,8551.31735942711,7954250.289282322,0.03246690504672571,8563.303171675536,1.0,1
ds4,6,1.25,0,0,test,97.85655902651966,8644.688370414104,1137642.7266319424,0.0013170202895290916,8742.544929440623,1.0,1
ds4,6,1.75,0,0,test,48.82141184593651,8578.455887087172,110687.42151698351,0.0010116427394873083,8627.277298933108,1.0,1
ds4,6,2.25,0,0,test,113.77323989811286,8583.428949492338,97889.72330168505,0.004145467314520997,8697.202189390451,1.0,1
ds4,6,2.75,0,0,test,80.88294323003218,8624.35306840218,95252.90410080425,0.005647853168330097,8705.236011632212,1.0,1
ds4,6,3.25,0,0,test,42.235156534677884,8624.488995355221,145347.79518066498,0.005344826328932143,8666.724151889899,1.0,1
ds4,6,3.75,0,0,test,99.87878176544268,8618.115591179785,97286.5242702872,0.004215218458030248,8717.994372945228,1.0,1
ds4,6,4.25,0,0,test,98.46789102256398,8501.734238203742,89775.80048588257,0.004604751549086693,8600.202129226307,1.0,1
ds4,6,4.75,0,0,test,36.75516515741991,8577.148297083731,262236.1027780602,0.003256854307250386,8613.903462241151,1.0,1
ds4,6,5.25,0,0,test,25.882012130341568,8588.423550772219,138195.98085324134,0.0030372753482902177,8614.30556290256,1.0,1
ds4,6,5.75,0,0,test,25.919129485764355,8654.804537705868,84623.31324450031,0.003944517016879724,8680.723667191633,1.0,1
ds4,6,6.25,0,0,test,37.76923522335306,8362.834785721618,1305006.7919927898,5.4226115887647,8400.604020944971,1.0,1
ds4,6,6.75,0,0,test,40.84308469326295,0.445226466431137,42251.304769231654,1.972739708737196e-05,41.28831115969409,0.9999999179507812,0
ds4,6,7.25,0,0,test,34.93384759187994,0.25215662441938447,64274.82714456689,0.0029639852496431427,35.186004216299324,0.9999986186382237,0
ds4,6,7.75,0,0,test,46.17073952270606,1.1459361333429023,33055.62547108135,0.0034074721101235352,47.31667565604896,0.9999999951034714,0
ds4,6,8.25,0,0,test,28.771488637579452,0.33464010654977716,27695.06104037796,0.005062925896552024,29.10612874412923,0.9999778979836084,0
ds4,6,8.75,0,0,test,44.11610041794512,0.5516489131080776,22318.64242623584,0.005874394073870225,44.667749331053194,0.9999999830503556,0
ds4,6,9.25,0,0,test,23.64056984834131,0.46884987018426044,20283.623888692677,0.0046947157525817846,24.109419718525572,0.9997931509383965,0
ds4,6,9.75,0,0,test,21.50715307864945,1.0182801757853086,17530.789886505085,0.003878006310772129,22.525433254434756,0.9995841239768386,0
ds4,6,10.25,0,0,test,21.742239636802992,0.5060102198382812,14291.027253759954,0.0021329860404141325,22.248249856641273,0.9995303513996038,0
ds4,6,10.75,0,0,test,21.739990273983413,1.855298924616302,11719.548458832485,0.0034723431722790206,23.595289198599716,0.9997403566411708,0
ds4,6,11.25,0,0,test,21.209552599770014,0.3591176399636783,9545.172831754555,0.004993849274680362,21.56867023973369,0.9993677537697251,0
ds4,6,11.75,0,0,test,29.048308122369754,0.5215374295999023,7866.559111002129,0.007331126343044384,29.569845551969657,0.9999820791850573,0
ds4,6,12.25,0,0,test,18.219795708133145,1.3824928536948076,6428.090572780641,0.006729112108852982,19.60228856182795,0.9985163143163569,0
ds4,6,12.75,0,0,test,18.190277914850885,0.24498034339266972,5367.999339210609,0.003367023763686752,18.435258258243554,0.9975524202301231,0
ds4,6,13.25,0,0,test,16.188934750129608,0.7577136178315506,4210.5801385428085,0.006616870544248629,16.94664836796116,0.9953979008576394,0
ds4,6,13.75,0,0,test,15.18873778868291,0.4217267880373001,3578.4668866249385,0.0045070898333446794,15.610464576720211,0.9919511440067048,0
ds4,6,14.25,0,0,test,14.087925158104868,1.5242711172271852,2883.144233811149,0.00772755648472345,15.612196275332053,0.9919569311424953,0
ds4,6,14.75,0,0,test,14.270412077717001,1.2811392930547743,2340.09943583263,0.009347039228190157,15.551551370771776,0.9917518327860239,0
ds4,6,15.25,0,0,test,14.350656037130685,1.3507099062397938,1942.1054260729627,0.0091010132891969,15.70136594337048,0.9922495184528101,0
ds4,6,15.75,0,0,test,15.404103030871447,1.8337868429635007,1581.6222823753994,0.0063139527997517625,17.23788987383495,0.9959299546072888,0
ds4,6,16.25,0,0,test,10.371396884182547,0.38853109117491713,1273.1473746118916,0.006467146283595576,10.759927975357463,0.9436467591973262,0
ds4,6,16.75,0,0,test,12.977232016746978,0.5573183479491571,920.1823122989529,0.006214322626011029,13.534550364696136,0.9811473676480807,0
ds4,6,17.25,0,0,test,7.447136752439568,0.8726284572545947,781.7973816105361,0.002490121460212236,8.319765209694163,0.8605289697039455,0
ds4,6,17.75,0,0,test,7.0255305401934,1.546273206239539,725.4025031483808,0.006332837048614355,8.57180374643294,0.8725885513626737,0
ds4,6,18.25,0,0,test,7.470356476805467,2.3448195089631136,560.8821201319487,0.006016861543926101,9.81517598576858,0.9193552256790155,0
ds4,6,18.75,0,0,test,6.521925954497355,0.09339243723189374,466.0194001101365,0.004854458429482865,6.615318391729249,0.7491431216974649,0
ds4,6,19.25,0,0,test,6.976010516643255,0.5361726036654869,375.01355297114554,0.004979200164618647,7.512183120308742,0.8147513286124906,0
ds4,6,19.75,0,0,test,4.92259676884205,0.24300815150158686,301.88416197771255,0.009696091008118001,5.165604920343637,0.6039941375111086,0
ds4,6,20.25,0,0,test,4.954874617863172,0.014051890058673949,244.6185144697583,0.009880905655109401,4.9689265079218465,0.5803157853462946,0
ds4,6,20.75,0,0,test,3.9086834494188727,0.43276070010845774,186.1887784725469,0.0046182133423920135,4.34144414952733,0.4986263784697166,0
ds4,6,21.25,0,0,test,4.55413988967255,3.525124244246058,183.84601838175377,0.00654622032159999,8.079264133918608,0.8480790107650747,0
ds4,6,21.75,0,0,test,3.9056620688670076,1.6496293085208689,140.49035965337123,0.008077094436435587,5.555291377387876,0.6480789336871942,0
ds4,6,22.25,0,0,test,3.9763315023880823,0.3739787840998647,109.11563761292248,0.009636977168792948,4.350310286487947,0.4998424079369129,0
ds4,6,22.75,0,0,test,4.771594537582359,0.11748748991719728,89.34733372894657,0.010766683972120642,4.889082027499557,0.5704336654558804,0
ds4,6,23.25,0,0,test,2.5204748373024786,0.1008044248333025,65.36045967377308,0.007549723383309377,2.621279262135781,0.2418704512718096,0
ds4,6,23.75,0,0,test,1.805927306963619,1.051940292032934,55.17037648573156,0.007062123772101015,2.857867598996553,0.2781127341514464,0
ds4,6,24.25,0,0,test,2.8747689367468414,1.2740979132866241,44.245486966991095,0.01155725495441174,4.148866850033466,0.47181191787957594,0
ds4,6,24.75,0,0,test,1.1265141066137252,0.3462021420283419,35.24075344310589,0.007680351621109934,1.472716248642067,0.0838032863601499,0
ds4,6,25.25,0,0,test,10.982781711650615,1.1572166089544391,29.44608969250152,0.005748407536585016,12.139998320605054,0.9670809724614484,0
ds4,6,25.75,0,0,test,0.5002118149352688,2.006825098478118,27.247624409888274,0.007565395449688165,2.507036913413387,0.22456507293437977,0
ds4,6,26.25,0,0,test,0.5418886168507019,2.1209129087307073,17.032995688835886,0.008968546760188387,2.662801525581409,0.24819836671689693,0
ds4,6,26.75,0,0,test,1.1537071505273198,1.9383244085642226,16.918912004604774,0.007908976388517966,3.0920315590915424,0.314200332832353,0
ds4,6,27.25,0,0,test,1.3266376451348953,0.3925149262638345,14.736588407485641,0.009139031026035567,1.71915257139873,0.11352191849144959,0
ds4,6,27.75,0,0,test,0.11395242905926481,0.5557413607760059,8.790839318024759,0.010675263041469886,0.6696937898352707,0.015409543113065093,0
ds4,6,28.25,0,0,test,0.3317718559865169,1.340333290148708,11.590949461736402,0.009424258584900846,1.6721051461352248,0.10760487485748534,0
ds4,6,28.75,0,0,test,2.8894923927563023,1.1244515662841534,10.501435745598643,0.01181854730278072,4.013943959040455,0.4525898881711745,0
ds4,6,29.25,0,0,test,0.03306643198686201,0.2208395683244801,5.187386332301588,0.0091817145594109,0.2539060003113421,0.0015787335685101722,0
ds4,6,29.75,0,0,test,0.1397856750930594,0.6830947748495287,2.7883599031239052,0.00782298946666152,0.8228804499425881,0.024448941578834378,0
ds4,6,30.25,0,0,test,0.48690015890578753,1.0289074347501916,6.650079214165309,0.006374540289388995,1.5158075936559792,0.08876155505891489,0
ds4,6,30.75,0,0,test,0.10396363725254094,0.5775154498922698,1.5767763541616073,0.0067542720785933544,0.6814790871448108,0.01603033807768969,0
ds4,6,31.25,0,0,test,0.5030637560172744,0.4900819947131365,3.3249503527908635,0.01070410038959176,0.9931457507304109,0.036883281019792616,0
ds4,6,31.75,0,0,test,0.06537397343488452,0.16802960468398864,2.009651879605623,0.009892001935271932,0.23340357811887316,0.0012883990851478573,0
ds4,6,32.25,0,0,test,0.45834919631466475,5.1126637459550786,2.086465374567618,0.007534378587701319,5.571012942269744,0.6497781273101735,0
ds4,6,32.75,0,0,test,0.1423479083032941,0.5481332135397611,1.4800641367381426,0.006433482885871375,0.6904811218430552,0.016512993938327926,0
ds4,6,33.25,0,0,test,1.1216305082987574,0.550517826027201,1.2219742530864965,0.009121292860503734,1.6721483343259584,0.1076102570583505,0
ds4,6,33.75,0,0,test,0.7174168663917899,1.888272689915094,0.8890132774704331,0.008465603324099564,2.605689556306884,0.23949937932963378,0
ds4,6,34.25,0,0,test,0.8730935464479931,0.6804006584538552,0.3968915947280828,0.00997339633663495,1.5534942049018483,0.0931847346871856,0
ds4,6,34.75,0,0,test,0.13399106219312973,2.2426742385740477,1.1031208095111558,0.009091988466092056,2.3766653007671774,0.2050560272764405,0
ds4,6,35.25,0,0,test,1.0606277967850855,2.0139739063726476,1.6550514372792993,0.008162230802576125,3.0746017031577333,0.31151452317578887,0
ds4,6,35.75,0,0,test,0.6196754557889469,0.9122530498413494,0.2251350431723706,0.009746151818475568,1.5319285056302963,0.09064387648516835,0
ds4,6,36.25,0,0,test,0.04488272574555867,2.856432425334375,0.811995020402095,0.0052635861433564905,2.9013151510799338,0.2848030856170392,0
ds4,6,36.75,0,0,test,0.40955662056073094,2.7029472642889,0.7263352450190484,0.006800320516060051,3.112503884849631,0.3173540653010979,0
ds4,6,37.25,0,0,test,0.12104669218577505,6.8432496058575,0.3037800666581087,0.007845875685033601,6.964296298043275,0.776690790177667,0
ds4,6,37.75,0,0,test,1.493390773709772,3.8542187534927925,0.2526147987531124,0.0057054113979720985,5.3476095272025645,0.6250545462958346,0
ds4,6,38.25,0,0,test,1.028007098738509,5.404949889760987,0.40243644622308844,0.011655168953512806,6.432956988499496,0.7336609956683409,0
ds4,6,38.75,0,0,test,1.001761748910569,6.918001885515311,0.7629454574112964,0.007328174874788926,7.91976363442588,0.839286598487823,0
ds4,6,39.25,0,0,test,1.4796828511728293,5.951441994893388,0.2647370738201586,0.007853673912246915,7.431124846066218,0.8094999939647375,0
ds4,6,39.75,0,0,test,0.24767516915847834,8.611262244136533,0.4434396572912512,0.010220563073450198,8.858937413295012,0.885175311174889,0
ds4,6,40.25,0,0,test,0.30075411967996263,2.9566180832812536,0.7175572389455273,0.007811911113485935,3.2573722029612164,0.3396259699494096,0
ds4,6,40.75,0,0,test,0.6998258176316395,8.433932456894162,0.8037747018383473,0.008395675635260266,9.133758274525801,0.896153537780941,0
ds4,6,41.25,0,0,test,1.334461810077348,6.109550429671203,0.3352757672612124,0.005999201919992676,7.444012239748551,0.8103434317939476,0
ds4,6,41.75,0,0,test,0.39746111505417103,4.172814468753782,0.3022431120661023,0.009038272046153243,4.570275583807954,0.5294637802123746,0
ds4,6,42.25,0,0,test,2.6732476415319106,3.0948740397953673,0.38725717228622225,0.00618227350629772,5.768121681327278,0.6705604849942157,0
ds4,6,42.75,0,0,test,1.907681034633725,2.772704807169052,1.1253748331813123,0.00612841342063257,4.680385841802777,0.5438830863605576,0
ds4,6,43.25,0,0,test,0.8109079002738856,4.0387069135415326,0.27371941281620027,0.007696355707675774,4.8496148138154185,0.5654920922288496,0
ds4,6,43.75,0,0,test,0.9908183872026186,1.4103677926702562,1.0204709432898982,0.006722122832020294,2.401186179872875,0.20870253810024594,0
ds4,6,44.25,0,0,test,0.6752385002703056,2.092664718154683,0.38486534510747944,0.009422732714419648,2.7679032184249888,0.26428504666956576,0
ds4,6,44.75,0,0,test,0.6777014029213595,2.3901119380074203,9.520873794717156,0.008625262200024814,3.0678133409287796,0.31046832684791575,0
ds4,6,45.25,0,0,test,2.006876748170636,0.6437016630136138,0.2547090696437439,0.01205494478589481,2.65057841118425,0.24633375443164957,0
ds4,6,45.75,0,0,test,1.108791543469113,2.174161813799232,0.2529229156207744,0.010122812571826354,3.2829533572683447,0.34354749089866676,0
ds4,6,46.25,0,0,test,1.026353153400871,0.5432311037200006,0.653412320621862,0.012790928808002481,1.5695842571208716,0.09509718336983745,0
ds4,6,46.75,0,0,test,0.7732268382475923,6.569954141120125,0.981001573125209,0.00784555520108064,7.343180979367718,0.8036572262480447,0
ds4,6,47.25,0,0,test,0.6204556493266615,1.6344879349053687,0.3880266463938244,0.0085692186040771,2.2549435842320302,0.1871388324609819,0
ds4,6,47.75,0,0,test,2.5499336461859583,0.8649995887554477,0.36443692716849485,0.008056693234140924,3.414933234941406,0.36370343390108517,0
ds4,6,48.25,0,0,test,0.8929623901221038,2.0737276995690386,0.6066763404341842,0.008499773559215062,2.9666900896911423,0.29487859033201624,0
ds4,6,48.75,0,0,test,0.48673582953727723,2.3323296696019797,0.9867002815700123,0.007909525902976207,2.819065499139257,0.27214376298703324,0
ds4,6,49.25,0,0,test,0.3274222938448034,0.8583176783318934,0.8726044926615674,0.008474961075230698,1.1857399721766968,0.053761915345822545,0
ds4,6,49.75,0,0,test,0.2693728341573465,0.14059039732682313,0.3058203660288318,0.007462168632186943,0.4099632314841696,0.004949277770943408,0
ds4,6,50.25,0,0,test,0.8728113353463522,1.0710327964026412,0.31475607721036425,0.009658648607800416,1.9438441317489934,0.14314054876692336,0
ds4,6,50.75,0,0,test,0.31608947571323276,0.45727169443886806,0.32644924541582954,0.006975886165980783,0.7733611701521008,0.021298754845607802,0
ds4,6,51.25,0,0,test,0.718054267822418,1.8634458529219389,0.760604549436953,0.007595892859617298,2.581500120744357,0.23582593480072117,0
ds4,6,51.75,0,0,test,1.245473509142853,0.20212668797244066,0.3821828056173121,0.007854509166453161,1.4476001971152936,0.08096362947485489,0
ds4,6,52.25,0,0,test,0.8457795749975843,0.43537940800257224,0.3806719252017181,0.00994297778661639,1.2811589830001564,0.06314158785050825,0
ds4,6,52.75,0,0,test,0.3690390348970256,0.3982434838590999,0.5990631594142104,0.007802573627882588,0.7672825187561255,0.020926936498134364,0
ds4,6,53.25,0,0,test,0.5594135074210328,0.7011909996152523,0.9744029429193376,0.006996257272028966,1.2606045070362852,0.06106724324750264,0
ds4,6,53.75,0,0,test,1.573486608411009,1.2977275356909277,0.40446216045178573,0.006223874024848312,2.8712141441019368,0.2801672640707993,0
ds4,6,54.25,0,0,test,0.2608142761849669,1.8642925829419794,4.313712261845939,0.006029451575621325,2.125106859126946,0.16842265614832844,0
ds4,6,54.75,0,0,test,0.35447285899867326,0.5178841644558201,0.3323433711567646,0.008213276345129937,0.8723570234544933,0.027809489613594734,0
ds4,6,55.25,0,0,test,0.727555940669976,0.10106110719104129,0.6341992285838717,0.006840649074143269,0.8286170478610173,0.024827737913697225,0
ds4,6,55.75,0,0,test,0.8299093683467793,2.0567820994167145,1.2357878010902883,0.005603113744824388,2.8866914677634936,0.28255056593665484,0
ds4,6,56.25,0,0,test,1.99086605491422,1.0448491694702227,1.201801642257759,0.006632158620045777,3.0357152243844427,0.3055205552421245,0
ds4,6,56.75,0,0,test,0.2633693696426753,1.3008519043769204,0.6058140678949079,0.004911296762896988,1.5642212740195958,0.09445817067112465,0
ds4,6,57.25,0,0,test,1.92683557763133,0.6521229582750994,0.4852667272031448,0.007865205491839968,2.5789585359064295,0.23544037550534697,0
ds4,6,57.75,0,0,test,0.04123655955822993,2.367368315498575,2.3814355230100333,0.010323730864977907,2.408604875056805,0.20980800053406296,0
ds4,6,58.25,0,0,test,0.11276949633195434,1.1157132491381347,0.4555991134070567,0.010114371964919626,1.228482745470089,0.057884179450267914,0
ds4,6,58.75,0,0,test,1.9521748233123328,0.23314529049284244,0.5065604877805583,0.00784811190222261,2.1853201138051754,0.17704646314579434,0
ds4,6,59.25,0,0,test,0.31974269382699316,0.7903793213646897,0.3406347994814678,0.0088754714615245,1.1101220151916829,0.04679618059027858,0
ds4,6,59.75,0,0,test,0.4672673954672528,1.5337794485283336,0.500953575903026,0.009327025002554673,2.0010468439955864,0.15099983379206353,0
ds4,6,60.25,0,0,test,0.3439018313532832,2.568900831633587,0.3457951202836918,0.006547876309560486,2.9128026629868704,0.2865729308470827,0
ds4,6,60.75,0,0,test,1.05738549376457,3.228682509143851,0.3870650950937576,0.00929945275495556,4.286068002908421,0.4909937960533006,0
ds4,6,61.25,0,0,test,6.081215253431661,1.1754363783823287,0.3459619785110754,0.007909973243147515,7.256651631813989,0.7977582001863436,0
ds4,6,61.75,0,0,test,1.8203808883827668,0.8589752134449182,0.4813748743751542,0.009318321931627951,2.6793561018276852,0.25072602589676996,0
ds4,6,62.25,0,0,test,0.14760596942489346,1.0858083982928437,0.42775394353318785,0.007568853293578155,1.2334143677177372,0.05836817478792099,0
ds4,6,62.75,0,0,test,1.7118781684764253,2.332858312398477,0.42109209860323255,0.006889662999941109,4.044736480874903,0.4570068491296985,0
ds4,6,63.25,0,0,test,1.5238502073845135,1.9277045298399051,0.6844781930834842,0.011568701631470894,3.4515547372244186,0.36926964301569315,0
ds4,6,63.75,0,0,test,0.5343576445991861,1.0956996492876847,0.637955450777055,0.008860873400779023,1.6300572938868707,0.1024091602487028,0
ds4,6,64.25,0,0,test,1.0891122162343079,1.4185784354079616,1.6019770576037116,0.007779290967506319,2.5076906516422692,0.22466359910116215,0
ds4,6,64.75,0,0,test,0.18173344014909898,0.6298618961502411,0.40418251800220256,0.004977105141455274,0.8115953362993401,0.023712131646338022,0
ds4,6,65.25,0,0,test,0.852838436159808,1.9315178917363984,0.4449130133295257,0.004817822711216625,2.7843563278962065,0.2668106583529521,0
ds4,6,65.75,0,0,test,1.5211104117307979,2.1953275828888446,0.5920316310497843,0.0086856137919182,3.7164379946196426,0.4090803448939047,0
ds4,6,66.25,0,0,test,0.2190951734341091,4.216157091933267,0.4018055917629803,0.006450506645786657,4.435252265367376,0.5114070808049225,0
ds4,6,66.75,0,0,test,0.8122360909432316,1.2611697155994237,0.6098767504094347,0.007888325901928795,2.073405806542655,0.16110243088520187,0
ds4,6,67.25,0,0,test,1.5288605747432449,0.5556085047444662,0.5798424479031727,0.010291055787850865,2.084469079487711,0.16266197757141576,0
ds4,6,67.75,0,0,test,0.2433722823284578,1.8049833091847753,0.6899745323929962,0.007074258716648264,2.048355591513233,0.1575855183425896,0
ds4,6,68.25,0,0,test,0.04342586358244444,0.7623764544496654,0.5403356151574739,0.009379155682860086,0.8058023180321099,0.02333822177420402,0
ds4,6,68.75,0,0,test,0.528178174903862,4.2138722585988555,0.4714069889905287,0.008416021540982256,4.742050433502717,0.551835410804542,0
ds4,6,69.25,0,0,test,1.1893073296477006,0.9926038251402086,0.41434738136889143,0.007150120849857756,2.181911154787909,0.17655554541867705,0
ds4,6,69.75,0,0,test,0.8233807425680826,1.7500799866725447,0.4424511846031939,0.008654026690936196,2.5734607292406273,0.23460663070110122,0
ds4,6,70.25,0,0,test,0.9246141734337644,0.7105193523001726,0.6129169303348374,0.007272440535464874,1.635133525733937,0.10303165307042443,0
ds4,6,70.75,0,0,test,0.7755050361586707,0.5008914344917649,0.9624407186632248,0.008436602525924172,1.2763964706504356,0.06265837967324289,0
ds4,6,71.25,0,0,test,1.3580977684339244,1.3743413248666478,0.5712043941624476,0.008696005062565989,2.732439093300572,0.25884727333657265,0
ds4,6,71.75,0,0,test,1.3037038198318123,3.012999039074911,0.4390003405242984,0.006880852450462169,4.316702858906723,0.4952242037851424,0
ds4,6,72.25,0,0,test,0.026687617022599412,0.6481556366997766,2.3417751365954755,0.009671027808453364,0.674843253722376,0.015679244750635445,0
ds4,6,72.75,0,0,test,0.4003917339759672,2.614010287068914,0.4233037738630078,0.00707735394152585,3.014402021044881,0.3022346597128813,0
ds4,6,73.25,0,0,test,0.1435126664879553,0.47822662314181374,0.5346013187886949,0.0064338990159927495,0.6217392896297691,0.013013723703904512,0
ds4,6,73.75,0,0,test,0.9363763097609649,1.2807090970315922,0.3359833875022582,0.010820407571955654,2.217085406792557,0.18163571182865523,0
ds4,6,74.25,0,0,test,1.5506569142315336,1.3130918627875434,0.3461293261926111,0.0033816562667588336,2.863748777019077,0.2790179862237322,0
ds4,6,74.75,0,0,test,1.3481084125965703,1.8586349533590532,0.48098555221982764,0.010418196008052398,3.2067433659556235,0.3318533683742248,0
ds4,6,75.25,0,0,test,1.4207376393157194,2.0542034340351933,0.6616555279240687,0.007982305336748294,3.4749410733509127,0.37281729040876577,0
ds4,6,75.75,0,0,test,1.1424386110359752,3.4609880191035116,0.5181752419378324,0.006519975958327591,4.603426630139487,0.533834320524489,0
ds4,6,76.25,0,0,test,0.3414651783518822,5.6740510287439525,0.4868504692801718,0.009981346240732072,6.015516207095835,0.6952879489645241,0
ds4,6,76.75,0,0,test,0.8672586541747078,1.7956420911624207,0.5499730948433571,0.007275453575861686,2.6629007453371285,0.24821350848252782,0
ds4,6,77.25,0,0,test,0.255439158050654,2.4638603389850364,0.4154092440069821,0.009843913759142195,2.7192994970356903,0.2568348805394119,0
ds4,6,77.75,0,0,test,0.49166610221140933,1.8551549255401178,1.1234142097206643,0.00854516295828009,2.346821027751527,0.20063372154376577,0
ds4,6,78.25,0,0,test,0.8433080797280251,1.848814334970645,0.5169772718119102,0.007650899100439702,2.69212241469867,0.2526769869194157,0
ds4,6,78.75,0,0,test,2.6542164220100064,0.9359361154915996,0.6081758870804919,0.008170313788532845,3.590152537501606,0.3902075510834897,0
ds4,6,79.25,0,0,test,2.6342784518840996,1.2649350743100856,0.30020550655999834,0.00872590519859514,3.899213526194185,0.4359837877132106,0
ds4,6,79.75,0,0,test,1.0832449183607815,2.9509542479830007,0.33977923273854777,0.009891898449019092,4.034199166343782,0.4554973059506181,0
ds4,6,80.25,0,0,test,1.0303449588765192,3.695705709610492,0.4732239330008696,0.0071293031999414384,4.726050668487011,0.5497806296131087,0
ds4,6,80.75,0,0,test,1.243053071334645,1.7681219690903458,0.5005707921611272,0.00794607551321459,3.011175040424991,0.3017371295739241,0
ds4,6,81.25,0,0,test,0.05024722982710143,2.9091642691526536,0.4234657736779155,0.004471061475022765,2.959411498979755,0.2937565039642505,0
ds4,6,81.75,0,0,test,1.301064724621093,2.4759265559275385,0.7403262027284335,0.005188938572896854,3.776991280548631,0.41805065122904106,0
ds4,6,82.25,0,0,test,0.3663468207435548,1.920059360069537,0.32338801021702374,0.007796970015120496,2.286406180813092,0.19173864647048078,0
ds4,6,82.75,0,0,test,0.4665541552714676,2.6208956233723137,0.5888270318673978,0.010982831505313435,3.0874497786437813,0.313494377198294,0
ds4,6,83.25,0,0,test,0.5575014397450002,0.8369872276807425,0.31230323754094513,0.009979608019851234,1.3944886674257426,0.07508479722187321,0
ds4,6,83.75,0,0,test,0.16225456186050488,4.644765940352343,0.515372417027376,0.007656129559902866,4.807020502212848,0.5601171057800869,0
ds4,6,84.25,0,0,test,1.6981569420495568,1.1692829617460392,0.5809964655628098,0.008583065432958007,2.8674399037955958,0.27958620278756985,0
ds4,6,84.75,0,0,test,0.24857789466438576,1.4366408329833662,0.420360041166919,0.00700981968537396,1.685218727647752,0.10924333927126642,0
ds4,6,85.25,0,0,test,3.853303447281756,1.6444289538497874,0.4650029546760481,0.01032516382581914,5.497732401131543,0.6418054046246953,0
ds4,6,85.75,0,0,test,0.4392924367922494,1.4821294056280456,0.7113533714790868,0.0046884006107593395,1.921421842420295,0.14009248558858783,0
ds4,6,86.25,0,0,test,0.590966764686819,1.263761474831926,0.569361534532752,0.010962228840505617,1.854728239518745,0.13114121487187064,0
ds4,6,86.75,0,0,test,0.48595839287756415,0.8026442473650706,0.388454584127415,0.006140129125177929,1.2886026402426347,0.06389992207332723,0
ds4,6,87.25,0,0,test,0.911912028803819,0.6611051084632729,0.6981108790901257,0.010012496984328394,1.573017137267092,0.0955070407033777,0
ds4,6,87.75,0,0,test,0.7121531826652471,1.940930684812159,0.3792842703387992,0.008944991996334648,2.653083867477406,0.2467158364524523,0
ds4,6,88.25,0,0,test,0.47623832511851866,1.2820084251471247,1.0927889322214182,0.009342761866944679,1.7582467502656434,0.11851850996450901,0
ds4,6,88.75,0,0,test,2.353548016030322,0.549043290944166,0.4009588557446397,0.008266459716847627,2.9025913069744878,0.28499968267415177,0
ds4,6,89.25,0,0,test,1.4489114209242708,0.9403658106282671,0.8465416022231879,0.008925522037033241,2.389277231552538,0.20693012507483025,0
ds4,6,89.75,0,0,test,0.8471556111100307,0.5924469106764169,0.3763991954052784,0.010167803446519448,1.4396025217864477,0.08006733864036764,0
ds4,6,90.25,0,0,test,0.6916994997578352,2.2202080431005213,0.4681260526149881,0.008855759524487942,2.9119075428583567,0.2864350110062006,0
ds4,6,90.75,0,0,test,0.3100705676879267,0.2565604947797713,0.5498947955524979,0.007035531715048751,0.566631062467698,0.010519967074535255,0
ds4,6,91.25,0,0,test,0.8346190135687858,1.2676551979773105,0.7207766923540541,0.00846620649138721,2.102274211546096,0.16517983969405894,0
ds4,6,91.75,0,0,test,0.548654433795771,1.372011978987866,0.4620205450521672,0.006170916395331816,1.9206664127836368,0.13999012343697367,0
ds4,6,92.25,0,0,test,1.146365080792735,0.4514763822471453,0.46192704741620444,0.008215555005411617,1.5978414630398803,0.09848974747077481,0
ds4,6,92.75,0,0,test,0.38378508897699637,0.3821127950973589,0.4624719011224844,0.005554348133588547,0.7658978840743553,0.020842698904889635,0
ds4,6,93.25,0,0,test,0.3433510580712145,0.4372079536394282,0.6506618513473275,0.008084296222624751,0.7805590117106427,0.021743257143176688,0
ds4,6,93.75,0,0,test,3.142504626552904,0.7737660606916468,0.4952774930854857,0.008416961229773985,3.916270687244551,0.438467084004448,0
ds4,6,94.25,0,0,test,0.28270224694944296,2.1114155302003432,0.40125801305954106,0.009370140155888095,2.3941177771497864,0.2076502235371212,0
ds4,6,94.75,0,0,test,0.14709489010508023,0.4327674353753448,1.066715566053952,0.007300077135051987,0.579862325480425,0.01109332160247754,0
ds4,6,95.25,0,0,test,0.8698195710680279,0.19497177238841812,0.8873657243546307,0.007279171706874277,1.064791343456446,0.042827535292144295,0
ds4,6,95.75,0,0,test,0.24276306741151327,1.7589757895152345,1.1454893321061155,0.009449511443435468,2.001738856926748,0.15109562035694846,0
ds4,6,96.25,0,0,test,0.3330727063013662,2.1729899218463107,0.4502907964623666,0.007044351305792946,2.506062628147677,0.22441824825079465,0
ds4,6,96.75,0,0,test,0.5900737399571352,0.4511616614853022,0.450261736634527,0.0169817424824019,1.0412354014424374,0.040828243571605895,0
ds4,6,97.25,0,0,test,0.8208808228547229,0.3932524835672856,0.6649234885253087,0.00900089335106846,1.2141333064220086,0.05648569992554379,0
ds4,6,97.75,0,0,test,0.45412198029905854,1.087038913822456,0.41110723220023904,0.007149735074295812,1.5411608941215147,0.09172846152089925,0
ds4,6,98.25,0,0,test,1.6194607774654142,0.19872835959650925,0.7993049825744413,0.0075874673127957985,1.8181891370619234,0.1263136493931773,0
ds4,6,98.75,0,0,test,0.7376013250724424,0.07722913329442951,1.1423679468002341,0.006926921129331954,0.8148304583668718,0.023922218484904556,0
ds4,6,99.25,0,0,test,0.377805490825335,1.0093786756943723,3.602642919173955,0.007545717171396803,1.3871841665197073,0.07428996269806314,0
ds4,6,99.75,0,0,test,1.1477727608918757,0.1938906393400918,0.3602849328130703,0.008133129007124672,1.3416634002319676,0.06941327780059463,0
ds4,6,100.25,0,0,test,0.36727403550456117,0.14735899593475196,0.47437366756473714,0.008901546806816648,0.5146330314393132,0.008422313901440766,0
ds4,6,100.75,0,0,test,0.6859139661981011,2.6284016060368054,0.923686722473568,0.005546966709253711,3.3143155722349062,0.34834930161672306,0
ds4,6,101.25,0,0,test,0.4747670124274222,1.028278366865086,0.6342305833474202,0.007003035903898832,1.503045379292508,0.08728188877820006,0
ds4,6,101.75,0,0,test,0.5929378997822713,0.3921883764953603,0.40790016763831505,0.005812998713560154,0.9851262762776316,0.03624350198721508,0
ds4,6,102.25,0,0,test,0.5416879700868482,0.014351401476409538,2.0058806907825497,0.010406308926498199,0.5560393715632578,0.010072568016541893,0
ds4,6,102.75,0,0,test,0.5639400539963046,0.9254768255460583,0.30375095403495767,0.009956384709592186,1.4894168795423628,0.08571213684718079,0
ds4,6,103.25,0,0,test,0.6640731322075373,1.2456063100282462,0.3741656018081759,0.008623947718407134,1.9096794422357835,0.13850383353488038,0
ds4,6,103.75,0,0,test,0.07053925469116637,1.6682206116374372,0.33138225313909636,0.006166817992977445,1.7387598663286035,0.11601905257918062,0
ds4,6,104.25,0,0,test,0.06480414070655816,2.759710583896834,0.5669557334090826,0.00674833767209165,2.824514724603392,0.27298161363794654,0
ds4,6,104.75,0,0,test,1.135494943960194,0.5529419024681383,0.35319578172507526,0.006736071083942805,1.6884368464283324,0.10964671236906828,0
ds4,6,105.25,0,0,test,0.9342036938748959,0.34640072003960326,0.4473812433478693,0.010130273487656842,1.2806044139144992,0.06308524120469956,0
ds4,6,105.75,0,0,test,0.7079736441806501,6.375776157749043,1.212917632442302,0.009743248206354355,7.083749801929693,0.785514123903235,0
ds4,6,106.25,0,0,test,0.123975042930342,0.5147946401746943,0.29805273388130044,0.010209001683893925,0.6387696831050363,0.013840576348705428,0
ds4,6,106.75,0,0,test,0.4908299051507386,0.6918859407625215,0.4000244023876859,0.007903558286475928,1.18271584591326,0.05347524038214233,0
ds4,6,107.25,0,0,test,0.7217605902558364,1.2821604729628557,0.31117640926325046,0.007069929680214887,2.003921063218692,0.15139778365141368,0
ds4,6,107.75,0,0,test,0.7117783088332832,2.0950284160105372,0.37204500531379053,0.008094212897831509,2.8068067248438204,0.2702594465580677,0
ds4,6,108.25,0,0,test,0.40067885389547847,0.6385965678906185,0.3020946662989546,0.00838123699800546,1.0392754217860969,0.040663858746794915,0
ds4,6,108.75,0,0,test,2.06842227597548,0.19955800471291676,2.192703097667242,0.005855573420560079,2.2679802806883966,0.18904196593436487,0
ds4,6,109.25,0,0,test,0.6127498280746422,0.9490377099873191,0.7312387063383697,0.0037733709246301293,1.5617875380619612,0.09416870275430334,0
ds4,6,109.75,0,0,test,0.8168751295273234,2.5978847264873806,0.946473825376522,0.0057065433620294365,3.414759856014704,0.36367705131255834,0
ds4,6,225.25,1,0,test,107.93171615600318,101.56166139765298,4.0970789632652505,0.0009186017599860517,209.49337755365616,1.0,1
ds4,6,225.75,1,0,test,86.3622095789279,69.73503107022022,1.5724076627698762,0.006364739917785796,156.09724064914812,1.0,1
ds4,6,226.25,1,0,test,91.76944451412338,81.5782658477462,1.4478926027254917,0.0036518443288530785,173.3477103618696,1.0,1
ds4,6,226.75,1,0,test,82.50846127816286,122.46782889502707,4.895146027394552,0.0030771596097566543,204.9762901731899,1.0,1
ds4,6,227.25,1,0,test,82.84001675412142,113.20667106643609,1.7774286962210406,0.005495530868589004,196.0466878205575,1.0,1
ds4,6,227.75,1,0,test,64.05306648493791,151.64056070024714,3.062804891259919,0.0035236721286877504,215.69362718518505,1.0,1
ds4,6,228.25,1,0,test,63.45943166422464,145.4591817710176,2.0423646669292688,0.002666586537148208,208.91861343524224,1.0,1
ds4,6,228.75,1,0,test,60.029339744457175,242.40219289979268,3.841051151615209,0.0015913953920363637,302.43153264424984,1.0,1
ds4,6,229.25,1,0,test,54.01215920738086,298.1521997200577,1.0371222639902407,0.008855176999339241,352.16435892743857,1.0,1
ds4,6,229.75,1,0,test,51.71962833325131,405.83210241864015,2.271138689876167,0.0039148379090693805,457.55173075189145,1.0,1
ds4,6,230.25,1,0,test,50.22289290034513,507.47148362751767,1.2861694252584748,0.0022414270052442233,557.6943765278628,1.0,1
ds4,6,230.75,1,0,test,47.39395246500399,628.5344399130963,0.8642433304533792,0.005258849117267256,675.9283923781003,1.0,1
ds4,6,231.25,1,0,test,48.62353816093836,747.6070453176936,0.37619783575140087,0.010545467098865172,796.230583478632,1.0,1
ds4,6,231.75,1,0,test,40.68555193100481,831.9874180408651,1.4920631960636108,0.009186383731177533,872.67296997187,1.0,1
ds4,6,232.25,1,0,test,40.65220982188876,983.880107932523,0.4122496558036956,0.0027428095611300583,1024.5323177544117,1.0,1
ds4,6,232.75,1,0,test,33.618854615048654,1191.7930256273378,1.1024997391534026,0.003313269600726646,1225.4118802423864,1.0,1
ds4,6,233.25,1,0,test,49.57071457396585,1561.5343452993297,0.17665550998786947,0.00675473469848583,1611.1050598732957,1.0,1
ds4,6,233.75,1,0,test,36.04390989607526,1655.8122861385418,0.7114722266516091,0.003669284942173286,1691.8561960346171,1.0,1
ds4,6,234.25,1,0,test,30.14242332832535,1863.7651007988034,0.26326057303494727,0.008803516542918388,1893.9075241271287,1.0,1
ds4,6,234.75,1,0,test,22.602426316709607,2048.541547935578,1.2468267988836632,0.005021203263812206,2071.1439742522875,1.0,1
ds4,6,235.25,1,0,test,26.769356185130185,2049.7316542638664,0.23461521491761547,0.006856499818905347,2076.5010104489966,1.0,1
ds4,6,235.75,1,0,test,23.28005540350235,1795.3363840991628,0.5450751925110363,0.009964971039753866,1818.6164395026651,1.0,1
ds4,6,236.25,1,0,test,17.838033098855995,680.7260288457651,1.5117285793499626,0.002739687890110785,698.5640619446211,1.0,1
ds4,6,236.75,1,0,test,11.855693301926419,762.2576757188634,0.3215319328283956,0.008584555204160842,774.1133690207898,1.0,1
ds4,6,237.25,1,0,test,20.22038687664305,818.2937379172378,0.12922569291115288,0.009887105694792776,838.5141247938808,1.0,1
ds4,6,237.75,1,0,test,16.999916901562912,1015.1945349826067,0.2383417861489865,0.009564478561532228,1032.1944518841697,1.0,1
ds4,6,238.25,1,0,test,6.206029997087714,1044.97741123782,1.0794994806281146,0.008233678098681791,1051.1834412349076,1.0,1
ds4,6,238.75,1,0,test,6.100484506164683,999.6169464845696,0.9170494533755248,0.009143475868811368,1005.7174309907342,1.0,1
ds4,6,239.25,1,0,test,16.41349842328265,1065.7645508879468,0.4708161976508168,0.00589247560436365,1082.1780493112294,1.0,1
ds4,6,239.75,1,0,test,11.033198798963115,1054.3357079523942,0.5413434958771564,0.006838640990490363,1065.3689067513574,1.0,1
ds4,6,240.25,1,0,test,2.405959706563869,1112.167155496556,0.5461162195390402,0.009307947910538895,1114.5731152031199,1.0,1
ds4,6,240.75,1,0,test,1.869220665030012,1088.7941139549655,0.635191131750189,0.010036896134622959,1090.6633346199956,1.0,1
ds4,6,241.25,1,0,test,6.198414935114088,1139.7997619491666,0.3824157569955765,0.008389636038323461,1145.9981768842806,1.0,1
ds4,6,241.75,1,0,test,2.014278880312175,1141.013000847453,0.3645999254924485,0.007378581145184801,1143.027279727765,1.0,1
ds4,6,242.25,1,0,test,1.5665385715401354,1178.161604644506,0.708725339167204,0.01020873435164877,1179.7281432160462,1.0,1
ds4,6,242.75,1,0,test,1.0555083480733305,1202.227839019628,0.7704213499103962,0.006763853434619941,1203.2833473677013,1.0,1
ds4,6,243.25,1,0,test,0.41961073305777996,1205.666947119943,0.636343824158172,0.00925259841664073,1206.0865578530008,1.0,1
ds4,6,243.75,1,0,test,2.8180802680694064,1272.709744158346,1.7585666722598923,0.009728180621088087,1275.5278244264155,1.0,1
ds4,6,244.25,1,0,test,0.42463213122800664,1264.843378880161,1.3618187543902214,0.008481050590946022,1265.268011011389,1.0,1
ds4,6,244.75,1,0,test,0.058102206691282375,1357.0028487878303,0.38687578907211645,0.008975212916725516,1357.0609509945216,1.0,1
ds4,6,245.25,1,0,test,1.8101508137707418,1358.9410794960595,1.1223492537092725,0.011989099398896804,1360.7512303098301,1.0,1
ds4,6,245.75,1,0,test,0.2868173424429293,1377.8117044900605,0.4656205771987242,0.01078937790790208,1378.0985218325034,1.0,1
ds4,6,246.25,1,0,test,0.3667918687443798,1372.9489532765306,0.71759417714589,0.00976534928018197,1373.315745145275,1.0,1
ds4,6,246.75,1,0,test,0.38260543740200786,1391.925689139124,0.8916635128132483,0.006590289510611215,1392.308294576526,1.0,1
ds4,6,247.25,1,0,test,0.6477378335637386,1419.020058849427,0.6925538371018561,0.008678989892011876,1419.6677966829907,1.0,1
ds4,6,247.75,1,0,test,1.9336244441167196,1407.4672783708074,1.7390257215814344,0.007425466596958781,1409.4009028149242,1.0,1
ds4,6,248.25,1,0,test,5.7508233728335885,1355.5688818959886,0.8599197691012251,0.010370667520300417,1361.3197052688222,1.0,1
ds4,6,248.75,1,0,test,0.8550483930533529,1337.1599724537616,0.7980621023909011,0.011091228528398337,1338.0150208468149,1.0,1
ds4,6,249.25,1,0,test,3.4455301858212923,1308.2897376786977,1.2043846133486225,0.009550318109585615,1311.735267864519,1.0,1
ds4,6,249.75,1,0,test,1.8992680773033372,1280.8354931136803,0.6949953041403782,0.008380447098676278,1282.7347611909836,1.0,1
ds4,6,250.25,1,0,test,1.7251559494471225,1220.2403959561138,1.439949129150396,0.009519619195298253,1221.965551905561,1.0,1
ds4,6,250.75,1,0,test,1.9852401860548048,1244.2326362296415,2.4771692836769708,0.00836315141978903,1246.2178764156963,1.0,1
ds4,6,251.25,1,0,test,3.449228118307948,1249.1113515351894,1.738745527962714,0.009642889901894222,1252.5605796534974,1.0,1
ds4,6,251.75,1,0,test,2.6438205867338307,1181.856013208737,0.8506218445180992,0.007984371790833996,1184.499833795471,1.0,1
ds4,6,252.25,1,0,test,2.9880932162005034,1228.0246330055638,1.7840942947749903,0.006793413347904689,1231.0127262217643,1.0,1
ds4,6,252.75,1,0,test,4.3270654147755465,1142.304646892601,1.1906584140034837,0.008899667415096612,1146.6317123073766,1.0,1
ds4,6,253.25,1,0,test,3.869974289904409,1204.3431654426236,1.2133856282121827,0.008893718429792013,1208.213139732528,1.0,1
ds4,6,253.75,1,0,test,3.3292991021111424,1199.4629868149498,1.0113548432621988,0.0072704650311331285,1202.792285917061,1.0,1
ds4,6,254.25,1,0,test,3.823161767318493,1207.4072676461092,0.6740874046364447,0.008667141564807933,1211.2304294134276,1.0,1
ds4,6,254.75,1,0,test,4.1284770275183655,1193.497232748957,1.0705921192151309,0.008854977420640122,1197.6257097764753,1.0,1
ds4,6,255.25,1,0,test,7.5601293804573695,1192.5687507195692,1.0329587819842894,0.008795563320345801,1200.1288801000264,1.0,1
ds4,6,255.75,1,0,test,5.394946446102443,1146.4585442885693,0.81137949986284,0.008607282912764124,1151.8534907346718,1.0,1
ds4,6,256.25,1,0,test,5.330918819936824,1207.3111663615978,0.5582572436638756,0.012476674319580109,1212.6420851815346,1.0,1
ds4,6,256.75,1,0,test,5.446190923480719,1143.6281348666203,0.7232975777868492,0.00701781807844682,1149.074325790101,1.0,1
ds4,6,257.25,1,0,test,4.666027593111315,1158.206117416205,2.534755618307494,0.005911114060307526,1162.8721450093162,1.0,1
ds4,6,257.75,1,0,test,4.607446159256652,1151.272002533403,0.4827763371294096,0.009056383395744232,1155.8794486926597,1.0,1
ds4,6,258.25,1,0,test,6.506112246174404,1200.138118988151,1.3376036291288353,0.006538344618350674,1206.6442312343254,1.0,1
ds4,6,258.75,1,0,test,3.305751455111823,1184.1809918626825,0.6193443792372747,0.006484265771631733,1187.4867433177944,1.0,1
ds4,6,259.25,1,0,test,7.134678853587321,1158.807598948969,0.8252955398577188,0.008633736088659921,1165.9422778025562,1.0,1
ds4,6,259.75,1,0,test,3.258779299262467,1199.0658715670465,0.7680526200331276,0.009287698657201577,1202.324650866309,1.0,1
ds4,6,260.25,1,0,test,1.5431970607614942,1177.8695984063543,0.6449229115468933,0.0075195944870888876,1179.4127954671158,1.0,1
ds4,6,260.75,1,0,test,2.6984518282796883,1174.2634345282345,1.634999495256268,0.007323763143659392,1176.9618863565142,1.0,1
ds4,6,261.25,1,0,test,1.6319591028767895,1187.0708354135165,0.9488183081812135,0.012317413729025636,1188.7027945163934,1.0,1
ds4,6,261.75,1,0,test,1.5062576728915045,1139.5907745057432,0.9392098131196981,0.007340793246218403,1141.0970321786347,1.0,1
ds4,6,262.25,1,0,test,1.2408683620618879,1175.0981270582984,1.195276322312558,0.006761144437601825,1176.3389954203603,1.0,1
ds4,6,262.75,1,0,test,1.8274075055982093,1153.3279555728625,1.0928071815042661,0.010715138128184648,1155.1553630784606,1.0,1
ds4,6,263.25,1,0,test,1.037887619164418,1124.7601595992978,2.9719079733425344,0.004823388448143571,1125.7980472184622,1.0,1
ds4,6,263.75,1,0,test,1.8848628793731776,1178.820052361328,1.4832717260386246,0.007200823530330156,1180.7049152407012,1.0,1
ds4,6,264.25,1,0,test,15.612086121207339,1194.5598401976238,1.6903561663711144,0.0029459700087414217,1210.171926318831,1.0,1
ds4,6,264.75,1,0,test,0.4109282605698074,1134.826494570357,0.911260537408662,0.006201100204821258,1135.2374228309268,1.0,1
ds4,6,265.25,1,0,test,0.3001604117437968,1139.99425972034,1.0908046053526246,0.00597269906486113,1140.2944201320838,1.0,1
ds4,6,265.75,1,0,test,0.05824085149373761,1137.5391701928618,0.5311664082577477,0.0048927581773478,1137.5974110443556,1.0,1
ds4,6,266.25,1,0,test,0.7155276359544499,1115.8364204170493,0.9314773119474352,0.006763988029914249,1116.5519480530038,1.0,1
ds4,6,266.75,1,0,test,0.9111284395176777,1097.9606218165961,0.6238532499876688,0.008712818194819337,1098.8717502561137,1.0,1
ds4,6,267.25,1,0,test,0.02496083712918696,1141.9525732741479,0.8170376041053836,0.0060716368388653704,1141.977534111277,1.0,1
ds4,6,267.75,1,0,test,0.5969123292855382,1073.8931624072184,0.4265444653247632,0.005396579031995787,1074.4900747365039,1.0,1
ds4,6,268.25,1,0,test,0.16827038697861163,1062.9920787530252,0.4322978703963109,0.005927889357344675,1063.1603491400037,1.0,1
ds4,6,268.75,1,0,test,0.37637382919094925,1061.557452535249,0.5083053264858114,0.0056074023623574895,1061.93382636444,1.0,1
ds4,6,269.25,1,0,test,2.0813105547895936,1004.4030945242832,0.7113513945871696,0.00781603656957376,1006.4844050790729,1.0,1
ds4,6,269.75,1,0,test,1.223169197785339,959.1350667243366,0.4457532083756156,0.0047393596044830845,960.3582359221219,1.0,1
ds4,6,270.25,1,0,test,0.365427995814678,894.1602264501624,0.5675988751139759,0.004803221080510173,894.5256544459771,1.0,1
ds4,6,270.75,1,0,test,0.8053712539332644,847.2761755155594,0.4878198468057145,0.009241406083015574,848.0815467694927,1.0,1
ds4,6,271.25,1,0,test,2.1653432421758336,812.2530489929115,0.32649142626848626,0.006815081966252568,814.4183922350874,1.0,1
ds4,6,271.75,1,0,test,1.3030749128697192,794.9615508362081,0.5212473407956407,0.0060286531943628445,796.2646257490778,1.0,1
ds4,6,272.25,1,0,test,1.2961915599487746,744.5675866700484,0.34176924845708406,0.009214665366794812,745.8637782299971,1.0,1
ds4,6,272.75,1,0,test,2.284213095826094,630.3834050785514,2.8094981373906824,0.006572815435371881,632.6676181743775,1.0,1
ds4,6,273.25,1,0,test,0.6302898507278349,553.5924566541953,0.4787052343778212,0.008920413055157315,554.2227465049232,1.0,1
ds4,6,273.75,1,0,test,1.0964218342004106,532.7283700206439,0.45323674495175775,0.007274511235548669,533.8247918548443,1.0,1
ds4,6,274.25,1,0,test,1.5361114176107156,464.60288904163446,1.597067765721149,0.007370282993619237,466.13900045924515,1.0,1
ds4,6,274.75,1,0,test,1.265467762443987,486.3019084148808,1.4883734184795947,0.00417392467116177,487.5673761773248,1.0,1
ds4,6,275.25,1,0,test,1.3953048465284457,389.0685523198665,15.780416988566593,0.006389121923336098,390.463857166395,1.0,1
ds4,6,275.75,1,0,test,2.3002617996367762,408.0370657332191,5.163982602630261,0.006107719736582675,410.33732753285585,1.0,1
ds4,6,276.25,1,0,test,4.802858007559398,379.4403074608783,4.805220686723904,0.004667958237553771,384.24316546843767,1.0,1
ds4,6,276.75,1,0,test,2.8917325163080156,320.05840105475244,4.562609588842067,0.002779153263534297,322.95013357106046,1.0,1
ds4,6,277.25,1,0,test,2.9890923589319667,270.978148725637,7.19246874907498,0.00890901337307661,273.96724108456897,1.0,1
ds4,6,277.75,1,0,test,3.7293083430097123,304.2507653802126,4.330184064502356,0.0061525574759927135,307.98007372322235,1.0,1
ds4,6,278.25,1,0,test,4.4342330166181085,268.769754604267,6.987200681685199,0.007475874062542789,273.20398762088513,1.0,1
ds4,6,278.75,1,0,test,3.2173462413182463,266.984647251732,8.548854650139734,0.005373007809246786,270.2019934930502,1.0,1
ds4,6,279.25,1,0,test,13.478782201514399,294.6227069676514,3.85054084029371,0.005183479966182386,308.1014891691658,1.0,1
ds4,6,279.75,1,0,test,5.342568363622053,298.51869364827303,6.499349075334107,0.001963787660411167,303.86126201189506,1.0,1
ds4,6,280.25,1,0,test,8.420034561381811,327.4591441510497,3.8504354676046977,0.009638527838332793,335.87917871243155,1.0,1
ds4,6,280.75,1,0,test,9.89868577143349,274.04525931186106,10.28058766812961,0.005589546376690986,283.9439450832945,1.0,1
ds4,6,281.25,1,0,test,8.603244237711353,274.9041038257125,11.16646284040484,0.0024329928030570806,283.5073480634239,1.0,1
ds4,6,281.75,1,0,test,10.511332632034629,232.52114016178388,11.487416643503732,0.002161457062205349,243.0324727938185,1.0,1
ds4,6,282.25,1,0,test,10.366482056009762,218.57663897060075,0.7383051891699174,0.006170251366102955,228.94312102661053,1.0,1
ds4,6,282.75,1,0,test,9.0915610765993,211.21621064986377,1.3599754764733385,0.008209551266941693,220.30777172646307,1.0,1
ds4,6,283.25,1,0,test,9.931963891682459,194.44410920242797,0.7305866446073224,0.0026618032883609336,204.37607309411044,1.0,1
ds4,6,283.75,1,0,test,11.669650513364182,164.13566665608505,0.8304862152300572,0.002323686968397676,175.80531716944924,1.0,1
ds4,6,284.25,1,0,test,10.54706017945881,170.16142518413955,0.0978784448898433,0.0014693733622480156,180.70848536359836,1.0,1
ds4,6,284.75,1,0,test,10.857387590531049,140.18936411204425,0.1421072175635988,0.004462617692202221,151.0467517025753,1.0,1
ds4,6,285.25,1,0,test,12.669702391016028,116.82569010904476,0.7965815229691096,0.004961780934278849,129.49539250006077,1.0,1
ds4,6,285.75,1,0,test,11.178218093947795,110.48869776168718,2.271704658322874,0.002242366328385183,121.66691585563497,1.0,1
ds4,6,286.25,1,0,test,11.8861216686813,95.77128103433063,1.2009510459002042,0.005757080650590094,107.65740270301193,1.0,1
ds4,6,286.75,1,0,test,11.371666925265245,61.960453570931996,0.9237879697829777,0.004938066437557911,73.33212049619723,0.9999999999999792,1
ds4,6,287.25,1,0,test,13.11230582347577,67.68981534959747,3.2553786341753224,0.005947994145925711,80.80212117307323,0.9999999999999994,1
ds4,6,287.75,1,0,test,10.990601791700149,48.38604878038322,1.2368080323589918,0.008577844266322755,59.37665057208337,0.99999999998365,0
ds4,6,288.25,1,0,test,11.133220367861897,31.129071390830376,16.30776313652165,0.0037491202283385563,42.26229175869227,0.9999999478736488,0
ds4,6,288.75,1,0,test,11.61521780181606,22.692449411150392,0.8541480820999279,0.0017737791424287464,34.30766721296645,0.9999979323043107,0
ds4,6,289.25,1,0,test,12.28758114026946,22.591742848526653,0.2849347741859471,0.005199261303234826,34.879323988796116,0.9999984095682929,0
ds4,6,289.75,1,0,test,13.22281985102687,9.359224135504933,0.35120217664530634,0.003196764001066542,22.5820439865318,0.999594334406289,0
ds4,6,290.25,1,0,test,15.68197075630829,18.26405923866184,2.434746925332854,0.004619715763504768,33.94602999497013,0.9999975593597951,0
ds4,6,290.75,1,0,test,14.96150345761858,4.9502567275758524,0.027785024072250773,0.004194225470143832,19.91176018519443,0.9987017159613619,0
ds4,6,291.25,1,0,test,16.133994925661188,1.4030981918145229,0.9424132121587154,0.002432478376491273,17.53709311747571,0.9964138304214684,0
ds4,6,291.75,1,0,test,17.79406435586549,5.309438178342602,0.2359901015948807,0.006297617146451022,23.103502534208094,0.9996774725496282,0
ds4,6,292.25,1,0,test,16.387938395310723,7.2561127647463115,1.1616653549285607,0.002361984580786498,23.644051160057035,0.9997458881370305,0
ds4,6,292.75,1,0,test,17.681094912042486,2.1932074452137584,0.6301780065406687,0.006276219414779576,19.874302357256244,0.9986805484171347,0
ds4,6,293.25,1,0,test,17.418661852333102,0.599682855684351,0.17355736888959292,0.005586026139496376,18.01834470801745,0.9970764987714766,0
ds4,6,293.75,1,0,test,16.761756483823806,1.0560551162048832,0.09616658581639012,0.009993193347156789,17.81781160002869,0.9968163789202265,0
ds4,6,294.25,1,0,test,16.72811019050204,2.33261993240765,0.24794985366835218,0.005891367005331556,19.06073012290969,0.998127292420476,0
ds4,6,294.75,1,0,test,18.267029212546007,0.8765963053146274,0.515103789088953,0.0047126682003659805,19.143625517860634,0.9981927530095672,0
ds4,6,295.25,1,0,test,17.079384678385235,0.3499543318742809,0.34724960149776357,0.005071165967865946,17.429339010259515,0.9962464296268649,0
ds4,6,295.75,1,0,test,16.353670117758934,0.2533914263352968,0.5116216438196921,0.009604405819171009,16.607061544094233,0.9946914233962433,0
ds4,6,296.25,1,0,test,17.20684371241061,0.6148727920005819,0.46581848308018897,0.005583606250677258,17.821716504411192,0.996821654128211,0
ds4,6,296.75,1,0,test,17.1022357541767,2.3132362879743096,7.2181902488434995,0.0036573769958965717,19.41547204215101,0.9983920450774745,0
ds4,6,297.25,1,0,test,16.713949775350574,2.966728396707607,0.21735458381986528,0.005469585045727583,19.68067817205818,0.998565601538666,0
ds4,6,297.75,1,0,test,15.293844760084069,2.7728464357310125,1.505757745551548,0.005639769536528457,18.066691195815082,0.9971360270908922,0
ds4,6,298.25,1,0,test,14.558380507993299,1.3333006716934583,0.15143440815111703,0.004998143098405554,15.891681179686756,0.9928397694405673,0
ds4,6,298.75,1,0,test,13.845355984500994,2.3104490592239264,0.23850007178441768,0.010704886816701774,16.15580504372492,0.9935869608881468,0
ds4,6,299.25,1,0,test,15.428845598680551,0.32408705584340985,0.27248141241348484,0.003936831085776425,15.752932654523962,0.992413968410833,0
ds4,6,299.75,1,0,test,13.436193851761121,0.7706850160911342,0.8544193072219726,0.006079049325803867,14.206878867852256,0.9856526546353362,0
ds4,6,300.25,1,0,test,14.164656194177748,0.9317762447424173,0.1533952111908524,0.007282467293244145,15.096432438920166,0.99004185315478,0
ds4,6,300.75,1,0,test,12.479725376871212,0.427598076488575,1.112417063813917,0.006392655381868751,12.907323453359787,0.9757370998562117,0
ds4,6,301.25,1,0,test,12.353174694775802,0.5361576661233407,0.48951012667873656,0.004257744513839568,12.889332360899143,0.9755617881330148,0
ds4,6,301.75,1,0,test,13.994292315486716,0.6222009954326283,1.1931655434703103,0.005902451467818991,14.616493310919344,0.987866933167934,0
ds4,6,302.25,1,0,test,12.338402735423385,0.08452958424809211,0.12382109632769901,0.0079327380981607,12.422932319671476,0.9705696057119941,0
ds4,6,302.75,1,0,test,11.314853231452613,0.5827027066874053,0.8242851787474361,0.006173942409273491,11.897555938140018,0.963781213993904,0
ds4,6,303.25,1,0,test,11.870771642640376,0.6602479638207452,0.7268593495142263,0.0032516465622310846,12.531019606461122,0.9718067346975313,0
ds4,6,303.75,1,0,test,10.137763381622381,0.2545779818501944,0.1850572109782009,0.004945924669933677,10.392341363472577,0.935148278514854,0
ds4,6,304.25,1,0,test,10.82072963747936,2.81480207533742,1.4635746427645517,0.008317457474242325,13.63553171281678,0.981901927569623,0
ds4,6,304.75,1,0,test,10.971017788856999,2.4832108266378468,0.7743654805185801,0.009665621324260677,13.454228615494845,0.9805256415841017,0
ds4,6,305.25,1,0,test,10.94567719240098,2.5675041162295904,0.18633315730257172,0.003257512893698044,13.513181308630571,0.9809838530768472,0
ds4,6,305.75,1,0,test,8.815483238229355,3.5386063175008133,0.8365874501407254,0.002617796655697824,12.354089555730168,0.9697547958477462,0
ds4,6,306.25,1,0,test,10.090515765428616,6.769800161286665,0.7886305018859205,0.0037573532557830963,16.86031592671528,0.9952275263184314,0
ds4,6,306.75,1,0,test,8.786858000033899,2.1626243375852816,1.9031030913597797,0.005743613556222391,10.94948233761918,0.9476091489961719,0
ds4,6,307.25,1,0,test,10.4379234227913,2.1017339055894717,1.5365372197895968,0.00731690544961817,12.539657328380772,0.971903423937534,0
ds4,6,307.75,1,0,test,9.002598026476026,2.11023204187583,0.18540254144797702,0.004665203901283897,11.112830068351855,0.9508117759946821,0
ds4,6,308.25,1,0,test,8.778606841390365,1.0882790695613118,0.7400337829739617,0.006515205552565562,9.866885910951677,0.9209039566895382,0
ds4,6,308.75,1,0,test,8.087107803525539,4.625119163370435,0.18280743312936323,0.005123323211573849,12.712226966895974,0.9737699481312321,0
ds4,6,309.25,1,0,test,8.592425996648895,4.452471929338525,0.4883805788273349,0.0077255285159614825,13.04489792598742,0.9770383608184603,0
ds4,6,309.75,1,0,test,9.269409079092837,10.838335212448653,0.2808550729594415,0.0030588760720207755,20.10774429154149,0.9988071383113343,0
ds4,6,310.25,1,0,test,10.479285059527196,5.667077537010702,21.354695074101468,0.004147500189765159,16.146362596537898,0.9935616088517142,0
ds4,6,310.75,1,0,test,8.176698260393591,8.855785662891872,1.2080049047830164,0.005159225686874518,17.03248392328546,0.995561399427346,0
ds4,6,311.25,1,0,test,7.281330680981487,11.966507297888072,0.0906164439218796,0.007628733231463989,19.24783797886956,0.9982718663017712,0
ds4,6,311.75,1,0,test,6.639074121334599,9.878797440949924,0.15568716675017083,0.007391315724163945,16.517871562284522,0.9944889715060815,0
ds4,6,312.25,1,0,test,7.436829830575358,9.95283297633088,0.21556330250627742,0.004796113608278933,17.389662806906237,0.9961828851148137,0
ds4,6,312.75,1,0,test,7.664906004038565,16.17700709723938,0.3564667958939239,0.009381916370503588,23.841913101277946,0.9997671628739606,0
ds4,6,313.25,1,0,test,6.01032476417288,11.451413149155103,0.3563291720007721,0.010380016733872904,17.461737913327983,0.9962975505048337,0
ds4,6,313.75,1,0,test,6.122346044628675,16.89343755964531,0.4697912833208219,0.0048489556196213155,23.015783604273985,0.9996647712229574,0
ds4,6,314.25,1,0,test,6.635826239735678,16.256715725410743,0.4736465872431969,0.006416956857607222,22.89254196514642,0.9996460877982412,0
ds4,6,314.75,1,0,test,6.6637606018809805,22.211864660221263,0.208312722010023,0.0039495518051697485,28.875625262102243,0.9999754727094753,0
ds4,6,315.25,1,0,test,7.371358327449677,20.801188754233237,0.5025243295285409,0.007689316056659072,28.172547081682914,0.9999663219742421,0
ds4,6,315.75,1,0,test,9.476830236713575,27.726043541802387,0.2340712924092827,0.004058816226348002,37.202873778515965,0.9999994546048274,0
ds4,6,316.25,1,0,test,9.009121782048602,24.524716909708953,4.15409745904834,0.005636986411435505,33.53383869175755,0.9999970521307673,0
ds4,6,316.75,1,0,test,8.926049370022453,19.294294992935473,0.6024558280424344,0.002283595828145581,28.220344362957924,0.9999670392915964,0
ds4,6,317.25,1,0,test,10.400946397675291,18.507088688689052,0.34115826445656705,0.0033284521774334854,28.908035086364343,0.9999758290380422,0
ds4,6,317.75,1,0,test,10.650591231121387,20.19172908046226,0.33298827422394334,0.006940692805765101,30.84232031158365,0.9999899367747228,0
ds4,6,318.25,1,0,test,9.754439197822014,27.65952695754143,0.502289273382537,0.0023286616749117707,37.41396615536345,0.999999505271312,0
ds4,6,318.75,1,0,test,11.916574221280872,18.261906278757454,7.365553473639016,0.003121100140770265,30.178480500038326,0.9999863977677071,0
ds4,6,319.25,1,0,test,10.543100964394059,21.54940957558464,1.3181688365017243,0.002485020035518841,32.0925105399787,0.9999943041664915,0
ds4,6,319.75,1,0,test,9.694127710732651,33.07501377024019,0.5453325276708376,0.0033271487961083674,42.76914148097284,0.9999999588465467,0
ds4,6,320.25,1,0,test,12.304220243878968,23.449278643365798,0.3472748507371383,0.005304324879073094,35.75349888724477,0.9999989360275915,0
ds4,6,320.75,1,0,test,12.788326395704237,33.212693407587295,2.1066491413645374,0.0018718805011308068,46.001019803291534,0.9999999909222349,0
ds4,6,321.25,1,0,test,13.395402044012817,35.84765475959304,0.9768961549993647,0.002149764290515735,49.24305680360586,0.9999999980206509,0
ds4,6,321.75,1,0,test,16.54669215296118,31.286769272584742,0.6243370019398501,0.005621226517988712,47.83346142554592,0.999999996158904,0
ds4,6,322.25,1,0,test,15.545535518926544,32.334580886906075,90.20909417835664,0.00255203319993422,47.88011640583262,0.9999999962422033,0
ds4,6,322.75,1,0,test,16.917743366310468,40.82728529994418,0.6100005730614794,0.005424499526762488,57.74502866625465,0.999999999964496,0
ds4,6,323.25,1,0,test,15.733060108179753,35.82798577518149,2.132480756980044,0.0031794584908260487,51.561045883361246,0.9999999993362907,0
ds4,6,323.75,1,0,test,16.13125959068824,47.48500069608706,0.6488194982960629,0.004134012084820031,63.6162602867753,0.9999999999978303,1
ds4,6,324.25,1,0,test,16.97005167852361,41.495630759548504,1.9281069039890404,0.0001667128114615628,58.465682438072115,0.9999999999747886,0
ds4,6,324.75,1,0,test,18.772821462972146,40.12587380320393,0.3554740632097624,0.0015870028399875597,58.89869526617608,0.9999999999794782,0
ds4,6,325.25,1,0,test,21.464869957972155,47.26937177538854,1.211720146679906,0.0036192766256344646,68.7342417333607,0.999999999999812,1
ds4,6,325.75,1,0,test,21.02901068935065,52.14493210071956,0.7558497892757694,0.008465549267640239,73.17394279007021,0.9999999999999777,1
ds4,6,326.25,1,0,test,21.099669911981167,46.72435412529721,1.6492203173232476,0.006125719628079013,67.82402403727838,0.9999999999997095,1
ds4,6,326.75,1,0,test,21.533722486013986,59.47650732949693,0.2930120890068982,0.005288390613325104,81.01022981551091,0.9999999999999994,1
ds4,6,327.25,1,0,test,20.349735963380212,68.98961456398786,0.0706560556356547,0.009494109131339593,89.33935052736807,1.0,1
ds4,6,327.75,1,0,test,20.967035092664,45.51018992594903,1.136975169638384,0.0053579750821128955,66.47722501861303,0.9999999999994468,1
ds4,6,328.25,1,0,test,22.246413498021415,59.13318873421047,0.4566602731432045,0.006492757065904741,81.37960223223189,0.9999999999999996,1
ds4,6,328.75,1,0,test,20.021073530033483,53.5484974724664,0.697933119736481,0.0065587579331405806,73.56957100249988,0.9999999999999815,1
ds4,6,329.25,1,0,test,20.649658681682475,51.89621696416137,1.9396496935164673,0.001947113966020722,72.54587564584384,0.9999999999999698,1
ds4,6,329.75,1,0,test,20.097428572575915,57.32522892763662,2.1010441190455484,0.009311292878773922,77.42265750021254,0.9999999999999971,1
ds4,6,330.25,1,0,test,20.62236832608597,66.55076405992087,4.999738251880638,0.0030697712211077565,87.17313238600684,1.0,1
ds4,6,330.75,1,0,test,20.269993249858345,65.82972583776835,0.8917090158333064,0.00473842650468516,86.0997190876267,1.0,1
ds4,6,331.25,1,0,test,17.86938459896893,72.11037651875645,12.141832742203707,0.008740710054105792,89.97976111772539,1.0,1
ds4,6,331.75,1,0,test,17.196440975920122,55.772161452148985,1.3071917602885992,0.006653931757398426,72.9686024280691,0.9999999999999754,1
ds4,6,332.25,1,0,test,17.580864985451893,59.995784774165166,0.22420447366430732,0.004471611398565904,77.57664975961706,0.9999999999999973,1
ds4,6,332.75,1,0,test,17.240385591483086,48.830797214429204,0.22609121089025835,0.005037230913309998,66.07118280591229,0.9999999999993282,1
ds4,6,333.25,1,0,test,17.619426698056376,58.65451704654857,2.5579672344045523,0.0012583781428166937,76.27394374460495,0.999999999999995,1
ds4,6,333.75,1,0,test,20.040311864398046,59.485456724470936,2.512281816802772,0.006857484536366022,79.52576858886898,0.999999999999999,1
ds4,6,334.25,1,0,test,18.541129914170504,62.66186442584359,6.352230990862567,0.00055716394424926,81.2029943400141,0.9999999999999996,1
ds4,6,334.75,1,0,test,17.408267963152674,60.757900888577815,3.2790547523877778,0.006705135343439235,78.16616885173049,0.999999999999998,1
ds4,6,335.25,1,0,test,17.083032740750202,75.91207142763541,0.07652513765694083,0.005516931452944525,92.99510416838561,1.0,1
ds4,6,335.75,1,0,test,16.878706870005537,46.91244660241184,5.0044554810252855,0.004371939332683228,63.79115347241738,0.999999999998004,1
ds4,6,336.25,1,0,test,17.49563745485742,58.63625966486775,0.9859149607356957,0.004782845019657728,76.13189711972517,0.9999999999999946,1
ds4,6,336.75,1,0,test,18.893471340226633,61.93674427418018,2.3397790081511936,0.0023021444846113744,80.83021561440681,0.9999999999999994,1
ds4,6,337.25,1,0,test,19.61292038300412,72.23526105126727,0.4211732176192341,0.003977154106364055,91.8481814342714,1.0,1
ds4,6,337.75,1,0,test,22.32249165637368,57.182084643847,1.075053220337698,0.00850151546922367,79.50457630022068,0.9999999999999989,1
ds4,6,338.25,1,0,test,21.356302524399265,50.29570209296645,0.7797651219233138,0.004496727803702441,71.65200461736572,0.9999999999999536,1
ds4,6,338.75,1,0,test,23.262235382188525,72.50889181058187,4.079276250622951,0.0010061111634871492,95.7711271927704,1.0,1
ds4,6,339.25,1,0,test,23.820402814198008,66.22947804469794,2.0870718099897076,0.003403740577724652,90.04988085889595,1.0,1
ds4,6,339.75,1,0,test,23.613429003153673,58.49001218290088,2.5121386542777255,0.0036458532014895556,82.10344118605455,0.9999999999999997,1
ds4,6,340.25,1,0,test,23.999234763280928,46.134228954379445,4.133657440441427,0.001167163887130699,70.13346371766038,0.9999999999999039,1
ds4,6,340.75,1,0,test,23.712487064281827,47.062330533689455,0.8590509241595501,0.0031988586370517236,70.77481759797128,0.9999999999999293,1
ds4,6,341.25,1,0,test,25.309101376255473,48.01435076414016,1.0675261825835312,0.0013440507213584104,73.32345214039563,0.9999999999999792,1
ds4,6,341.75,1,0,test,25.241831025575877,50.897656524999334,8.063464517252187,0.001455342343422262,76.13948755057521,0.9999999999999947,1
ds4,6,342.25,1,0,test,24.946508094300405,50.25959436495957,1.3952412193583728,0.001769459796293532,75.20610245925997,0.9999999999999916,1
ds4,6,342.75,1,0,test,25.333681071252695,56.21393291370118,3.1001731868803932,0.001544850333285066,81.54761398495387,0.9999999999999996,1
ds4,6,343.25,1,0,test,25.702652413736274,44.284070101901946,2.3714808579621143,0.005154372208783641,69.98672251563822,0.9999999999998969,1
ds4,6,343.75,1,0,test,25.51520180324715,54.740514149391565,0.6673729248910624,0.0028983698884789736,80.25571595263872,0.9999999999999992,1
ds4,6,344.25,1,0,test,26.490826919707747,50.597508453257355,2.0261960700199926,0.0055701601414937536,77.0883353729651,0.9999999999999966,1
ds4,6,344.75,1,0,test,28.440550066362974,50.55670564922096,3.2981283803300343,0.0064585770518387495,78.99725571558393,0.9999999999999987,1
ds4,6,345.25,1,0,test,28.751971029029058,56.279899262823925,3.441607813307904,0.002335273602021668,85.03187029185298,0.9999999999999999,1
ds4,6,345.75,1,0,test,28.312454073389205,43.4821277968845,1.9071367470427618,0.006262302549837985,71.7945818702737,0.9999999999999567,1
ds4,6,346.25,1,0,test,26.435903925568358,54.438020177972746,2.1187432356111993,0.0020299105019956644,80.8739241035411,0.9999999999999994,1
ds4,6,346.75,1,0,test,26.978354629310893,55.15285318057748,0.919018489872547,0.001077054427041087,82.13120780988837,0.9999999999999997,1
ds4,6,347.25,1,0,test,27.429772472246686,57.88794733875435,6.895740376259947,0.002550969253839802,85.31771981100104,0.9999999999999999,1
ds4,6,347.75,1,0,test,27.188539559554574,75.84734310909452,9.376461012640956,0.0037525199945364716,103.0358826686491,1.0,1
ds4,6,348.25,1,0,test,28.961098806605175,63.60812915227571,1.128840233592275,0.0032126907619584757,92.56922795888089,1.0,1
ds4,6,348.75,1,0,test,27.65921165232688,65.28046579258042,3.312780016460758,0.002052892642586014,92.93967744490729,1.0,1
ds4,6,349.25,1,0,test,29.16208592538739,60.67233260132161,2.070034924973309,0.00018763728730113416,89.834418526709,1.0,1
ds4,6,349.75,1,0,test,29.127162011384204,58.98217139427217,0.4819004818950161,0.00930543461317859,88.10933340565637,1.0,1
ds4,6,350.25,1,0,test,30.802025690107232,56.89894432643268,2.2330523629690044,0.0025227268110941904,87.70097001653991,1.0,1
ds4,6,350.75,1,0,test,30.608402730174657,48.05401152448198,0.22144151604824908,3.8067272915301976e-07,78.66241425465664,0.9999999999999984,1
ds4,6,351.25,1,0,test,32.00268173269072,70.82045982251607,25.90597297466281,0.0024507103703551815,102.82314155520679,1.0,1
ds4,6,351.75,1,0,test,31.39712876946972,61.682265227281,0.27406555930920107,1.1324077273867308e-07,93.07939399675072,1.0,1
ds4,6,352.25,1,0,test,32.25591921172142,60.41518113940703,0.2850101412951576,0.0011909426122262846,92.67110035112844,1.0,1
ds4,6,352.75,1,0,test,33.0998133833497,69.96418856241594,2.9806061856630235,0.0032217972281713,103.06400194576564,1.0,1
ds4,6,353.25,1,0,test,32.37954365623891,74.77903955509633,2.376112617794058,0.001451972441969286,107.15858321133524,1.0,1
ds4,6,353.75,1,0,test,34.08123306786342,73.12714496015144,1.8940526006961032,7.466536310178004e-05,107.20837802801486,1.0,1
ds4,6,354.25,1,0,test,45.41252252751378,60.93554245620331,33.31306073078335,0.00019463307664022188,106.34806498371708,1.0,1
ds4,6,354.75,1,0,test,40.407749153038445,63.57292511110428,1.9641589702132922,0.00010969463643759107,103.98067426414272,1.0,1
ds4,6,355.25,1,0,test,42.287221665558334,51.531941115890746,3.217788619433349,0.00047612981579846984,93.81916278144908,1.0,1
ds4,6,355.75,1,0,test,43.737581397847634,66.40869168249513,3.6051685246038145,0.0006435128306231309,110.14627308034277,1.0,1
ds4,6,356.25,1,0,test,41.89311482114003,67.62670057351714,1.5824403492602919,0.0004446603676044767,109.51981539465717,1.0,1
ds4,6,356.75,1,0,test,43.78176358439717,68.90442875999689,37.06093804133909,3.1853826078478047e-06,112.68619234439406,1.0,1
ds4,6,357.25,1,0,test,46.06947295703924,62.194859526146914,4.049130813591641,0.001260901988085843,108.26433248318615,1.0,1
ds4,6,357.75,1,0,test,45.479233113789,66.61841655087095,11.291876630743909,0.0003914692025812449,112.09764966465994,1.0,1
ds4,6,358.25,1,0,test,45.23630265581123,53.54077886650031,4.281894407595286,0.001417431748548367,98.77708152231153,1.0,1
ds4,6,358.75,1,0,test,44.55503989827358,57.38420399501316,6.0590631743416825,6.983831616937431e-05,101.93924389328674,1.0,1
ds4,6,359.25,1,0,test,45.869435228036494,40.24032330594765,8.592618082878328,0.0027777644241918794,86.10975853398415,1.0,1
ds4,6,359.75,1,0,test,44.37099528958056,47.35921283112067,4.2720000965380285,0.001741070936849812,91.73020812070123,1.0,1
ds4,6,360.25,1,0,test,46.63735224281269,53.285632664517536,0.7367110171018032,0.002726993637017335,99.92298490733023,1.0,1
ds4,6,360.75,1,0,test,44.952532622176925,66.62911593346577,3.008993210521315,0.0012214844520551749,111.58164855564269,1.0,1
ds4,6,361.25,1,0,test,45.523168434780146,67.5299696751082,1.9309261635043573,0.004961245612829469,113.05313810988835,1.0,1
ds4,6,361.75,1,0,test,44.14599396366667,68.89551876506575,0.600198720778796,0.0019241462158658216,113.04151272873241,1.0,1
ds4,6,362.25,1,0,test,43.35020367356068,75.49379651376222,12.442406709184112,0.002976697939962196,118.8440001873229,1.0,1
ds4,6,362.75,1,0,test,40.05246517976884,56.63184112325534,1.918237439381583,0.0005824627949158331,96.68430630302419,1.0,1
ds4,6,363.25,1,0,test,38.66679271528007,70.64557438950183,2.4208079562892144,0.0005380541595095124,109.3123671047819,1.0,1
ds4,6,363.75,1,0,test,37.01714981303703,77.23152806741206,2.5288730994205526,5.2852253900068865e-05,114.2486778804491,1.0,1
ds4,6,364.25,1,0,test,38.40272102631636,50.29582754635605,0.4856999613645271,0.00012427125600359765,88.69854857267241,1.0,1
ds4,6,364.75,1,0,test,38.20352282376129,62.00573578599487,14.907729787027547,0.0012680721754907435,100.20925860975616,1.0,1
ds4,6,365.25,1,0,test,36.74317766306754,61.79063137358145,3.4212338444217374,0.0017429706535051148,98.53380903664899,1.0,1
ds4,6,365.75,1,0,test,34.913071119313,68.9560554621194,1.8492486883723656,0.001279965167856157,103.8691265814324,1.0,1
ds4,6,366.25,1,0,test,37.742455116960535,57.918281684687244,0.644676726048069,0.0008481845692284478,95.66073680164777,1.0,1
ds4,6,366.75,1,0,test,37.42934201821498,56.44144561413566,1.6830507484055843,3.521920549961809e-05,93.87078763235064,1.0,1
ds4,6,367.25,1,0,test,39.06915172584255,61.560069816282386,0.3183930810653283,0.002498466175550017,100.62922154212494,1.0,1
ds4,6,367.75,1,0,test,41.283733040940746,55.464974422319244,0.8944613387351352,0.0015725386540660856,96.74870746325999,1.0,1
ds4,6,368.25,1,0,test,42.29964490694204,64.50668220700227,0.07674184790247221,0.0014409321186910253,106.80632711394432,1.0,1
ds4,6,368.75,1,0,test,40.91707599817827,52.09877835020144,0.1589678507230629,0.0035492610242568237,93.01585434837972,1.0,1
ds4,6,369.25,1,0,test,38.97876830757661,46.30631982701926,0.23800996166406724,0.0029215439754829804,85.28508813459587,0.9999999999999999,1
ds4,6,369.75,1,0,test,38.43034345599477,71.27494419745227,0.6077341703874851,0.004261256910407817,109.70528765344704,1.0,1
ds4,6,370.25,1,0,test,38.60842645203007,60.514303804697526,86.22898643693188,0.0015818526741887666,99.1227302567276,1.0,1
ds4,6,370.75,1,0,test,37.16260048860158,56.90890006950316,3.1655329258416276,0.00040168800938394504,94.07150055810474,1.0,1
ds4,6,371.25,1,0,test,37.251418498218875,55.24676101897079,0.2909811059900338,0.0008121364680068283,92.49817951718967,1.0,1
ds4,6,371.75,1,0,test,36.76161766190655,62.84777621592947,1.1460096936837771,0.0044714950395920595,99.60939387783603,1.0,1
ds4,6,372.25,1,0,test,36.101569752212754,62.25720805323983,0.390236358002536,0.001214598933443539,98.35877780545258,1.0,1
ds4,6,372.75,1,0,test,33.72147754239845,63.122023034291665,0.7154529665357631,0.002125108706241571,96.84350057669012,1.0,1
ds4,6,373.25,1,0,test,33.56649877230565,66.8904907624374,0.7760911561728872,0.005216739520134153,100.45698953474304,1.0,1
ds4,6,373.75,1,0,test,33.0624225233376,60.24060543339127,0.06037832269461405,0.009034067246422892,93.30302795672887,1.0,1
ds4,6,374.25,1,0,test,31.221174912590236,61.3300282222933,0.10110867709082849,0.002765971306161404,92.55120313488354,1.0,1
ds4,6,374.75,1,0,test,31.26009239224744,66.29043362766247,0.16915624967506887,0.0021736568418182826,97.55052601990991,1.0,1
ds4,6,375.25,1,0,test,28.90935595531218,58.38557928129411,0.8193573014159763,0.0042600820008153,87.29493523660629,1.0,1
ds4,6,375.75,1,0,test,29.546056264107513,62.8711612079414,1.5161674478876805,0.0044782843975438285,92.41721747204892,1.0,1
ds4,6,376.25,1,0,test,27.85220362902409,56.09588556315782,0.052060585973782,0.002963995488875819,83.94808919218191,0.9999999999999999,1
ds4,6,376.75,1,0,test,26.3417382622015,73.22271464484513,4.173641610556231,0.007159736612569244,99.56445290704663,1.0,1
ds4,6,377.25,1,0,test,25.29935545928064,72.78019545956752,0.18723651774001407,0.00787337817567066,98.07955091884816,1.0,1
ds4,6,377.75,1,0,test,23.644196946458145,71.38597513268375,0.8968052350555958,0.004007331707441159,95.03017207914189,1.0,1
ds4,6,378.25,1,0,test,23.360997593497938,85.9468402757701,1.6294402515727662,0.005392026628574415,109.30783786926804,1.0,1
ds4,6,378.75,1,0,test,22.310661889206102,63.76134260274506,1.2986220257711982,0.00487305136748695,86.07200449195116,1.0,1
ds4,6,379.25,1,0,test,21.561274568872122,70.72499425077207,0.9842514647070085,0.005414099968723963,92.28626881964419,1.0,1
ds4,6,379.75,1,0,test,22.82986628962001,74.50617748805449,0.6326707383820656,0.002970917153614002,97.3360437776745,1.0,1
ds4,6,380.25,1,0,test,20.298136081994574,65.8179804310243,1.4184781558388313,0.006803868231660937,86.11611651301887,1.0,1
ds4,6,380.75,1,0,test,20.175396692031477,41.87144995636787,0.43735455881598156,0.006280823537804994,62.046846648399345,0.9999999999954141,1
ds4,6,381.25,1,0,test,20.052598921006886,66.72452291652206,2.019212732030483,0.007679872985838914,86.77712183752895,1.0,1
ds4,6,381.75,1,0,test,19.366964397534215,83.46390290977934,0.7169100290643727,0.005468848596753807,102.83086730731355,1.0,1
ds4,6,382.25,1,0,test,18.119897132419737,64.90104790615737,0.14199680119749744,0.005449025832553707,83.02094503857711,0.9999999999999998,1
ds4,6,382.75,1,0,test,16.743452977391353,71.64997482379101,0.12794952303608276,0.008063692130881555,88.39342780118237,1.0,1
ds4,6,383.25,1,0,test,27.007259631081443,54.11261731185935,2.6446024646083575,0.004837735274771982,81.11987694294079,0.9999999999999996,1
ds4,6,383.75,1,0,test,20.16091447289791,69.22848206849959,0.8250990996325763,0.0026192211989762033,89.3893965413975,1.0,1
ds4,6,384.25,1,0,test,13.312012904822573,74.15173291944681,0.8049088852958098,0.006719805615052766,87.46374582426938,1.0,1
ds4,6,384.75,1,0,test,11.70947376192428,60.58556910435241,0.7335211468556839,0.0033772223398083963,72.29504286627669,0.9999999999999659,1
ds4,6,385.25,1,0,test,11.593456275612054,63.89860973558518,0.4245685616405457,0.007702867207296397,75.49206601119724,0.9999999999999927,1
ds4,6,385.75,1,0,test,12.706498710645375,54.84694192613777,0.3348354840608435,0.006234751945746649,67.55344063678314,0.9999999999996694,1
ds4,6,386.25,1,0,test,12.796579235490379,81.15474365375663,0.4063983411743461,0.00927885210272386,93.95132288924701,1.0,1
ds4,6,386.75,1,0,test,11.988204316066891,68.87328974459759,0.31739447180808233,0.005470496726820476,80.86149406066448,0.9999999999999994,1
ds4,6,387.25,1,0,test,12.448761042970245,75.42048779548283,0.7239200791975778,0.0038434863339603504,87.86924883845307,1.0,1
ds4,6,387.75,1,0,test,11.87584768697899,60.98738761309746,0.43786157286063865,0.007709881773362552,72.86323530007645,0.999999999999974,1
ds4,6,388.25,1,0,test,13.016055321330843,61.21273120680429,0.34138436319375637,0.004690147811627855,74.22878652813513,0.9999999999999866,1
ds4,6,388.75,1,0,test,13.481876593064975,62.62840400037542,0.3849987183616578,0.006254779210452149,76.1102805934404,0.9999999999999946,1
ds4,6,389.25,1,0,test,14.19525224917654,55.84529525240664,0.6250898764472038,0.004100588914898966,70.04054750158318,0.9999999999998995,1
ds4,6,389.75,1,0,test,12.01725239873139,56.37920582589383,1.1310407606100181,0.004392617332529559,68.39645822462522,0.9999999999997791,1
ds4,6,390.25,1,0,test,11.702243683805039,68.87961670796193,0.9511520473832051,0.008245814883136485,80.58186039176697,0.9999999999999993,1
ds4,6,390.75,1,0,test,12.472168274016786,60.9535811513136,0.8189564244507865,0.009596510123064901,73.42574942533038,0.9999999999999802,1
ds4,6,391.25,1,0,test,15.49725360925708,58.6562480279545,0.24898944196362335,0.006657203555807833,74.15350163721158,0.999999999999986,1
ds4,6,391.75,1,0,test,12.149017400305953,61.71103795638252,1.1601117175892341,0.005151476014648895,73.86005535668848,0.9999999999999839,1
ds4,6,392.25,1,0,test,12.094607990015437,59.87094085493054,0.2967806494600744,0.004297076532049634,71.96554884494597,0.99999999999996,1
ds4,6,392.75,1,0,test,13.213259947656251,71.51969008661439,0.27979772913510703,0.006018854250878531,84.73295003427064,0.9999999999999999,1
ds4,6,393.25,1,0,test,10.595338038054805,61.999939185349426,0.3665106412441097,0.005018839080250846,72.59527722340422,0.9999999999999705,1
ds4,6,393.75,1,0,test,9.982435958257387,84.9019287468002,1.3148115479382787,0.0064350015946399155,94.88436470505758,1.0,1
ds4,6,394.25,1,0,test,9.372015313134705,64.80632154969446,0.31480825805611484,0.005354420603587785,74.17833686282917,0.9999999999999862,1
ds4,6,394.75,1,0,test,9.762517071661547,70.43042513829238,0.6266738161525781,0.0057985026994520706,80.19294220995393,0.9999999999999992,1
ds4,6,395.25,1,0,test,10.490645729307099,69.03221621869145,0.3736351454748806,0.0050970796578605655,79.52286194799855,0.9999999999999989,1
ds4,6,395.75,1,0,test,10.865924835976244,91.81128362596358,1.6253080576912364,0.0064407238539179595,102.67720846193983,1.0,1
ds4,6,396.25,1,0,test,10.838755676301739,84.79654062964241,0.6563965335933593,0.006117682952674792,95.63529630594415,1.0,1
ds4,6,396.75,1,0,test,12.185992426382105,91.7389610107708,0.8179058843897126,0.006055066094839284,103.9249534371529,1.0,1
ds4,6,397.25,1,0,test,12.064512234796469,77.27403838066549,3.327344585599293,0.00702138358109017,89.33855061546195,1.0,1
ds4,6,397.75,1,0,test,12.001225209501689,83.7780483183889,0.8966633034562659,0.003080152753242294,95.77927352789058,1.0,1
ds4,6,398.25,1,0,test,10.389184035642003,75.32093067695567,0.6532828362054092,0.00842456684250326,85.71011471259767,1.0,1
ds4,6,398.75,1,0,test,11.417579581254685,81.3520749152739,0.37570671228183955,0.006014094042210846,92.76965449652859,1.0,1
ds4,6,399.25,1,0,test,7.914112578480815,88.80086390705235,0.32950756751634047,0.004607061307027824,96.71497648553316,1.0,1
ds4,6,399.75,1,0,test,7.737213657792724,89.35516191430835,0.42122041012514405,0.0062341973494929835,97.09237557210108,1.0,1
ds4,6,400.25,1,0,test,6.984216114384074,81.96544600421913,0.37838374174917583,0.006125356801293385,88.9496621186032,1.0,1
ds4,6,400.75,1,0,test,7.9325983672128455,73.90879610903356,1.600621704361104,0.002892890904272291,81.8413944762464,0.9999999999999997,1
ds4,6,401.25,1,0,test,7.248487484826442,76.42701032137478,1.0043432212146235,0.008221363806849725,83.67549780620122,0.9999999999999999,1
ds4,6,401.75,1,0,test,7.511691027887408,82.8554774371529,0.577336072168819,0.006074127446500875,90.36716846504031,1.0,1
ds4,6,402.25,1,0,test,18.215732370979154,86.50283814375892,3.834510102096281,0.0037342340897684634,104.71857051473808,1.0,1
ds4,6,402.75,1,0,test,10.300776003575228,76.63809831993703,0.2878852079968979,0.006308487951643346,86.93887432351225,1.0,1
ds4,6,403.25,1,0,test,11.19892990955631,85.64683323615301,0.2336555599371782,0.002634374561451057,96.84576314570933,1.0,1
ds4,6,403.75,1,0,test,11.958525736593742,81.51307516770544,1.0312915603615265,0.0028265449913360777,93.47160090429918,1.0,1
ds4,6,404.25,1,0,test,13.191359816045107,78.50376394479258,0.9433782297458768,0.0029318122173746805,91.69512376083769,1.0,1
ds4,6,404.75,1,0,test,13.253388268590406,86.42726384106156,0.12300868798642037,0.0031474002405152256,99.68065210965196,1.0,1
ds4,6,405.25,1,0,test,13.269648503651181,74.07087748188485,0.243877323325084,0.0012312182443606201,87.34052598553603,1.0,1
ds4,6,405.75,1,0,test,14.075574643431821,65.52491572329097,0.2999687507549364,0.004926540610046806,79.6004903667228,0.999999999999999,1
ds4,6,406.25,1,0,test,16.36296079900507,60.26645476782056,0.3841849926076509,0.004931778938214066,76.62941556682563,0.9999999999999958,1
ds4,6,406.75,1,0,test,14.322157926059178,64.96408269544558,0.2976378355321662,0.0036748409704101047,79.28624062150476,0.9999999999999988,1
ds4,6,407.25,1,0,test,15.39225742177707,62.83176818208241,0.38706018433427974,0.010550411266410934,78.22402560385949,0.999999999999998,1
ds4,6,407.75,1,0,test,13.609019247316382,69.00559603254283,0.3030885034679626,0.007081662425054588,82.61461527985921,0.9999999999999998,1
ds4,6,408.25,1,0,test,13.165936950954064,76.87348739732565,1.3966974262812684,0.0019571911304385884,90.03942434827971,1.0,1
ds4,6,408.75,1,0,test,11.481666533532339,85.11304155124287,0.2589633405682778,0.0037905792645552506,96.5947080847752,1.0,1
ds4,6,409.25,1,0,test,11.281850785935386,88.85325448124975,0.22986456085125312,0.005096597186277245,100.13510526718514,1.0,1
ds4,6,409.75,1,0,test,13.44174869855912,84.80091052985391,0.5361194412916332,0.006683589239117926,98.24265922841303,1.0,1
ds4,6,410.25,1,0,test,12.147272987534366,90.11537407239241,0.19981122586395939,0.006054305526886228,102.26264705992678,1.0,1
ds4,6,410.75,1,0,test,12.796989872365286,81.98998567102511,0.5715635814819816,0.005982213872614016,94.7869755433904,1.0,1
ds4,6,411.25,1,0,test,14.630929888559496,93.90613756052038,1.261795500068172,0.0032610384213360055,108.53706744907987,1.0,1
ds4,6,411.75,1,0,test,16.19919702884017,92.76532157226016,0.996598879563449,0.0028831813318827212,108.96451860110034,1.0,1
ds4,6,412.25,1,0,test,14.509942929534436,102.62273733468601,3.55488688470559,0.005391755041609595,117.13268026422044,1.0,1
ds4,6,412.75,1,0,test,14.444817979501902,94.37478455993613,2.384572207276704,0.009240444049265127,108.81960253943804,1.0,1
ds4,6,413.25,1,0,test,14.603801352939051,109.90814327780797,0.4289423901006921,0.007152768203532577,124.51194463074702,1.0,1
ds4,6,413.75,1,0,test,14.786904135182668,113.99402206707207,0.507654689435124,0.003797570383318012,128.78092620225473,1.0,1
ds4,6,414.25,1,0,test,13.592400222104148,91.80347465786357,0.3869760227637533,0.007510887180647006,105.39587487996772,1.0,1
ds4,6,414.75,1,0,test,13.466291208770656,102.51084430418454,0.5955834556279361,0.005994388889591111,115.9771355129552,1.0,1
ds4,6,415.25,1,0,test,13.839262027745487,101.01716789807263,1.718270354143662,0.004476898902806944,114.85642992581812,1.0,1
ds4,6,415.75,1,0,test,14.05032047495629,104.95317550794564,0.2887764100845629,0.005712262492529888,119.00349598290194,1.0,1
ds4,6,416.25,1,0,test,14.745335068668355,104.1617855661878,0.2822011671227484,0.005308767687237501,118.90712063485616,1.0,1
ds4,6,416.75,1,0,test,14.96499761630973,97.14453164076927,2.3555007349009207,0.00805133484267089,112.109529257079,1.0,1
ds4,6,417.25,1,0,test,14.380274478080333,101.54657713420846,0.856971637966023,0.007500114314124055,115.9268516122888,1.0,1
ds4,6,417.75,1,0,test,14.82025201500278,97.14634009100459,0.1966464390682065,0.003858147714971072,111.96659210600737,1.0,1
ds4,6,418.25,1,0,test,14.084069989493115,104.47194657765282,0.23753942619360602,0.004312802669902115,118.55601656714593,1.0,1
ds4,6,418.75,1,0,test,13.978030938437517,95.25942292405837,1.5489934144541595,0.006549954432421102,109.23745386249588,1.0,1
ds4,6,419.25,1,0,test,14.585525964415334,111.37013945458008,0.3229121596579237,0.0073281215110830395,125.95566541899542,1.0,1
ds4,6,419.75,1,0,test,14.528677090651446,86.83956279383742,0.9102520976645992,0.0021204766200427884,101.36823988448886,1.0,1
ds4,6,420.25,1,0,test,12.935351536970645,94.00105514479849,1.649006819705832,0.009197525054371705,106.93640668176913,1.0,1
ds4,6,420.75,1,0,test,11.996124884318792,84.16672920366697,0.5519026603015743,0.002620933930062472,96.16285408798576,1.0,1
ds4,6,421.25,1,0,test,12.266918133199445,83.95042393346903,0.5963104912946832,0.008877830962103412,96.21734206666846,1.0,1
ds4,6,421.75,1,0,test,11.472448909547545,74.6435005396569,0.19801199499505678,0.0033540015669317994,86.11594944920444,1.0,1
ds4,6,422.25,1,0,test,11.656111163206894,72.38882525252903,0.3295233159126657,0.006501399302832571,84.04493641573592,0.9999999999999999,1
ds4,6,422.75,1,0,test,11.792875233862265,90.33126338497735,0.28910874699909556,0.0033442374689704327,102.12413861883961,1.0,1
ds4,6,423.25,1,0,test,11.010684879238033,59.815278814982165,0.1580507580655426,0.004793342073166466,70.82596369422019,0.999999999999931,1
ds4,6,423.75,1,0,test,10.964806571267932,84.1980260820621,0.5250585921064765,0.005510230079902424,95.16283265333003,1.0,1
ds4,6,424.25,1,0,test,17.32283375979104,75.80985501458673,0.18473964059016204,0.008304106025190647,93.13268877437777,1.0,1
ds4,6,424.75,1,0,test,9.485057482058293,66.68704431540162,0.8241478707943533,0.011073335825638006,76.17210179745992,0.9999999999999947,1
ds4,6,425.25,1,0,test,8.651763858959725,91.40334307747692,0.201900829302063,0.005892056345024219,100.05510693643664,1.0,1
ds4,6,425.75,1,0,test,9.735080151301553,79.31793010237861,4.236689425966982,0.003365355520929684,89.05301025368016,1.0,1
ds4,6,426.25,1,0,test,10.345596394863273,84.58704079201048,1.5912540185479929,0.007069406904089788,94.93263718687376,1.0,1
ds4,6,426.75,1,0,test,11.795229400879567,86.84800751401501,0.11161123331712992,0.008406883248359592,98.64323691489457,1.0,1
ds4,6,427.25,1,0,test,10.724542946440224,97.71150247882613,0.8951998826497208,0.008691725821135973,108.43604542526636,1.0,1
ds4,6,427.75,1,0,test,10.69966275678435,94.06535560918354,0.847795174594325,0.007209142550498898,104.76501836596789,1.0,1
ds4,6,428.25,1,0,test,11.648023208726118,80.2437730023839,0.7476429995253921,0.006548176827472868,91.89179621111002,1.0,1
ds4,6,428.75,1,0,test,10.896389088661488,83.37861605568818,0.16881163877589933,0.004701765355435093,94.27500514434968,1.0,1
ds4,6,429.25,1,0,test,11.477878447811884,98.18519168724713,0.23110758117078664,0.004746818244355206,109.66307013505902,1.0,1
ds4,6,429.75,1,0,test,11.040566345590964,92.46140299904981,0.9857870818884495,0.009408099011713396,103.50196934464077,1.0,1
ds4,6,430.25,1,0,test,12.186878858978654,111.45503951805836,0.12909718409398002,0.005598240755240286,123.64191837703702,1.0,1
ds4,6,430.75,1,0,test,12.942772615817587,98.01584709155304,0.11445755823226986,0.002739188791087975,110.95861970737063,1.0,1
ds4,6,431.25,1,0,test,15.338564597896061,90.55364125299607,0.5613515622815957,0.00418690751232555,105.89220585089214,1.0,1
ds4,6,431.75,1,0,test,10.346429272096803,88.46205464308495,0.07306111170561308,0.0077872289705124866,98.80848391518175,1.0,1
ds4,6,432.25,1,0,test,11.665090824294696,99.98838229106954,0.22651264007785218,0.005893902551126725,111.65347311536424,1.0,1
ds4,6,432.75,1,0,test,11.105633473381525,109.93404620283371,0.8304181278306518,0.0066681509580564435,121.03967967621524,1.0,1
ds4,6,433.25,1,0,test,11.407171840417305,90.42460275232494,0.26610160224317764,0.004202659570882585,101.83177459274225,1.0,1
ds4,6,433.75,1,0,test,11.27690440318826,109.66250520494361,0.28415771914435956,0.008571098846344615,120.93940960813187,1.0,1
ds4,6,434.25,1,0,test,12.276529651181633,110.30101568025036,0.15361368557231686,0.007296645883168621,122.57754533143199,1.0,1
ds4,6,434.75,1,0,test,12.256946538791373,96.69038238147303,0.3003639947370224,0.007651705640593337,108.9473289202644,1.0,1
ds4,6,435.25,1,0,test,13.897024961984494,96.42013228958508,0.5149498208807384,0.007381634401987884,110.31715725156958,1.0,1
ds4,6,435.75,1,0,test,13.22615957527802,111.03624822167023,0.6211182976022337,0.005696556207082294,124.26240779694825,1.0,1
ds4,6,436.25,1,0,test,13.511121174726693,107.84289702243063,0.8427392830052874,0.009317321915944655,121.35401819715733,1.0,1
ds4,6,436.75,1,0,test,14.855863754654287,79.59572142890443,1.014332684723474,0.008109041357180064,94.4515851835587,1.0,1
ds4,6,437.25,1,0,test,13.90906857581027,98.61406048279152,0.2853815997730202,0.005036933560822775,112.52312905860178,1.0,1
ds4,6,437.75,1,0,test,14.517000056726648,97.55540921149155,0.6790963316191649,0.006211424117860547,112.0724092682182,1.0,1
ds4,6,438.25,1,0,test,12.991711173709797,120.36608539720882,0.5556616422846261,0.0051361606430665,133.35779657091862,1.0,1
ds4,6,438.75,1,0,test,13.484045512392528,93.28157284827778,0.774811517770717,0.005971091495913013,106.7656183606703,1.0,1
ds4,6,439.25,1,0,test,15.508768956656324,89.05217780922008,0.9487263828990469,0.005923578844939724,104.56094676587641,1.0,1
ds4,6,439.75,1,0,test,14.251017413680618,114.6862735339397,0.5786857993889463,0.004605950679182212,128.9372909476203,1.0,1
ds4,6,440.25,1,0,test,15.372778168705935,84.84142007623386,0.8058854192392465,0.0007984161559716226,100.2141982449398,1.0,1
ds4,6,440.75,1,0,test,15.338705443634872,96.79845452842952,0.32473662411116605,0.007149356059682648,112.13715997206438,1.0,1
ds4,6,441.25,1,0,test,13.50545432756194,95.31726024239578,0.3038953165552903,0.005384723171043229,108.82271456995771,1.0,1
ds4,6,441.75,1,0,test,13.669618071631595,103.78440538700423,0.5153860130948984,0.009073854659755572,117.45402345863582,1.0,1
ds4,6,442.25,1,0,test,13.35744412427869,89.66239046103763,1.144105937406973,0.003913999733600686,103.01983458531632,1.0,1
ds4,6,442.75,1,0,test,14.781287751533815,87.78142697359401,0.21179479007703814,0.00371081623214982,102.56271472512782,1.0,1
ds4,6,443.25,1,0,test,15.188054530282647,101.58436495526713,0.34074258916300487,0.0046482574656968815,116.77241948554978,1.0,1
ds4,6,443.75,1,0,test,16.527602265267852,101.8169536215579,2.6868262107256373,0.0041596411198331715,118.34455588682576,1.0,1
ds4,6,444.25,1,0,test,14.825954861514095,98.98925905664986,8.696553905454953,0.004961514047568189,113.81521391816395,1.0,1
ds4,6,444.75,1,0,test,14.61648464460305,98.16530843084739,0.5271964597735092,0.009730582449004578,112.78179307545044,1.0,1
ds4,6,445.25,1,0,test,14.017496314259898,100.72718566891164,0.6979510873130641,0.0028126250005033023,114.74468198317155,1.0,1
ds4,6,445.75,1,0,test,13.425512194842772,117.77926197529267,0.5215034139179281,0.0033089033451448365,131.20477417013544,1.0,1
ds4,6,446.25,1,0,test,14.753091460945427,112.16311925625719,2.256632984249975,0.007859888180765285,126.91621071720262,1.0,1
ds4,6,446.75,1,0,test,15.899582221088675,96.98789803148586,0.11326947237326948,0.009745274127064177,112.88748025257453,1.0,1
ds4,6,447.25,1,0,test,15.514533715209375,104.00444666512062,2.0548111491758982,0.00540192377703713,119.51898038032999,1.0,1
ds4,6,447.75,1,0,test,14.537207726468505,98.55301590851994,0.05866185361852855,0.004667832192591783,113.09022363498845,1.0,1
ds4,6,448.25,1,0,test,13.515465840961054,95.41445399713088,0.14287971532536178,0.005231437235542649,108.92991983809193,1.0,1
ds4,6,448.75,1,0,test,13.57200611455904,110.85092798168816,1.370802882873859,0.004255475158750413,124.4229340962472,1.0,1
ds4,6,449.25,1,0,test,14.073600272751559,91.73442933245119,0.1888807217569004,0.007581260199492567,105.80802960520275,1.0,1
ds4,6,449.75,1,0,test,14.347633800785115,109.84441388238243,1.1523257122223145,0.004245174232983843,124.19204768316754,1.0,1
ds4,6,450.25,1,0,test,14.800475511493003,71.1327552520298,0.09639527026948475,0.004897508277499943,85.9332307635228,1.0,1
ds4,6,450.75,1,0,test,15.202627957068712,93.69344326881152,0.8849660486133923,0.005712469691579419,108.89607122588023,1.0,1
ds4,6,451.25,1,0,test,16.814203456091647,86.21278271192593,0.21358972426959058,0.003110554823586487,103.02698616801757,1.0,1
ds4,6,451.75,1,0,test,17.143096216292516,92.9680174610764,0.7168933024138953,0.0013803222984334045,110.11111367736892,1.0,1
ds4,6,452.25,1,0,test,16.693394234109572,111.38369733107733,0.7197526040975808,0.007600809181847272,128.0770915651869,1.0,1
ds4,6,452.75,1,0,test,20.069320971808835,104.3483562992678,0.0504457792152353,0.005690432957160172,124.41767727107664,1.0,1
ds4,6,453.25,1,0,test,27.5406942859173,126.12572864636252,0.35112824418955774,0.003039528261548269,153.66642293227983,1.0,1
ds4,6,453.75,1,0,test,21.827569195575336,95.82953271544558,0.9621585986642048,0.004138106744300002,117.65710191102092,1.0,1
ds4,6,454.25,1,0,test,22.71283962066494,132.2681832830137,0.9127383315430205,0.010859102554452908,154.98102290367865,1.0,1
ds4,6,454.75,1,0,test,23.287902790698233,96.99503427422654,0.45350089351016115,0.007200497657107903,120.28293706492477,1.0,1
ds4,6,455.25,1,0,test,22.830858673826423,115.63809128251171,3.7679026984705337,0.0035901431204063854,138.46894995633812,1.0,1
ds4,6,455.75,1,0,test,23.86505531218369,108.11796667802449,0.02257181455628289,0.0019187450018726142,131.9830219902082,1.0,1
ds4,6,456.25,1,0,test,25.74042126405435,113.62553859039971,0.8522911109077556,0.00015858082545014247,139.36595985445408,1.0,1
ds4,6,456.75,1,0,test,26.423389184599607,117.56202108779986,11.086683576000597,0.0013387687183754587,143.98541027239946,1.0,1
ds4,6,457.25,1,0,test,27.33477706905236,111.07119184522735,2.106529731790205,0.003103017512122949,138.4059689142797,1.0,1
ds4,6,457.75,1,0,test,28.702535516032587,103.07794148343872,0.08181929599986773,0.005092111819233115,131.78047699947132,1.0,1
ds4,6,458.25,1,0,test,30.05753082090868,120.45013969929677,1.4050805058490854,0.005095291970677934,150.50767052020547,1.0,1
ds4,7,0.25,0,0,test,2740.7191971837824,7855.787422953116,344841166.53923017,885.191554443252,10596.506620136899,1.0,1
ds4,7,0.75,0,0,test,19.42387002429815,7731.723605247568,2846707.530653742,37.54708539653257,7751.147475271867,1.0,1
ds4,7,1.25,0,0,test,66.62935056880215,7703.451771684488,10529857.049787853,0.011952573576516934,7770.08112225329,1.0,1
ds4,7,1.75,0,0,test,16.314905901413315,7780.751603323823,498867.33944633004,0.002452510787426773,7797.066509225236,1.0,1
ds4,7,2.25,0,0,test,10.068850120630362,7542.150271603746,457683.9738111097,0.00014513220109852902,7552.219121724376,1.0,1
ds4,7,2.75,0,0,test,278.57419166167233,7747.396732978936,428180.86633438163,0.00023646306822686666,8025.970924640608,1.0,1
ds4,7,3.25,0,0,test,9.391344001809033,7366.267781615842,460397.1965568896,0.00047190074776414626,7375.659125617651,1.0,1
ds4,7,3.75,0,0,test,66.3289838083096,7381.476161206054,470595.00128043554,0.0002080526977073439,7447.805145014363,1.0,1
ds4,7,4.25,0,0,test,72.99393378895488,7240.417656805681,379021.6170582565,0.00013096103055238362,7313.4115905946355,1.0,1
ds4,7,4.75,0,0,test,158.12499199247236,7439.671093194175,498466.9029253966,0.0001985324124594056,7597.796085186647,1.0,1
ds4,7,5.25,0,0,test,74.13069598514952,7246.35327772928,559922.3694885958,6.346474620735789e-07,7320.48397371443,1.0,1
ds4,7,5.75,0,0,test,39.30945640481147,7183.94372874319,407741.96652403154,0.00015740489824395473,7223.253185148002,1.0,1
ds4,7,6.25,0,0,test,49.088364864439235,6712.988361214583,2570491.1979902484,5.774985002751347,6762.076726079023,1.0,1
ds4,7,6.75,0,0,test,2.1054522216682003,8.63769693667561,162643.81216838004,0.0002345275618964077,10.74314915834381,0.9432827689606939,0
ds4,7,7.25,0,0,test,1.5791595133240297,3.584421028253949,193126.3737965031,0.007149057995948674,5.1635805415779785,0.6037552696940415,0
ds4,7,7.75,0,0,test,5.346794368018784,2.0589634334814817,249856.05878238293,0.009863592867711234,7.4057578015002665,0.8078303097873066,0
ds4,7,8.25,0,0,test,2.4201559503621133,5.945546039039219,178127.292396829,0.007509578172773036,8.365701989401332,0.8628004733103642,0
ds4,7,8.75,0,0,test,0.6713960032760967,3.740060620063335,166980.3115655245,0.014778516288205668,4.411456623339432,0.5081830876152369,0
ds4,7,9.25,0,0,test,3.0592616146514984,6.265144576317562,139807.3694893343,0.017275722060122553,9.32440619096906,0.9031964491061112,0
ds4,7,9.75,0,0,test,0.8682174061886754,4.777522534369414,130541.61344218993,0.016849916090442778,5.645739940558089,0.6577705649748002,0
ds4,7,10.25,0,0,test,2.787048301899464,1.6962469124252433,103405.55098638772,0.018216264755280747,4.483295214324707,0.5178784122854221,0
ds4,7,10.75,0,0,test,3.630271175070979,2.6828079376909453,89197.86976360674,0.019727765379926616,6.313079112761924,0.7230642894977963,0
ds4,7,11.25,0,0,test,2.4398770524821947,1.0675811303191798,74912.03803597619,0.022393694350157572,3.5074581828013747,0.3777405886039071,0
ds4,7,11.75,0,0,test,3.4251054115340835,3.231129536660708,59880.84132399161,0.017155496914219113,6.656234948194792,0.7525127824182338,0
ds4,7,12.25,0,0,test,3.674876524918538,1.3858215675733154,49366.88427269953,0.011582105092755302,5.060698092491853,0.5914824498915232,0
ds4,7,12.75,0,0,test,3.1364970668681362,3.230584308750379,40816.88411502131,0.008128925294490153,6.367081375618515,0.727879482079938,0
ds4,7,13.25,0,0,test,2.8886183536311645,6.710982928640083,33181.923156322104,0.016385302769068785,9.599601282271248,0.9125913665968087,0
ds4,7,13.75,0,0,test,3.2042729520071505,1.4832281611793277,27372.51483977622,0.013001504527673147,4.687501113186478,0.5448052167035132,0
ds4,7,14.25,0,0,test,3.354690114150258,0.4927895734770027,22187.165860698045,0.01928661552994809,3.847479687627261,0.42842238617292827,0
ds4,7,14.75,0,0,test,3.0671493463554644,0.9468735017426316,18266.96928966823,0.016654845954510455,4.014022848098096,0.452601226355598,0
ds4,7,15.25,0,0,test,3.7632095512239903,10.411919467999546,15074.774296400396,0.017962684731685715,14.175129019223537,0.9854655797452399,0
ds4,7,15.75,0,0,test,8.323995281848998,1.6579937507286682,12250.240479578717,0.019855232529311047,9.981989032577665,0.924252809603558,0
ds4,7,16.25,0,0,test,5.682868695157556,3.704954960060664,9993.762695452444,0.013419775924302602,9.38782365521822,0.9054402980336534,0
ds4,7,16.75,0,0,test,4.929656491223674,2.1702191128814468,8268.997575839014,0.015216663418262295,7.0998756041051205,0.7866822203804514,0
ds4,7,17.25,0,0,test,5.825941905174432,3.0919572954842045,6658.422507313473,0.012482918502080225,8.917899200658637,0.8876159660706582,0
ds4,7,17.75,0,0,test,4.604481153444279,1.9222815631880799,5345.149989335588,0.014067381991698984,6.526762716632359,0.7417201355233742,0
ds4,7,18.25,0,0,test,5.027390306208951,1.4469366240479375,4434.615822222465,0.01976659668729046,6.474326930256889,0.737240241915649,0
ds4,7,18.75,0,0,test,4.177601458855454,3.156587507505825,3557.0822625079695,0.017290729002981776,7.334188966361279,0.8030511908407889,0
ds4,7,19.25,0,0,test,4.7733160386947935,2.5360904258892605,3002.533274182846,0.021631235170243453,7.309406464584054,0.8013725683769694,0
ds4,7,19.75,0,0,test,4.215743664914276,1.021906359380228,2391.4463463678476,0.01204063993441166,5.2376500242945045,0.6124290794492284,0
ds4,7,20.25,0,0,test,4.460534953700838,2.5185345105230876,1925.6935481193768,0.012276098951247939,6.979069464223926,0.7777984013474565,0
ds4,7,20.75,0,0,test,3.7824508255688727,1.1479325915415237,1523.5629694502295,0.01590175191064945,4.930383417110397,0.5755646958013841,0
ds4,7,21.25,0,0,test,3.108238081087466,3.1388740306083185,1317.8337739209394,0.017364023892865992,6.247112111695785,0.7170889597601287,0
ds4,7,21.75,0,0,test,3.962327469714918,1.473609557141231,1037.3707928473984,0.015837567082997748,5.435937026856148,0.6349782354032504,0
ds4,7,22.25,0,0,test,3.0306447341465486,0.5667964382148853,814.5027415765622,0.01601979028528471,3.597441172361434,0.39130247039256144,0
ds4,7,22.75,0,0,test,3.1091160457074003,1.2243467514770496,613.1856302831036,0.01760743318352092,4.33346279718445,0.4975302753357151,0
ds4,7,23.25,0,0,test,5.274023269074896,2.831542321893594,546.264879212843,0.008831701496468369,8.10556559096849,0.8494871358018258,0
ds4,7,23.75,0,0,test,2.240971455371534,0.07747013084084188,502.8738287205807,0.010051714092039891,2.318441586212376,0.1964454615414886,0
ds4,7,24.25,0,0,test,2.1519839431507752,0.7858095963836447,394.2873308277451,0.014281746069924248,2.93779353953442,0.2904241931910857,0
ds4,7,24.75,0,0,test,1.73874901756022,0.4096827521507947,306.4182403061624,0.012124415390687034,2.148431769711015,0.17175115845461095,0
ds4,7,25.25,0,0,test,2.469657680999161,0.20920561358392895,246.128350541729,0.013570797737881701,2.6788632945830897,0.25065074403353543,0
ds4,7,25.75,0,0,test,1.8553982017797388,0.006543433025948017,207.50598824304296,0.01291549048497241,1.8619416348056868,0.13210079645929618,0
ds4,7,26.25,0,0,test,1.9703134450608262,1.4116551709140155,159.0300491991568,0.01128615554025669,3.3819686159748414,0.35868241741389306,0
ds4,7,26.75,0,0,test,1.9808740349688712,0.37314399319513414,113.80004043514937,0.014246711615091872,2.3540180281640053,0.20169852895825197,0
ds4,7,27.25,0,0,test,6.108753356530324,1.0875814703142355,109.29797410867633,0.014818483507332073,7.196334826844559,0.7935566533217207,0
ds4,7,27.75,0,0,test,1.0540596281236767,0.3094388922566951,87.3620542951989,0.012565681952409133,1.3634985203803718,0.0717358873321876,0
ds4,7,28.25,0,0,test,3.523203954411272,2.6654916442746783,53.30291495550771,0.015474189001313234,6.18869559868595,0.7117113223480154,0
ds4,7,28.75,0,0,test,0.39242030179204174,0.3836677793799427,52.87992799807945,0.01831334065702126,0.7760880811719844,0.021466616479335794,0
ds4,7,29.25,0,0,test,0.5048265419708506,0.7036051325888102,40.72174061570444,0.013331958338389214,1.2084316745596608,0.05593409363351985,0
ds4,7,29.75,0,0,test,1.3741764572000372,3.6083613509544383,24.956818245788575,0.015454192925695633,4.982537808154476,0.5819849813468747,0
ds4,7,30.25,0,0,test,0.8790801162834195,0.15095083871757242,30.161801857546113,0.014467596251214583,1.030030955000992,0.03989261790321434,0
ds4,7,30.75,0,0,test,0.6155730203278261,0.38747475021659733,23.44378770866914,0.0159672034398967,1.0030477705444234,0.03768042491839746,0
ds4,7,31.25,0,0,test,1.2274407343847469,0.1820057827416372,17.45543201686772,0.013599854931053878,1.4094465171263841,0.0767228570840986,0
ds4,7,31.75,0,0,test,1.8664164600240745,2.8448909527087682,15.550305601514586,0.008335789479906677,4.711307412732843,0.5478818935525881,0
ds4,7,32.25,0,0,test,0.4280634461148982,0.3298518443305079,8.73152735051217,0.00947850374588788,0.7579152904454061,0.020360374741735486,0
ds4,7,32.75,0,0,test,2.1541988539950303,1.1077869558341782,8.790254869713285,0.014937876447458961,3.2619858098292083,0.3403335267228388,0
ds4,7,33.25,0,0,test,0.44681988725851224,0.6466743049184593,9.334344679826478,0.012399942022587498,1.0934941921769716,0.04532208350174805,0
ds4,7,33.75,0,0,test,0.20877464503044316,0.1133360736710915,5.5321391473678485,0.006611137046385265,0.3221107187015346,0.002793561784088923,0
ds4,7,34.25,0,0,test,0.19993128381144662,0.9484446444741148,7.329048837191353,0.012385248294412878,1.1483759282855615,0.05026692757816196,0
ds4,7,34.75,0,0,test,0.7723859105916413,0.06293788407803218,3.4485993204906795,0.01724794410647088,0.8353237946696734,0.025274217994555176,0
ds4,7,35.25,0,0,test,0.9344336070271131,0.13909739147992328,2.6228318008133513,0.016418349141422435,1.0735309985070365,0.04358033906070948,0
ds4,7,35.75,0,0,test,0.4973574096215098,0.5732432467907621,1.4523796725340694,0.010976773708973602,1.0706006564122719,0.04332726764149726,0
ds4,7,36.25,0,0,test,0.11265210344501479,0.6730763300512661,1.3797735667569226,0.01829901919413943,0.7857284334962809,0.02206531601995961,0
ds4,7,36.75,0,0,test,0.8058528254810112,2.7673640912375643,0.7817453215440223,0.0125161240053658,3.5732169167185757,0.38766091179402506,0
ds4,7,37.25,0,0,test,1.7054894783265666,0.3805031029970882,0.6096492164640495,0.010605385206536262,2.085992581323655,0.16287703817734492,0
ds4,7,37.75,0,0,test,2.011457841282696,0.5956090397964917,0.6360434330261916,0.00869995518659954,2.607066881079188,0.2397087488604238,0
ds4,7,38.25,0,0,test,0.8035325258832234,1.9412523258009775,7.467247369036532,0.009972079039637005,2.744784851684201,0.2607392673539316,0
ds4,7,38.75,0,0,test,0.27536072985007026,0.45810086429106106,6.747864224593814,0.00639157570135007,0.7334615941411313,0.018918123939559123,0
ds4,7,39.25,0,0,test,1.0268058167834364,0.10961994735767976,1.6221183837822808,0.011509594039667,1.1364257641411162,0.04917090373449652,0
ds4,7,39.75,0,0,test,1.4390779020869133,0.330103004617758,1.5800100167969682,0.018567464390511698,1.7691809067046713,0.11992854500447973,0
ds4,7,40.25,0,0,test,0.3686809446940522,0.23285786588632942,2.7100030551447074,0.009923336121971315,0.6015388105803816,0.012067320729693475,0
ds4,7,40.75,0,0,test,0.9311707813538629,2.3604972829179567,0.33115424767440915,0.019550041636650976,3.2916680642718195,0.34488246270691614,0
ds4,7,41.25,0,0,test,1.9461356479721443,5.595172654165569,1.4160958719932375,0.012183326056512277,7.541308302137713,0.8166072400114766,0
ds4,7,41.75,0,0,test,1.3182196056523723,1.411196285956611,0.28955066657867845,0.00893750471291326,2.7294158916089835,0.2583841381429694,0
ds4,7,42.25,0,0,test,0.6770599082039125,0.9291973293709368,0.1593246836866669,0.01822824327705703,1.6062572375748494,0.09950837553415358,0
ds4,7,42.75,0,0,test,2.1854366959870233,5.449391761124544,1.0351808531095426,0.00760333688664832,7.634828457111567,0.8224574723159918,0
ds4,7,43.25,0,0,test,1.244433337461419,1.2523466697006704,0.42539039427291725,0.011732830637705393,2.4967800071620894,0.22302006980253597,0
ds4,7,43.75,0,0,test,0.998155476766851,2.8498266313093232,0.5380033620971357,0.009574042404625423,3.8479821080761742,0.42849603045041196,0
ds4,7,44.25,0,0,test,2.790428282061902,1.904710410089279,0.06275451965581015,0.0060508145181994,4.695138692151181,0.5457937240164799,0
ds4,7,44.75,0,0,test,1.6772930792138552,1.8287080669747435,0.5313583554283824,0.01365189374933904,3.5060011461885985,0.3775202269460961,0
ds4,7,45.25,0,0,test,1.7499835892020585,0.8551524975907626,0.4833879516416817,0.013473858290460227,2.6051360867928213,0.23941525160798488,0
ds4,7,45.75,0,0,test,2.334982466633554,1.323413180424245,0.042234128581036035,0.009809446677603275,3.658395647057799,0.4004326861186738,0
ds4,7,46.25,0,0,test,1.980100368103901,2.380305351009583,24.459591806594887,0.010792350857756297,4.360405719113484,0.5012250044574371,0
ds4,7,46.75,0,0,test,4.188678870041363,9.823927015950902,1.1700695231631137,0.0034415528328578036,14.012605885992265,0.9844704601816833,0
ds4,7,47.25,0,0,test,3.464580606993755,7.38941177958665,0.6146285920551836,0.003987467184130795,10.853992386580405,0.9456470204649587,0
ds4,7,47.75,0,0,test,2.89330807496814,1.8810502850443522,1.0924883008100292,0.008859262125078505,4.774358360012492,0.5559661804316138,0
ds4,7,48.25,0,0,test,4.0207211347998255,1.8348049246633558,0.8745004821287661,0.0061128205465175505,5.855526059463181,0.6794682981029393,0
ds4,7,48.75,0,0,test,5.118718725135852,0.8437341920876276,43.47511952466407,0.0062246833090317255,5.96245291722348,0.6901104223266326,0
ds4,7,49.25,0,0,test,4.066647047491324,0.6655283814608823,0.9092771426760956,0.007241130313887303,4.732175428952207,0.5505679175368838,0
ds4,7,49.75,0,0,test,5.090823147070681,1.3851922596951594,0.6519199485508056,0.007179608481845501,6.476015406765841,0.7373854848993123,0
ds4,7,50.25,0,0,test,4.370552030669285,0.8939263720000947,1.135330935276,0.007417938550853918,5.264478402669379,0.6155372154340868,0
ds4,7,50.75,0,0,test,3.4240779015332827,1.364081081698148,0.6294510663067999,0.009198092359027453,4.788158983231431,0.5577231475551001,0
ds4,7,51.25,0,0,test,5.139852440317871,3.306909871366185,0.30031354669357596,0.007278464965413985,8.446762311684056,0.8667279974110312,0
ds4,7,51.75,0,0,test,3.863521667976118,0.6160470105965559,1.8521361410597188,0.005355988355295414,4.479568678572674,0.5173782755933738,0
ds4,7,52.25,0,0,test,4.174566414327001,1.7303484045071063,1.0139354795132143,0.009201815203568036,5.904914818834107,0.6844186312508529,0
ds4,7,52.75,0,0,test,4.422018150212679,1.4983161171927735,0.5802243350801716,0.01038284501792124,5.920334267405453,0.6859518992678983,0
ds4,7,53.25,0,0,test,5.254787066416151,3.1908755457636886,0.5401408046357732,0.008114322294503647,8.44566261217984,0.8666753976086823,0
ds4,7,53.75,0,0,test,6.042669145837698,3.9234866606681673,0.3060166865834194,0.008267602001409023,9.966155806505865,0.9238000942966297,0
ds4,7,54.25,0,0,test,4.68144916789343,3.532138843742223,0.4474557129089655,0.005318834087095853,8.213588011635652,0.8551494104080999,0
ds4,7,54.75,0,0,test,4.128458269182242,4.817671250114143,2.6337510256061316,0.007742435384280359,8.946129519296385,0.8887677413546675,0
ds4,7,55.25,0,0,test,5.1353107840665055,4.539764990156498,1.5240294464319406,0.008039798683195543,9.675075774223004,0.9150169363488567,0
ds4,7,55.75,0,0,test,4.167932506176273,4.725681062266064,0.3853448816295298,0.011812667552404775,8.893613568442337,0.8866164610380165,0
ds4,7,56.25,0,0,test,4.5075010406311184,2.7267607006861434,0.3097515775838576,0.00609600223322512,7.234261741317262,0.7962072101137525,0
ds4,7,56.75,0,0,test,5.210496837237577,1.736512767348355,0.1562302733598189,0.005782698601051033,6.947009604585932,0.775388802057723,0
ds4,7,57.25,0,0,test,5.477845209754154,1.3483465479187957,1.7616378195119753,0.004945333859778313,6.82619175767295,0.7661091093505963,0
ds4,7,57.75,0,0,test,6.210656881949207,0.9792725609439337,0.21958019636875353,0.004417318657845476,7.189929442893141,0.7931061040620841,0
ds4,7,58.25,0,0,test,7.39787712653244,0.128994812908563,13.382093662544229,0.004225338335990668,7.526871939441003,0.8156893594534861,0
ds4,7,58.75,0,0,test,6.52097475711255,0.5624473650792545,0.5912795744296824,0.00544739029244272,7.083422122191805,0.785490331571642,0
ds4,7,59.25,0,0,test,6.69286957765794,4.647998163951394,1.4056168043594506,0.006503450863787663,11.340867741609333,0.9549748878096982,0
ds4,7,59.75,0,0,test,8.275289680492351,2.313656734448513,0.2335497067382936,0.009583792721528693,10.588946414940864,0.9398326565649898,0
ds4,7,60.25,0,0,test,9.096766338028788,2.025524926555213,0.17126217135314292,0.008419255780042068,11.122291264584,0.9509914981816252,0
ds4,7,60.75,0,0,test,7.8106100423258775,4.1605092750126635,0.03898576899360096,0.006935174220227343,11.971119317338541,0.9648143373083462,0
ds4,7,61.25,0,0,test,8.410254512111868,4.510258900654089,3.702943215692896,0.00251565725824828,12.920513412765956,0.9758648607691434,0
ds4,7,61.75,0,0,test,8.8293933923645,0.8640319327953253,2.0570972828113794,0.0038496895910490356,9.693425325159826,0.9155971736140452,0
ds4,7,62.25,0,0,test,10.667551438179272,0.5091235953750344,0.6643925495081876,0.006052486057953492,11.176675033554307,0.9520125956871224,0
ds4,7,62.75,0,0,test,9.847298578827255,3.1417663843641632,1.6692726020466606,0.006384040485504604,12.989064963191417,0.9765185430030267,0
ds4,7,63.25,0,0,test,11.436647631976262,0.6745130561746634,0.8464867025745509,0.008678722098456743,12.111160688150926,0.9667040361193971,0
ds4,7,63.75,0,0,test,13.038162037647917,1.0647685919103,2.830705491769029,0.005076000941606477,14.102930629558216,0.9850313612179389,0
ds4,7,64.25,0,0,test,13.330786398123696,0.34709771849994,5.893183729756878,0.0074986790188631535,13.677884116623636,0.9822096606209729,0
ds4,7,64.75,0,0,test,11.90049828479196,0.29199369044218293,4.8785317901104595,0.004017613462228898,12.192491975234143,0.9677566982124559,0
ds4,7,65.25,0,0,test,13.04839041797271,0.20784007603579588,1.1875571311322792,0.00784782024038352,13.256230494008506,0.9789076497818646,0
ds4,7,65.75,0,0,test,14.215147136815748,0.43351033924680393,2.8790902493638875,0.004322831042113698,14.648657476062551,0.9880260520438244,0
ds4,7,66.25,0,0,test,13.898678176044713,1.246142721478,7.600119100033237,0.011909928830954682,15.144820897522713,0.9902388636900399,0
ds4,7,66.75,0,0,test,14.936282808193187,0.7731735094389539,4.074051147869951,0.005839383807577091,15.70945631763214,0.9922755466974371,0
ds4,7,67.25,0,0,test,16.456962791946417,0.42905640093214187,6.540070148236815,0.0019644574817418714,16.88601919287856,0.9952788848063976,0
ds4,7,67.75,0,0,test,17.07404857544951,0.8736703095906566,9.058274238884291,0.0012494925470239665,17.947718885040167,0.9969873539318643,0
ds4,7,68.25,0,0,test,15.546882382589189,0.07016612722963238,3.941439923998882,0.003853358620531139,15.61704850981882,0.9919731252014657,0
ds4,7,68.75,0,0,test,16.959996760254615,1.0730488108201843,11.136772441846789,0.010926747497126554,18.0330455710748,0.9970947268281954,0
ds4,7,69.25,0,0,test,16.64863472763391,4.2337964610060075,8.473686772856045,0.004237735705079814,20.88243118863992,0.9991474489247327,0
ds4,7,69.75,0,0,test,15.345416104594959,1.3105793887011346,5.625126242482575,0.013237230129387108,16.655995493296093,0.9947993960651653,0
ds4,7,70.25,0,0,test,15.704093474262216,0.28086316181165744,11.989817123498717,0.00540661512449106,15.984956636073873,0.9931128451011582,0
ds4,7,70.75,0,0,test,15.811917871860949,1.5111707439428201,4.751663527464458,0.002480321360746614,17.32308861580377,0.9960738898844704,0
ds4,7,71.25,0,0,test,13.864298509843495,1.0221267137010033,1.320781749311822,0.008208592630787654,14.8864252235445,0.989141189829509,0
ds4,7,71.75,0,0,test,15.731578758229189,0.12527523059640985,1.9873076650897221,0.0060501387926216055,15.856853988825598,0.9927351294064489,0
ds4,7,72.25,0,0,test,15.390933358099016,1.288343928938587,2.0578928091265953,0.004410251822547584,16.679277287037603,0.9948500119246172,0
ds4,7,72.75,0,0,test,13.759281753357271,0.6441137069260139,7.958218950188375,0.006119426536432386,14.403395460283285,0.9867598110817537,0
ds4,7,73.25,0,0,test,14.820916356323021,3.1948775771764075,4.245710919229467,0.010788020340198805,18.015793933499427,0.9970733246011162,0
ds4,7,73.75,0,0,test,13.353367783158193,2.078312210525377,3.2768097534198066,0.009381304912501554,15.43167999368357,0.991331369177229,0
ds4,7,74.25,0,0,test,12.594936410337988,6.7425003612633505,4.792943670299236,0.007245927641580153,19.33743677160134,0.998337158412674,0
ds4,7,74.75,0,0,test,13.998076959161402,0.20016543242467397,2.206886720796426,0.007026400439262097,14.198242391586076,0.9856019988890977,0
ds4,7,75.25,0,0,test,14.554501294020032,4.189915477060132,1.5840853473373773,0.008808159294692565,18.744416771080164,0.9978554239940663,0
ds4,7,75.75,0,0,test,13.193436351661942,1.1716589217531204,0.422310498918331,0.011255947590973597,14.365095273415063,0.9865507250127066,0
ds4,7,76.25,0,0,test,12.285008168345753,2.9661233404243084,1.5745688451094773,0.0076136566878544166,15.251131508770062,0.9906585038782748,0
ds4,7,76.75,0,0,test,12.377525156250424,2.328358588098647,2.6811578874923176,0.006438867970495306,14.705883744349071,0.9883041721184896,0
ds4,7,77.25,0,0,test,13.223899785373114,0.6548449445714167,0.5612757037005783,0.0064746017996190125,13.87874472994453,0.9836017293691106,0
ds4,7,77.75,0,0,test,12.017426891618086,0.533933624927287,0.54923156225805,0.008223924901267398,12.551360516545373,0.9720339217135973,0
ds4,7,78.25,0,0,test,12.66684924583864,0.10238144592823768,0.23100566862473476,0.012985769084866202,12.769230691766877,0.9743599826106745,0
ds4,7,78.75,0,0,test,10.476789771909422,1.7508270296685082,3.446234090507262,0.005611036452586318,12.22761680157793,0.9682014346605881,0
ds4,7,79.25,0,0,test,8.546370201895044,1.0555492011832854,0.24434036284276453,0.009038686591465945,9.60191940307833,0.9126668071231794,0
ds4,7,79.75,0,0,test,8.153362139595982,0.3889691661146123,1.0907263659248458,0.010048422774840821,8.542331305710595,0.871228516365538,0
ds4,7,80.25,0,0,test,7.649908705637136,1.8298532748367198,1.2891547747133536,0.007820048385363916,9.479761980473857,0.9086084647410342,0
ds4,7,80.75,0,0,test,7.364518635285804,1.6529319943414218,0.14648380249230042,0.009690383551968084,9.017450629627225,0.8916298678163879,0
ds4,7,81.25,0,0,test,6.781961371422163,0.31998672449915877,0.12193564794378213,0.007969345889850507,7.101948095921322,0.7868319505806232,0
ds4,7,81.75,0,0,test,6.124512154053652,0.941550120231668,0.2902860829172114,0.007376864414499326,7.066062274285319,0.7842266425999105,0
ds4,7,82.25,0,0,test,9.916003744427321,0.5785562429080054,0.0423036596467676,0.011485438078842778,10.494559987335327,0.9376247867820101,0
ds4,7,82.75,0,0,test,6.00502153110065,1.3467408755350303,1.6641382980002908,0.013127627211488323,7.351762406635681,0.8042340884626877,0
ds4,7,83.25,0,0,test,6.12500381501703,1.6053647546774918,2.1643925466282794,0.009583556208897663,7.730368569694522,0.8282650207245424,0
ds4,7,83.75,0,0,test,4.466106387931887,3.0315186302715182,2.025298073623284,0.01170300631770282,7.497625018203406,0.8138175534430891,0
ds4,7,84.25,0,0,test,3.953622331310534,0.15144291699135798,1.1609522097915612,0.00829941272394988,4.105065248301892,0.4656094653967885,0
ds4,7,84.75,0,0,test,3.405509088558866,1.8335660141096355,0.5672667800491671,0.010659656562271315,5.239075102668501,0.6125946278209751,0
ds4,7,85.25,0,0,test,2.9574642262388604,0.1385656753118565,0.8519231850622239,0.009899242991580477,3.096029901550717,0.31481635374019484,0
ds4,7,85.75,0,0,test,3.2416048816799927,7.482755580089472,0.3400167684300275,0.013055147826724754,10.724360461769464,0.9428725568540464,0
ds4,7,86.25,0,0,test,4.464892298317406,4.129639205836821,0.049009519805780576,0.011823949369799393,8.594531504154228,0.8736284869097137,0
ds4,7,86.75,0,0,test,3.161693172700887,1.693689313831563,0.071426142243305,0.010316576034311716,4.85538248653245,0.5662165796418736,0
ds4,7,87.25,0,0,test,4.943662848265501,4.403425793905164,0.5458221687725586,0.01245119552893621,9.347088642170664,0.9040045611027946,0
ds4,7,87.75,0,0,test,1.188465947105634,0.7106533273005056,0.022989464859595972,0.014236831515948805,1.8991192744061396,0.13707966647300066,0
ds4,7,88.25,0,0,test,13.27407193835952,7.16319633274128,0.0030322092279218395,0.012974374008451105,20.4372682711008,0.998965725302296,0
ds4,7,88.75,0,0,test,1.5277525890106274,1.3764443731644902,0.25462617491810136,0.013775640178256813,2.9041969621751176,0.2852470464264055,0
ds4,7,89.25,0,0,test,0.018470472249340873,9.179767368131285,0.3186366515936557,0.011572639074892524,9.198237840380626,0.8985863945235509,0
ds4,7,89.75,0,0,test,0.6382199799816923,4.869659658628529,0.766828422121036,0.01095023051916981,5.507879638610222,0.6429173764935908,0
ds4,7,90.25,0,0,test,0.028942058879206194,0.857453660239809,1.6023136252690984,0.014103431864274985,0.8863957191190152,0.028801284518441682,0
ds4,7,90.75,0,0,test,1.0947664960579684,0.7629908139979608,0.39825820602517115,0.01521728919228954,1.8577573100559293,0.13154390622903894,0
ds4,7,91.25,0,0,test,0.33275758371407466,2.5029323993335786,0.3171665447024867,0.01608381139164894,2.8356899830476534,0.2747003143686738,0
ds4,7,91.75,0,0,test,0.11111861335194656,2.1845402534598706,0.7677422099835761,0.01238087560727066,2.295658866811817,0.19309574606236332,0
ds4,7,92.25,0,0,test,0.05374854458825536,4.200208076105819,0.3392375885580945,0.014289366674673122,4.253956620694074,0.48653857777030857,0
ds4,7,92.75,0,0,test,2.097480508785886,1.2770408713121313,0.5900678262553728,0.014334913790922919,3.374521380098017,0.35754676893153814,0
ds4,7,93.25,0,0,test,0.6668681376496797,1.021529285018959,0.07297347544695136,0.017694154772205966,1.6883974226686387,0.10964176776691159,0
ds4,7,93.75,0,0,test,0.6307643914775802,4.7015982799824645,0.11350817943205661,0.018795812351981907,5.332362671460045,0.6233218756230305,0
ds4,7,94.25,0,0,test,0.5991482299469592,6.007205830454749,0.6396502454519463,0.011648244649561663,6.606354060401708,0.7483998176114763,0
ds4,7,94.75,0,0,test,0.7851849862243717,9.503226906167672,0.7420082823318713,0.020553425490434776,10.288411892392045,0.9325362994584957,0
ds4,7,95.25,0,0,test,5.801345683910103,2.014056608845579,0.37452250835188244,0.024423393494157713,7.815402292755682,0.8332930970831129,0
ds4,7,95.75,0,0,test,1.328220357102486,0.8562005246747902,0.11966379978176904,0.019410235848794394,2.1844208817772763,0.1769169360810322,0
ds4,7,96.25,0,0,test,1.7160505189078195,4.643001813804639,0.37225582731211126,0.010737925752327373,6.359052332712459,0.7271678919001416,0
ds4,7,96.75,0,0,test,1.7110371329894511,1.1485751432697677,0.7685825019861704,0.01565566279386736,2.859612276259219,0.2783812675978034,0
ds4,7,97.25,0,0,test,1.698303513002971,1.359618385037756,1.1671713598687616,0.018734155189964238,3.057921898040727,0.30894375722290396,0
ds4,7,97.75,0,0,test,2.8277702934838223,7.096257370649203,3.383098137122774,0.012963750971902261,9.924027664133025,0.9225832682203514,0
ds4,7,98.25,0,0,test,5.480697870463006,1.4227722565977539,0.23026326416948895,0.01809939871243669,6.90347012706076,0.7720810784922961,0
ds4,7,98.75,0,0,test,2.9734372564459632,21.18640288519565,0.624605730240729,0.02296108992849141,24.159840141641613,0.9997977175772033,0
ds4,7,99.25,0,0,test,26.010526318160984,6.299031193416981,0.9583396265341212,0.018305716789610207,32.309557511577964,0.9999948411433673,0
ds4,7,99.75,0,0,test,9.247452970431272,1.7536920723431588,1.369506573028339,0.021292392541378824,11.00114504277443,0.9486427146158993,0
ds4,7,100.25,0,0,test,5.662139694863784,0.17935910283539652,0.2809982972109609,0.01766491764409092,5.841498797699181,0.6780513904180514,0
ds4,7,100.75,0,0,test,7.157138545684103,2.438697396154832,12.806081405658423,0.015886489885565635,9.595835941838935,0.912468699810215,0
ds4,7,101.25,0,0,test,6.330899547154789,0.8552102259673087,2.5213397540023967,0.012682288253996442,7.186109773122097,0.7928370312005204,0
ds4,7,101.75,0,0,test,4.2571804527347465,7.722502756683023,0.48442903647730035,0.011469949486771432,11.97968320941777,0.9649327695466439,0
ds4,7,102.25,0,0,test,4.663159574343802,0.1601540130260164,0.9362303516870999,0.014385055987607644,4.823313587369818,0.5621782519747713,0
ds4,7,102.75,0,0,test,3.9551818416140336,13.73502024385542,0.38188637056687263,0.012128220118496116,17.690202085469455,0.9966391917338425,0
ds4,7,103.25,0,0,test,3.8225506608126145,17.03754121545355,1.3727619186273938,0.01873262862180421,20.860091876266164,0.9991391303977533,0
ds4,7,103.75,0,0,test,7.76777809772793,1.5287469062579906,1.2855790034405543,0.017001178858512107,9.29652500398592,0.9021945669878759,0
ds4,7,104.25,0,0,test,4.922468702016169,2.061770921901823,1.9249142114484084,0.016079794436133932,6.984239623917992,0.7781849314353538,0
ds4,7,104.75,0,0,test,4.995078535176688,1.7063598113575933,0.9345194365596091,0.016887318626118714,6.701438346534282,0.7561917142409851,0
ds4,7,105.25,0,0,test,4.698260326946524,0.9739104496963376,4.848550477898012,0.01575777451678001,5.6721707766428615,0.6605642515266144,0
ds4,7,105.75,0,0,test,5.016473727512438,1.7047192282425867,1.8567713830426356,0.01845987047437421,6.721192955755025,0.7577851163219809,0
ds4,7,106.25,0,0,test,5.48026294418426,0.4293565075171951,0.6652763642855487,0.016894828103596493,5.909619451701455,0.6848870644989922,0
ds4,7,106.75,0,0,test,5.522995998563598,0.7048997899997623,2.279776037376395,0.013746839806833009,6.227895788563361,0.7153289350150301,0
ds4,7,107.25,0,0,test,5.94368787403251,1.3369396483581706,0.923096683545583,0.02044080850224433,7.280627522390681,0.7994078008876242,0
ds4,7,107.75,0,0,test,6.162057003422966,2.335676947882877,0.40427611938569064,0.02242262921057883,8.497733951305843,0.8691456507555932,0
ds4,7,108.25,0,0,test,9.409880332802793,3.0076123123723977,1.408579715115713,0.01696613102204038,12.41749264517519,0.9705059935052592,0
ds4,7,108.75,0,0,test,8.116599198556237,0.39748643927469135,0.11027026620187878,0.01520740246130993,8.514085637830929,0.8699128321922407,0
ds4,7,109.25,0,0,test,7.191451116751722,0.7706678647652949,1.4318440555504324,0.014948214671735795,7.962118981517017,0.8416642812515007,0
ds4,7,109.75,0,0,test,7.276822789170965,7.095130507979203,1.2249994038591383,0.013311682461149674,14.371953297150167,0.9865883971939087,0
ds4,7,225.25,1,0,test,22.79563625338522,1250.336346870632,1.0476602286333445,0.005466340835359495,1273.1319831240173,1.0,1
ds4,7,225.75,1,0,test,23.94277263311757,1455.8746253636202,2.030717256174011,0.006129410609010705,1479.8173979967378,1.0,1
ds4,7,226.25,1,0,test,17.082392763729153,1541.8126084758787,1.172639044281676,0.010005212815137951,1558.8950012396078,1.0,1
ds4,7,226.75,1,0,test,20.524799002751234,1576.5261863382173,1.4159494768755876,0.00378409624568392,1597.0509853409685,1.0,1
ds4,7,227.25,1,0,test,13.09160040576654,1594.1239827339234,0.2799776980426223,0.0063505656843472515,1607.21558313969,1.0,1
ds4,7,227.75,1,0,test,28.06850629038374,1575.332288152798,1.4817752092378176,0.012793097517113558,1603.4007944431817,1.0,1
ds4,7,228.25,1,0,test,12.970792141114037,1498.3501640011982,0.38803107703277895,0.008590368578539563,1511.3209561423123,1.0,1
ds4,7,228.75,1,0,test,15.632188872361532,1423.7373253970331,0.9932133090900415,0.013663499612165649,1439.3695142693946,1.0,1
ds4,7,229.25,1,0,test,6.9107940111463275,1433.5069282475295,0.29046863950065194,0.010225569978927046,1440.417722258676,1.0,1
ds4,7,229.75,1,0,test,10.532539704698664,773.7840121096287,4.271240889525508,0.017202924594102418,784.3165518143275,1.0,1
ds4,7,230.25,1,0,test,2.594586311653614,825.2252030889109,1.04416560677403,0.013228375112164986,827.8197894005646,1.0,1
ds4,7,230.75,1,0,test,11.009261320718956,897.4290721592938,0.0705963629045698,0.016119356353255957,908.4383334800127,1.0,1
ds4,7,231.25,1,0,test,2.3191540118567953,1104.3705082749134,0.4113297924037283,0.009426736345962083,1106.6896622867703,1.0,1
ds4,7,231.75,1,0,test,6.949923052146684,1195.3374227339696,0.6932302129938235,0.016151842266802798,1202.2873457861162,1.0,1
ds4,7,232.25,1,0,test,17.355250522148626,1287.9044063016308,0.6568803669391265,0.020775539550238278,1305.2596568237796,1.0,1
ds4,7,232.75,1,0,test,19.820821855027067,1306.8276740627769,0.22545600921392908,0.018124935719449578,1326.648495917804,1.0,1
ds4,7,233.25,1,0,test,1.5745144265323738,1299.0392927080045,1.9795471127447433,0.019840489814969737,1300.613807134537,1.0,1
ds4,7,233.75,1,0,test,3.7579001501419853,1317.1708923533108,0.8429665262547829,0.021653205758576162,1320.9287925034528,1.0,1
ds4,7,234.25,1,0,test,0.9310733040692512,1280.7136815312688,0.16391078186604746,0.019200116258320233,1281.644754835338,1.0,1
ds4,7,234.75,1,0,test,8.735291947091708,1285.6096283967433,0.6832299200003805,0.015372157099977994,1294.3449203438352,1.0,1
ds4,7,235.25,1,0,test,38.02416210295373,1272.3055477286277,0.5369408499122093,0.01789264250523335,1310.3297098315816,1.0,1
ds4,7,235.75,1,0,test,8.525416319147602,1271.848344270613,0.19134614393391725,0.017328046615624784,1280.3737605897606,1.0,1
ds4,7,236.25,1,0,test,10.382586153926532,1219.2359745254857,0.49097065084302177,0.02311059245234073,1229.6185606794122,1.0,1
ds4,7,236.75,1,0,test,7.538191267634355,1265.305416575276,1.076555046070428,0.020574527125205393,1272.8436078429104,1.0,1
ds4,7,237.25,1,0,test,7.588421915572532,1231.5847882985213,1.4564537133327433,0.02259146674384107,1239.1732102140938,1.0,1
ds4,7,237.75,1,0,test,17.00569676562961,1124.0352092625005,0.2605951387707845,0.016688204612729685,1141.0409060281302,1.0,1
ds4,7,238.25,1,0,test,9.820898842718917,1093.909298780987,0.6475168228183174,0.020508182988657687,1103.7301976237059,1.0,1
ds4,7,238.75,1,0,test,11.748852948257674,1099.4786613401386,0.6674365701559475,0.0228356239056672,1111.2275142883964,1.0,1
ds4,7,239.25,1,0,test,24.0211682010719,1078.9580206099713,1.1628427957241103,0.023326879134892085,1102.9791888110433,1.0,1
ds4,7,239.75,1,0,test,19.68289016612704,1107.252273204825,0.5369430191439858,0.02307203315049858,1126.935163370952,1.0,1
ds4,7,240.25,1,0,test,53.46990595697511,1060.7323444410172,0.9343758529612995,0.026768025024494782,1114.2022503979922,1.0,1
ds4,7,240.75,1,0,test,34.560906221088764,1088.0309903638774,0.38552269610032947,0.028235592421582325,1122.5918965849662,1.0,1
ds4,7,241.25,1,0,test,25.19736192542293,1032.0962023295328,1.4389089287010206,0.025545250013808758,1057.2935642549558,1.0,1
ds4,7,241.75,1,0,test,26.34431515992441,1035.8288857437456,1.0936871842292186,0.01966705247725671,1062.17320090367,1.0,1
ds4,7,242.25,1,0,test,25.89844214735889,1049.2900798316593,0.6722580598697191,0.020835133295166255,1075.1885219790183,1.0,1
ds4,7,242.75,1,0,test,23.649671896106653,1028.7304803960249,0.777454534322575,0.020036133886769208,1052.3801522921315,1.0,1
ds4,7,243.25,1,0,test,24.385375826041848,1035.4374576778926,0.6428478685359272,0.022088155909845524,1059.8228335039344,1.0,1
ds4,7,243.75,1,0,test,22.840125158080237,1019.5012917775176,0.37802999079827754,0.019035261365268827,1042.3414169355979,1.0,1
ds4,7,244.25,1,0,test,22.154515255717623,1074.852695587118,0.4417037949583727,0.024518311697117063,1097.0072108428355,1.0,1
ds4,7,244.75,1,0,test,23.707028094518076,1069.649568413801,0.7994353900412842,0.02750834786366417,1093.3565965083192,1.0,1
ds4,7,245.25,1,0,test,24.511584773693624,982.7125541071234,0.5070731983810868,0.024231955605053212,1007.224138880817,1.0,1
ds4,7,245.75,1,0,test,26.21000280492511,1005.2598030355286,0.7075846787394542,0.02208441484742658,1031.4698058404538,1.0,1
ds4,7,246.25,1,0,test,21.132032909039996,980.7923592700607,0.3609420928198767,0.02136508545982479,1001.9243921791008,1.0,1
ds4,7,246.75,1,0,test,21.39860955278181,994.9103316866227,2.21169857929265,0.01904725234618646,1016.3089412394046,1.0,1
ds4,7,247.25,1,0,test,21.060167880859083,1012.6083989448348,0.4844694291571744,0.019815978194030585,1033.668566825694,1.0,1
ds4,7,247.75,1,0,test,21.367013579967367,1019.8316563650055,0.40239684036953094,0.019337400560045757,1041.1986699449728,1.0,1
ds4,7,248.25,1,0,test,20.937316144004676,1021.8203569321986,0.441397551483099,0.0228546128605467,1042.7576730762032,1.0,1
ds4,7,248.75,1,0,test,20.070455055546837,967.6824922738467,0.6252035226521541,0.020873852300455843,987.7529473293936,1.0,1
ds4,7,249.25,1,0,test,18.90964560184517,948.4780604089132,0.29229804515281427,0.018611954389774275,967.3877060107584,1.0,1
ds4,7,249.75,1,0,test,18.951372473743476,860.6697731574736,0.4149595227692315,0.01998503667322975,879.6211456312171,1.0,1
ds4,7,250.25,1,0,test,17.409092554993666,816.67559775584,0.36513599977193106,0.018293295444625466,834.0846903108337,1.0,1
ds4,7,250.75,1,0,test,17.269920385423124,781.8282289917394,0.770654301981515,0.00993652303596971,799.0981493771625,1.0,1
ds4,7,251.25,1,0,test,16.002109930925577,718.8056704363225,1.0384773115883934,0.012785765412016639,734.8077803672481,1.0,1
ds4,7,251.75,1,0,test,20.252368503470226,646.4864357961244,5.278991855197562,0.011859200143218902,666.7388042995947,1.0,1
ds4,7,252.25,1,0,test,14.239429761620237,590.122866904088,1.5701292324077107,0.007370737089282351,604.3622966657083,1.0,1
ds4,7,252.75,1,0,test,21.302062526155,565.1384563041872,0.4338947169384385,0.017705344764531155,586.4405188303423,1.0,1
ds4,7,253.25,1,0,test,13.240024059655292,499.0418693095774,0.7693674582739579,0.008310063340118391,512.2818933692326,1.0,1
ds4,7,253.75,1,0,test,14.620135383361271,384.5145366528698,1.7420717397102832,0.008148990134677172,399.1346720362311,1.0,1
ds4,7,254.25,1,0,test,7.686160953679985,313.2896063454965,0.7135055321929741,0.011003658588320137,320.9757672991765,1.0,1
ds4,7,254.75,1,0,test,7.029030923034769,286.8163690993293,2.6464989207346923,0.012547005070962538,293.84540002236406,1.0,1
ds4,7,255.25,1,0,test,6.533091792973775,249.32187826023008,2.0612454782158616,0.010773941552258533,255.85497005320386,1.0,1
ds4,7,255.75,1,0,test,5.655326458142564,269.74365399787297,9.21987253569676,0.008950503934882002,275.3989804560155,1.0,1
ds4,7,256.25,1,0,test,5.214186036131166,211.8896843641484,1.0426421411343423,0.012214049256715086,217.10387040027956,1.0,1
ds4,7,256.75,1,0,test,4.313891287147078,187.5796090632514,1.2866652178957476,0.015067277913470262,191.89350035039848,1.0,1
ds4,7,257.25,1,0,test,5.855521417803224,170.29243947236714,1.3110423754353675,0.007053956863969809,176.14796089017037,1.0,1
ds4,7,257.75,1,0,test,4.469708579464402,142.73843029765865,2.652739105618854,0.008688967084724082,147.20813887712305,1.0,1
ds4,7,258.25,1,0,test,2.3006975139678394,112.6692244784759,3.4925871196966107,0.009707925612813017,114.96992199244373,1.0,1
ds4,7,258.75,1,0,test,1.8879303402901852,100.20774980705698,3.8223808774791337,0.010078290054346345,102.09568014734717,1.0,1
ds4,7,259.25,1,0,test,2.752716824266445,78.55588291570481,37.049493450187214,0.006176300779186971,81.30859973997126,0.9999999999999996,1
ds4,7,259.75,1,0,test,2.4803752864808066,51.92601075301318,0.1497212718315028,0.010220808097163058,54.40638603949399,0.9999999998270912,0
ds4,7,260.25,1,0,test,1.9293021771162917,37.68941448929808,2.658234965780865,0.012403956658939551,39.61871666641437,0.9999998217509715,0
ds4,7,260.75,1,0,test,3.3697115069048293,12.66740539884082,0.7430981266089147,0.01639073201746692,16.03711690574565,0.99326110141632,0
ds4,7,261.25,1,0,test,1.5263344069737326,13.01983368134869,2.4617952060928907,0.013836668892935923,14.546168088322423,0.9875118636274441,0
ds4,7,261.75,1,0,test,3.120088828158623,6.771719769147762,1.1380228149595821,0.009239959119426202,9.891808597306385,0.9216405100760975,0
ds4,7,262.25,1,0,test,0.9333847688729999,6.469453397737327,1.5103236713984225,0.010825468052595157,7.402838166610327,0.807637326224602,0
ds4,7,262.75,1,0,test,0.7442721345661023,2.982101175697687,0.3529459786903546,0.011277365796039844,3.7263733102637895,0.4105558402708711,0
ds4,7,263.25,1,0,test,0.7909987997210406,6.083169213991181,1.0213629720599149,0.012455595287054009,6.874168013712222,0.7698319326629671,0
ds4,7,263.75,1,0,test,0.7377218005785893,3.086349119370687,0.11992084744298356,0.006231971488718242,3.824070919949276,0.4249866628486738,0
ds4,7,264.25,1,0,test,0.3541626283714696,4.179826974817295,0.21438524425051209,0.00977675956707492,4.533989603188765,0.5246513331477674,0
ds4,7,264.75,1,0,test,0.7513438801457551,7.54417116206817,1.2924624024862557,0.007986101887585058,8.295515042213925,0.8593163076477339,0
ds4,7,265.25,1,0,test,1.2896811756093536,4.663380671684192,0.7420985867936486,0.0061818161855556695,5.9530618472935455,0.6891869634529264,0
ds4,7,265.75,1,0,test,0.09960313256571894,2.839166070652416,0.3968369676282894,0.016915844343870817,2.938769203218135,0.290574572930413,0
ds4,7,266.25,1,0,test,0.23371035732656062,6.481907478495775,0.3731350042581439,0.008223037166785279,6.715617835822336,0.7573363097954944,0
ds4,7,266.75,1,0,test,0.03140258955323482,3.1230720469139253,0.4067924471210951,0.006583107561818475,3.15447463646716,0.3238157307813955,0
ds4,7,267.25,1,0,test,0.11452295100526806,1.7522108123569429,3.4824086200502444,0.00980042258944619,1.866733763362211,0.13273945425152017,0
ds4,7,267.75,1,0,test,0.12695178867959842,2.489925520846408,0.3569054176683334,0.003917452097198235,2.6168773095260067,0.2412006727828623,0
ds4,7,268.25,1,0,test,0.46175184269654634,1.5284540038699728,0.16894105538797732,0.00705211350326763,1.990205846566519,0.14950142099200364,0
ds4,7,268.75,1,0,test,4.441758632773063,1.693957506161182,0.09144593503269735,0.011372976094031638,6.135716138934246,0.706763706452681,0
ds4,7,269.25,1,0,test,0.0008968400969429804,3.4087345243464253,5.79555018448166,0.011625449336254444,3.4096313644433685,0.36289653781976816,0
ds4,7,269.75,1,0,test,0.9745902717438858,0.7721408323335521,0.4129303410117218,0.009078226342544796,1.7467311040774378,0.11703936396029298,0
ds4,7,270.25,1,0,test,0.7152116541718814,2.6901554531154837,0.43723622578929056,0.012969242143162337,3.405367107287365,0.3622473703487111,0
ds4,7,270.75,1,0,test,0.15465657793247284,4.311196866388008,0.11207652950957636,0.004170020390334306,4.465853444320481,0.5155349108514719,0
ds4,7,271.25,1,0,test,1.1703085321314692,5.3489172173147255,0.5857101809754738,0.010421099257907872,6.5192257494461945,0.7410800975141638,0
ds4,7,271.75,1,0,test,0.12007787993388612,6.472257791645195,0.5788050164078948,0.005775704251699969,6.592335671579081,0.7472337901970229,0
ds4,7,272.25,1,0,test,2.0126116315264797,19.918086182326004,0.4960876490537036,0.013820349091119042,21.930697813852483,0.9994602787556643,0
ds4,7,272.75,1,0,test,0.06388823394853958,20.341075607464767,0.5298232728065462,0.012828769614456854,20.404963841413306,0.9989511443980229,0
ds4,7,273.25,1,0,test,1.143875003784167,27.32586667811114,0.2465065908289434,0.009956728653548696,28.469741681895307,0.9999705433491566,0
ds4,7,273.75,1,0,test,1.1267762725209665,31.398542155389674,0.13521262199058684,0.0076657720744900855,32.52531842791064,0.9999953250311041,0
ds4,7,274.25,1,0,test,0.5067016611852228,29.5879985002206,0.26646331798495926,0.01068214874474042,30.09470016140582,0.999985871120011,0
ds4,7,274.75,1,0,test,0.7326722937345936,47.5478368062208,0.3449425717278945,0.010161335056162315,48.280509099955395,0.9999999968868979,0
ds4,7,275.25,1,0,test,0.2580547616246088,47.34056017477503,0.35201523122590056,0.008709871966889196,47.598614936399635,0.9999999957107968,0
ds4,7,275.75,1,0,test,0.3920243978394342,58.69380803184132,0.3837516697041303,0.008164067346815306,59.08583242968076,0.9999999999812251,0
ds4,7,276.25,1,0,test,0.1387138807300875,69.69587757712956,0.7430928940131105,0.0073316717498883265,69.83459145785966,0.9999999999998891,1
ds4,7,276.75,1,0,test,0.48456701425162635,77.32043364655871,0.3398646149551964,0.0073813269413898885,77.80500066081034,0.9999999999999976,1
ds4,7,277.25,1,0,test,0.9521971184919747,88.81479209015616,0.527829650931774,0.012049935996890599,89.76698920864814,1.0,1
ds4,7,277.75,1,0,test,5.392574637131587,90.31453911910283,0.18040707908497342,0.012180860529269833,95.70711375623442,1.0,1
ds4,7,278.25,1,0,test,0.05312789845423954,92.83919362903636,5.618059859488941,0.0185073998866291,92.8923215274906,1.0,1
ds4,7,278.75,1,0,test,0.5832923803198529,107.73865346379756,1.0151328724484823,0.010725850822510158,108.32194584411741,1.0,1
ds4,7,279.25,1,0,test,0.36041985583317426,104.4966783552142,0.3546092652787295,0.013646174906180602,104.85709821104737,1.0,1
ds4,7,279.75,1,0,test,0.23912721421659186,126.18729721633345,0.6002656120559412,0.015446779302834496,126.42642443055004,1.0,1
ds4,7,280.25,1,0,test,0.2994294235693561,116.92715337958047,0.1323888272749407,0.016116430388265914,117.22658280314982,1.0,1
ds4,7,280.75,1,0,test,1.010489960428799,130.10659837992623,0.07506637196009841,0.009595700246629306,131.11708834035502,1.0,1
ds4,7,281.25,1,0,test,0.6655523882703498,138.51649110046685,0.3749066605586962,0.013539759372857361,139.1820434887372,1.0,1
ds4,7,281.75,1,0,test,1.4460309225309254,136.52957150686547,1.3603461733173967,0.014976811028232348,137.9756024293964,1.0,1
ds4,7,282.25,1,0,test,2.0687999852415864,147.7301106273514,0.5450121761200557,0.013975926830402595,149.79891061259298,1.0,1
ds4,7,282.75,1,0,test,1.4183034192556747,154.98322066633483,0.10423227720689052,0.012466010986199512,156.4015240855905,1.0,1
ds4,7,283.25,1,0,test,1.3351286071003783,151.08795796521773,0.32673536132761294,0.008789198382375402,152.4230865723181,1.0,1
ds4,7,283.75,1,0,test,2.0935944117547898,143.56354184264134,0.7461614107310748,0.01379355104600732,145.65713625439614,1.0,1
ds4,7,284.25,1,0,test,1.1158387384486161,143.70357305388106,0.09399974696007053,0.01357555419741078,144.81941179232967,1.0,1
ds4,7,284.75,1,0,test,7.548967414102173,140.4756565691302,0.4458588623371241,0.010118005855700406,148.02462398323237,1.0,1
ds4,7,285.25,1,0,test,2.3858182121573623,150.9437082299297,0.08854915067829952,0.017266133436911694,153.3295264420871,1.0,1
ds4,7,285.75,1,0,test,3.9717555957783044,145.43534393356123,0.6012406038717529,0.011811632478422745,149.40709952933952,1.0,1
ds4,7,286.25,1,0,test,2.8963546314092983,157.73627153219127,0.29158057774949536,0.020621934921318395,160.63262616360058,1.0,1
ds4,7,286.75,1,0,test,2.8506624934199283,133.7130904634546,0.6469014302531884,0.014570335518239561,136.5637529568745,1.0,1
ds4,7,287.25,1,0,test,3.1733272576234257,170.9020558799694,0.4835459555607058,0.014105692854481816,174.0753831375928,1.0,1
ds4,7,287.75,1,0,test,2.9592398611397432,156.13234675171026,0.8219828134979664,0.014630344191214754,159.09158661285,1.0,1
ds4,7,288.25,1,0,test,3.178873589706559,161.54485234765014,0.19930405108962174,0.013081624158644193,164.7237259373567,1.0,1
ds4,7,288.75,1,0,test,3.4146561346760964,149.91863705360066,1.4000648791575958,0.017983112492096796,153.33329318827677,1.0,1
ds4,7,289.25,1,0,test,2.8436423932844983,198.1633758790659,0.8838916167704258,0.003925120772230489,201.00701827235042,1.0,1
ds4,7,289.75,1,0,test,3.5380827336423533,161.92264632617346,0.1562432763607752,0.010543662345705246,165.4607290598158,1.0,1
ds4,7,290.25,1,0,test,2.779540341714668,167.55899855041227,1.3887540161183238,0.013796329532063355,170.33853889212693,1.0,1
ds4,7,290.75,1,0,test,2.438761355698762,150.04702472572703,0.1662397181265494,0.01261732705956191,152.4857860814258,1.0,1
ds4,7,291.25,1,0,test,8.296265778863713,150.73825456179844,0.29101198769322495,0.007567463126960829,159.03452034066214,1.0,1
ds4,7,291.75,1,0,test,2.0942091944741317,157.33527270918515,1.187874050259587,0.009265993861029147,159.42948190365928,1.0,1
ds4,7,292.25,1,0,test,0.527246756041734,146.70968100736732,2.9886878288113077,0.012652965577919327,147.23692776340906,1.0,1
ds4,7,292.75,1,0,test,0.46974075630880124,144.67046381963283,0.2262028209217502,0.013943639950824102,145.14020457594162,1.0,1
ds4,7,293.25,1,0,test,1.6740618544472718,157.98665436291472,0.050038441241361024,0.01133569317919247,159.660716217362,1.0,1
ds4,7,293.75,1,0,test,0.40567394435103904,151.53573631724578,0.385450558447567,0.01435857113168771,151.94141026159681,1.0,1
ds4,7,294.25,1,0,test,1.2028087829825074,156.66005583266409,0.6185762763099558,0.01724645892507737,157.8628646156466,1.0,1
ds4,7,294.75,1,0,test,0.5858000831000735,167.0224631630138,1.203267105948921,0.015527983062147494,167.6082632461139,1.0,1
ds4,7,295.25,1,0,test,2.4581386570479205,136.13675280442274,0.40486702666174207,0.01090357077189103,138.59489146147067,1.0,1
ds4,7,295.75,1,0,test,1.4107536478207376,177.82526321160404,0.26734155378538427,0.014423487327301063,179.23601685942478,1.0,1
ds4,7,296.25,1,0,test,0.43097136008829257,154.79187457826256,0.2960846609921865,0.017224899160254426,155.22284593835084,1.0,1
ds4,7,296.75,1,0,test,0.33389332572930575,162.13864482130307,0.4255061194299092,0.011277543105369738,162.47253814703237,1.0,1
ds4,7,297.25,1,0,test,1.2582432137538626,172.04364987500375,0.32355175737486064,0.012295103392416322,173.30189308875762,1.0,1
ds4,7,297.75,1,0,test,0.32213804492796855,160.7657782401609,0.11771092918015885,0.008951972619549985,161.08791628508888,1.0,1
ds4,7,298.25,1,0,test,0.7951006363391382,160.78710174782918,1.3303289323848988,0.01575661660176599,161.5822023841683,1.0,1
ds4,7,298.75,1,0,test,0.38165846125927383,165.1113604183093,0.2689285248379475,0.015124640639263207,165.49301887956855,1.0,1
ds4,7,299.25,1,0,test,0.6489056056948213,163.69055002048233,0.328638342409876,0.017067429339845994,164.33945562617714,1.0,1
ds4,7,299.75,1,0,test,0.7087748291263898,157.95581673929533,0.09395398609165759,0.009610819181623279,158.6645915684217,1.0,1
ds4,7,300.25,1,0,test,0.2049315028658699,168.98401437314612,1.7651418198521072,0.010989989744142517,169.18894587601199,1.0,1
ds4,7,300.75,1,0,test,1.2701561938768007,167.4986044437238,2.253162866695179,0.01583833888641561,168.7687606376006,1.0,1
ds4,7,301.25,1,0,test,0.6687088996716504,147.4255019976461,0.7664823508182803,0.016724258059203488,148.09421089731777,1.0,1
ds4,7,301.75,1,0,test,0.5162837660240439,145.84413426814177,0.034775880165691636,0.008025938706783912,146.3604180341658,1.0,1
ds4,7,302.25,1,0,test,0.20689712647504638,145.36170697516243,0.20936496012943037,0.016177836102673173,145.56860410163748,1.0,1
ds4,7,302.75,1,0,test,0.3916821381635998,151.84844708465164,0.5802352561933073,0.012199675636521001,152.24012922281523,1.0,1
ds4,7,303.25,1,0,test,0.8837914134337753,138.82382764279706,0.8604678224058393,0.014595890856155305,139.70761905623084,1.0,1
ds4,7,303.75,1,0,test,0.67583625537588,140.96055602878198,2.1375123154575006,0.014507279567272213,141.63639228415786,1.0,1
ds4,7,304.25,1,0,test,1.5460188377540254,138.91392943188677,1.6369928459309393,0.011521832864197602,140.4599482696408,1.0,1
ds4,7,304.75,1,0,test,0.4494177959852277,155.74956441636726,0.4720872126197178,0.01506699975638604,156.1989822123525,1.0,1
ds4,7,305.25,1,0,test,0.21471498518378354,145.96294821315067,14.413554375512872,0.008696489516144016,146.17766319833444,1.0,1
ds4,7,305.75,1,0,test,0.6339067826921237,136.52542666372625,2.1168868362154143,0.011167035244076076,137.15933344641837,1.0,1
ds4,7,306.25,1,0,test,0.11967673285565046,133.91183608928932,0.49009191911362193,0.004610292873708606,134.03151282214498,1.0,1
ds4,7,306.75,1,0,test,0.08667975622676848,151.35242927467334,0.8612513105732498,0.010885139695580425,151.4391090309001,1.0,1
ds4,7,307.25,1,0,test,1.8299110199465936,155.36894206709067,0.8976351134367752,0.009171490790519252,157.19885308703726,1.0,1
ds4,7,307.75,1,0,test,0.3484110003362338,133.30160723205753,0.36882519834486244,0.0074799140914600555,133.65001823239376,1.0,1
ds4,7,308.25,1,0,test,0.2667885398449646,137.83624619434238,1.3097310693210749,0.010112868072419772,138.10303473418733,1.0,1
ds4,7,308.75,1,0,test,1.3598594535082968,152.412950262473,0.1449207501067388,0.017350853441156878,153.7728097159813,1.0,1
ds4,7,309.25,1,0,test,3.1949945318843556,161.2831398521539,0.3742755140761908,0.010406670476672509,164.47813438403827,1.0,1
ds4,7,309.75,1,0,test,1.455130210429015,156.8536682434596,0.8428046167832586,0.013774240885110494,158.3087984538886,1.0,1
ds4,7,310.25,1,0,test,0.4569385346297768,136.19243872044427,0.09707944918226417,0.015795940318094503,136.64937725507406,1.0,1
ds4,7,310.75,1,0,test,1.1537196055398786,139.25818494517642,0.08562295318724157,0.012282575567202443,140.41190455071632,1.0,1
ds4,7,311.25,1,0,test,0.3452623225354377,143.031145936184,0.4874831403799016,0.01327382134750869,143.37640825871944,1.0,1
ds4,7,311.75,1,0,test,0.20248972940907484,127.67725392748488,0.37848636086146226,0.012119913404097217,127.87974365689396,1.0,1
ds4,7,312.25,1,0,test,0.7696735853545156,147.6170121336385,1.1249684974261809,0.01265696969501383,148.38668571899302,1.0,1
ds4,7,312.75,1,0,test,1.6136748973159565,134.8585767772552,0.25722829911878536,0.009780558813454887,136.47225167457114,1.0,1
ds4,7,313.25,1,0,test,1.4899697332024582,149.86093275564835,1.0624324225352868,0.01711968339948193,151.3509024888508,1.0,1
ds4,7,313.75,1,0,test,0.006015620649162033,141.63284823616027,1.0938526993752444,0.01547485135771814,141.63886385680942,1.0,1
ds4,7,314.25,1,0,test,0.34721948271136716,135.4965979592113,0.33664134758148356,0.017141132183678773,135.84381744192268,1.0,1
ds4,7,314.75,1,0,test,0.08277940742864433,140.45750632735096,1.2309738450044367,0.0110383692688966,140.5402857347796,1.0,1
ds4,7,315.25,1,0,test,0.8446482216975828,149.31714990421486,1.0643237460447654,0.017626661996201557,150.16179812591244,1.0,1
ds4,7,315.75,1,0,test,0.1078099142992474,144.38804878493394,2.3253454597325383,0.010290296804234588,144.4958586992332,1.0,1
ds4,7,316.25,1,0,test,0.10043120671525146,142.6817822341535,34.85455341653876,0.008351942140490847,142.78221344086876,1.0,1
ds4,7,316.75,1,0,test,0.24755660856838613,141.9868088584217,1.190753399147378,0.010910086790701969,142.23436546699008,1.0,1
ds4,7,317.25,1,0,test,3.2932018576042124,134.25750797583225,0.803638894471471,0.012163834723262115,137.55070983343646,1.0,1
ds4,7,317.75,1,0,test,0.4326111454903266,132.5332138759521,21.038056146200542,0.009332253703296281,132.9658250214424,1.0,1
ds4,7,318.25,1,0,test,8.716840338803866,124.48621465797564,0.2630123454208799,0.00960116678020426,133.2030549967795,1.0,1
ds4,7,318.75,1,0,test,0.2807100360278309,130.99255868660268,1.0200932393177082,0.00614086389970555,131.27326872263052,1.0,1
ds4,7,319.25,1,0,test,0.5115651280124421,123.44836052213616,1.4480026383726958,0.01321934958703171,123.95992565014859,1.0,1
ds4,7,319.75,1,0,test,0.4613464842617819,124.73002233210697,1.065059486727494,0.011675546227717248,125.19136881636875,1.0,1
ds4,7,320.25,1,0,test,1.8166345479863613,118.58039950913721,0.3161245718723889,0.015541834275546723,120.39703405712358,1.0,1
ds4,7,320.75,1,0,test,0.3638575176051551,150.82781346021574,0.23622107807716453,0.008499346931464972,151.1916709778209,1.0,1
ds4,7,321.25,1,0,test,1.3530165829851104,147.27143897473997,0.19630940278136108,0.008932605394252205,148.62445555772507,1.0,1
ds4,7,321.75,1,0,test,1.3570197733720997,142.08434422895772,0.7585170705255524,0.013375472508868657,143.4413640023298,1.0,1
ds4,7,322.25,1,0,test,1.0636576473015933,121.35101448645254,1.0923154927916487,0.013360475255288311,122.41467213375414,1.0,1
ds4,7,322.75,1,0,test,5.047063599547568,124.74598015270288,1.4374447573940097,0.010569600413927821,129.79304375225044,1.0,1
ds4,7,323.25,1,0,test,0.8345521909224817,112.57039709607574,0.09948335506747653,0.010592644624650583,113.40494928699822,1.0,1
ds4,7,323.75,1,0,test,0.07993526530347896,124.90258714739842,0.16366846024645273,0.017966043865715917,124.9825224127019,1.0,1
ds4,7,324.25,1,0,test,1.3540576311694805,104.94658840743932,0.29801228061371765,0.010747596936285648,106.3006460386088,1.0,1
ds4,7,324.75,1,0,test,0.2425585318574905,113.7972632635191,1.7768225589818425,0.011436710140069016,114.0398217953766,1.0,1
ds4,7,325.25,1,0,test,0.9677443823006144,104.16633135614643,0.5620448554716045,0.004979337923280682,105.13407573844704,1.0,1
ds4,7,325.75,1,0,test,0.057838302299220115,139.99364152544322,0.26539351803554767,0.009879174755389537,140.05147982774244,1.0,1
ds4,7,326.25,1,0,test,0.8040484051796362,118.36014193336703,0.33606765643381203,0.009582108433194425,119.16419033854667,1.0,1
ds4,7,326.75,1,0,test,2.2341514956014663,135.22562185360988,0.1366012958083734,0.01382657790762183,137.45977334921133,1.0,1
ds4,7,327.25,1,0,test,0.06928399395584148,131.399488353463,0.6148711468885195,0.012627060765139128,131.46877234741885,1.0,1
ds4,7,327.75,1,0,test,0.003546848791460355,100.47950336960585,0.29373117397259474,0.012855894581876878,100.48305021839731,1.0,1
ds4,7,328.25,1,0,test,4.5576138899215515,122.146156678103,0.4412516572944147,0.013802796645350163,126.70377056802455,1.0,1
ds4,7,328.75,1,0,test,5.830516866092194,113.25892021178714,2.332680251167221,0.010921164061007236,119.08943707787934,1.0,1
ds4,7,329.25,1,0,test,0.532462471485321,129.6186624579751,0.7445962347483273,0.008089510854236332,130.15112492946042,1.0,1
ds4,7,329.75,1,0,test,0.6155881948873215,126.19183310915848,0.4507401107822297,0.008244654765076841,126.8074213040458,1.0,1
ds4,7,330.25,1,0,test,0.9322796523078881,118.38329958113357,0.24369717975220234,0.011451387397880758,119.31557923344145,1.0,1
ds4,7,330.75,1,0,test,1.8278631965801555,137.50098739334328,0.8143552676705018,0.006592664489680307,139.32885058992343,1.0,1
ds4,7,331.25,1,0,test,0.5414285993315795,139.6357166571898,0.7704918590896586,0.009973256893812366,140.17714525652136,1.0,1
ds4,7,331.75,1,0,test,0.18555789691233418,137.72023298608224,0.8017514100225442,0.014131507346951407,137.90579088299458,1.0,1
ds4,7,332.25,1,0,test,0.20440777677690142,127.6028462996607,0.3932416489793799,0.011641198882796066,127.8072540764376,1.0,1
ds4,7,332.75,1,0,test,1.8850207889123385,137.85457007068476,1.1235849458938503,0.009974074007956945,139.7395908595971,1.0,1
ds4,7,333.25,1,0,test,0.6641369102853211,123.7973359868167,0.4351170703560521,0.01053883293171966,124.46147289710203,1.0,1
ds4,7,333.75,1,0,test,0.42252076899262336,136.16302153601694,0.4098752221642156,0.012910458775735547,136.58554230500957,1.0,1
ds4,7,334.25,1,0,test,2.0157634616091733,123.4367734020744,0.4880178790089177,0.016033863190536988,125.45253686368356,1.0,1
ds4,7,334.75,1,0,test,0.5195059969669453,109.42363688932822,0.5141926459874523,0.014968074860080616,109.94314288629516,1.0,1
ds4,7,335.25,1,0,test,1.553519248416892,125.96253274218444,0.1516241464616662,0.013322558590523862,127.51605199060133,1.0,1
ds4,7,335.75,1,0,test,2.321724557855747,117.22118643767507,0.5558619431448676,0.014755213320258804,119.54291099553082,1.0,1
ds4,7,336.25,1,0,test,0.9465738747628587,111.05612613197593,0.14730905841479533,0.015198862017854784,112.00270000673879,1.0,1
ds4,7,336.75,1,0,test,2.4667273753409704,134.81762621204047,0.11070977273569536,0.017113638868956442,137.28435358738145,1.0,1
ds4,7,337.25,1,0,test,1.3551190605399566,99.98084745360413,0.35271021340669695,0.0191685903370562,101.33596651414409,1.0,1
ds4,7,337.75,1,0,test,1.139789571779191,122.81389344093918,2.2474082836792437,0.018422627307924058,123.95368301271837,1.0,1
ds4,7,338.25,1,0,test,1.7281303388684541,122.17996953522591,0.3080327260821119,0.011142852705138066,123.90809987409436,1.0,1
ds4,7,338.75,1,0,test,1.6492193130939365,147.08881086420104,1.8657507935711921,0.012145561152786435,148.73803017729497,1.0,1
ds4,7,339.25,1,0,test,2.826949056032785,139.29073723399532,0.335627199587527,0.013609430723564278,142.1176862900281,1.0,1
ds4,7,339.75,1,0,test,1.0607983595907449,123.51943824633459,0.4441436658750659,0.01498573571609332,124.58023660592534,1.0,1
ds4,7,340.25,1,0,test,1.0029378536392546,144.01288764907216,0.5104834306982561,0.013420544619156023,145.0158255027114,1.0,1
ds4,7,340.75,1,0,test,1.4290933430376638,127.6306806868217,0.609932931182603,0.012688290907780994,129.05977402985937,1.0,1
ds4,7,341.25,1,0,test,1.1214719856983055,125.22353698887667,0.7692226338271683,0.01309165204524699,126.34500897457498,1.0,1
ds4,7,341.75,1,0,test,1.6444453868196014,123.41632383022636,1.1665343817511595,0.009437051080883722,125.06076921704596,1.0,1
ds4,7,342.25,1,0,test,0.9271467683637488,112.88876742173397,0.7835913171819311,0.010426793608625388,113.81591419009773,1.0,1
ds4,7,342.75,1,0,test,1.5123440720759567,124.95742642619196,0.2766664280751963,0.012161185115366532,126.46977049826792,1.0,1
ds4,7,343.25,1,0,test,2.1145455015847054,125.80691632882825,0.2262991310059673,0.020185317883584065,127.92146183041295,1.0,1
ds4,7,343.75,1,0,test,2.107405389366273,141.11742256143896,0.8312747726473071,0.011761234906411183,143.22482795080523,1.0,1
ds4,7,344.25,1,0,test,1.5061307349827662,122.66488823217207,0.18157684846158292,0.012915417124178291,124.17101896715484,1.0,1
ds4,7,344.75,1,0,test,1.1389161257417253,122.10069588609626,0.6486768897811146,0.006749570933723036,123.23961201183799,1.0,1
ds4,7,345.25,1,0,test,2.0752258818954674,119.01572667590608,0.4013076274413204,0.007748243380161224,121.09095255780154,1.0,1
ds4,7,345.75,1,0,test,0.8380429155735608,132.4334064830849,0.6209570040395399,0.010713513791376906,133.27144939865846,1.0,1
ds4,7,346.25,1,0,test,1.2937356321882016,108.61738816510932,1.6815328884565146,0.01034177803338051,109.91112379729752,1.0,1
ds4,7,346.75,1,0,test,1.195667355153787,122.46869792840162,17.190689787241887,0.012161704180464387,123.66436528355541,1.0,1
ds4,7,347.25,1,0,test,0.8000094715867128,131.97882036041997,0.6252079310969191,0.005855839955710101,132.7788298320067,1.0,1
ds4,7,347.75,1,0,test,1.8978487669216852,120.8803572540953,0.2803501000446704,0.009319966034759585,122.77820602101698,1.0,1
ds4,7,348.25,1,0,test,0.20303789461604574,128.109021401835,0.6164314605059942,0.01138605136856442,128.31205929645105,1.0,1
ds4,7,348.75,1,0,test,0.20240720114130223,112.40823622949056,0.18742831116444594,0.015816464928027546,112.61064343063185,1.0,1
ds4,7,349.25,1,0,test,0.8241753745587953,130.33159666530014,0.14354681241756156,0.015339713205575091,131.15577203985893,1.0,1
ds4,7,349.75,1,0,test,0.6295898096176858,119.7850052569724,0.24533369463103893,0.01969588563581665,120.41459506659008,1.0,1
ds4,7,350.25,1,0,test,1.3267540778705147,131.15124976498674,0.2957986986541142,0.009072541734900401,132.47800384285725,1.0,1
ds4,7,350.75,1,0,test,0.35518316143015977,137.1195793152352,0.6382501169709888,0.015551313317163296,137.47476247666535,1.0,1
ds4,7,351.25,1,0,test,6.802677179515557,125.0624068790876,0.14500436611578357,0.009134097275357442,131.86508405860317,1.0,1
ds4,7,351.75,1,0,test,1.0334438056863944,127.05127041825624,0.3926855688893766,0.008603279958296815,128.08471422394263,1.0,1
ds4,7,352.25,1,0,test,0.8254468131345679,120.42934476928802,0.18626775893377046,0.01563137047837813,121.25479158242258,1.0,1
ds4,7,352.75,1,0,test,0.9144382552906812,110.78087184936241,10.395295292350875,0.017703878234386135,111.69531010465309,1.0,1
ds4,7,353.25,1,0,test,0.8278598455086068,127.03908363994282,0.18200276067135757,0.013760068719273868,127.86694348545143,1.0,1
ds4,7,353.75,1,0,test,1.658188952219901,130.53630565611442,6.30918866551851,0.007014196659803306,132.1944946083343,1.0,1
ds4,7,354.25,1,0,test,1.2363938028129278,102.74706814888255,0.2549056290011477,0.011678315044183506,103.98346195169547,1.0,1
ds4,7,354.75,1,0,test,0.7383097814825931,113.8944448821681,0.7164692430894483,0.012969473453441765,114.6327546636507,1.0,1
ds4,7,355.25,1,0,test,0.6679827834104448,116.57532381528776,0.9587847170094408,0.013047232011929243,117.24330659869821,1.0,1
ds4,7,355.75,1,0,test,0.6364835302728009,119.98099523315793,0.5587022690423401,0.010542671069370553,120.61747876343073,1.0,1
ds4,7,356.25,1,0,test,1.73499356714192,111.85012817330967,0.30952396788972997,0.010171142015084279,113.58512174045158,1.0,1
ds4,7,356.75,1,0,test,1.1634336911708791,115.15428376171887,0.08342339851032052,0.016659103528028588,116.31771745288975,1.0,1
ds4,7,357.25,1,0,test,1.2506586007856355,122.16953019377037,0.08987973990052926,0.01750474368889738,123.42018879455601,1.0,1
ds4,7,357.75,1,0,test,5.328592278644667,127.03452589894614,0.3385973562976517,0.016289850065235905,132.36311817759082,1.0,1
ds4,7,358.25,1,0,test,3.1137832715740013,112.43760205029011,0.16005360253296758,0.010952095527732285,115.55138532186412,1.0,1
ds4,7,358.75,1,0,test,1.445370014312669,101.45327948787785,0.2196885017072546,0.016072725186338684,102.89864950219052,1.0,1
ds4,7,359.25,1,0,test,1.3069304293625432,137.90496708866937,0.32581766459671296,0.021874833083266654,139.21189751803192,1.0,1
ds4,7,359.75,1,0,test,1.9634438894400834,115.65874909642449,0.7062756381589894,0.009666502669681568,117.62219298586457,1.0,1
ds4,7,360.25,1,0,test,3.579252387119336,137.64360663582917,1.2645020322369485,0.01272600570684219,141.2228590229485,1.0,1
ds4,7,360.75,1,0,test,1.5788385841377048,122.23096821431277,0.3766974805026463,0.010373039593955437,123.80980679845047,1.0,1
ds4,7,361.25,1,0,test,1.3144254403087783,127.46768728263886,0.25405488962015577,0.010561355611862501,128.78211272294763,1.0,1
ds4,7,361.75,1,0,test,2.0887134779571053,145.09905137516353,0.3422343128195837,0.013212976590018462,147.18776485312063,1.0,1
ds4,7,362.25,1,0,test,1.1925797610692472,119.73925008916234,0.3390766897309188,0.015214622153121986,120.9318298502316,1.0,1
ds4,7,362.75,1,0,test,1.2841873624363491,130.40242292729314,0.43365821615536043,0.014511417708301503,131.6866102897295,1.0,1
ds4,7,363.25,1,0,test,1.1569333117435092,109.1622398377043,0.4441205756285369,0.012418714714499342,110.31917314944782,1.0,1
ds4,7,363.75,1,0,test,2.2609035261909662,115.12405008354573,0.2759762244161642,0.014623508507261034,117.3849536097367,1.0,1
ds4,7,364.25,1,0,test,1.7129857881330264,127.03639917841168,1.2212054486300008,0.014215527093348876,128.7493849665447,1.0,1
ds4,7,364.75,1,0,test,2.798633540501529,137.20649467584465,0.38530929943177133,0.0173605589224455,140.00512821634618,1.0,1
ds4,7,365.25,1,0,test,5.2256309645127486,133.1496583307381,1.209532046806014,0.01224669616809456,138.37528929525087,1.0,1
ds4,7,365.75,1,0,test,3.2938210141187967,117.18666502126995,0.2607106370853073,0.014317013116543903,120.48048603538874,1.0,1
ds4,7,366.25,1,0,test,2.678095833063137,124.75762020526963,0.19204166244700005,0.015215757606877484,127.43571603833277,1.0,1
ds4,7,366.75,1,0,test,2.601002920873952,123.30017281041113,1.1359231984869043,0.0116502659366149,125.90117573128508,1.0,1
ds4,7,367.25,1,0,test,3.0654888371622735,115.78892879273609,0.3266172401825918,0.014992028163445989,118.85441762989836,1.0,1
ds4,7,367.75,1,0,test,4.652615004825881,122.99858477126742,0.5016865044139736,0.010774977592123702,127.65119977609329,1.0,1
ds4,7,368.25,1,0,test,3.8138558065100407,111.08875097803976,0.8128982030495838,0.0180876748715974,114.90260678454979,1.0,1
ds4,7,368.75,1,0,test,5.38909557985066,129.24594911426843,1.0079209896625867,0.01943828903167571,134.63504469411907,1.0,1
ds4,7,369.25,1,0,test,4.125052746934761,111.46748402327135,0.43091255372277976,0.018549897323980304,115.59253677020611,1.0,1
ds4,7,369.75,1,0,test,4.7317910566299695,102.30897783726634,0.5437846675161099,0.024788236349464636,107.04076889389631,1.0,1
ds4,7,370.25,1,0,test,4.734210044019801,132.33612418207437,1.2017668852764212,0.013205971482950753,137.07033422609416,1.0,1
ds4,7,370.75,1,0,test,4.076489004629934,136.98501900888866,0.2816573794266564,0.010479836524548064,141.0615080135186,1.0,1
ds4,7,371.25,1,0,test,3.948398827081522,128.95482178106303,0.24200057397883745,0.009988312957874848,132.90322060814455,1.0,1
ds4,7,371.75,1,0,test,4.378073965145224,146.66526557513401,0.6401560185235502,0.016462408347222828,151.04333954027925,1.0,1
ds4,7,372.25,1,0,test,4.0017583157231815,138.65173223459425,0.31638684588366145,0.016441193070038294,142.65349055031743,1.0,1
ds4,7,372.75,1,0,test,3.5443688720508555,109.40121898560065,2.394631885462962,0.012420497935328005,112.9455878576515,1.0,1
ds4,7,373.25,1,0,test,6.63908291955008,111.89354152456407,0.28595690696328385,0.019147742977325282,118.53262444411415,1.0,1
ds4,7,373.75,1,0,test,4.808026560718564,109.5803932644864,5.194460473406497,0.021561268401781682,114.38841982520496,1.0,1
ds4,7,374.25,1,0,test,4.470485622062351,110.21550883927279,0.2370959073418581,0.013709947378403718,114.68599446133514,1.0,1
ds4,7,374.75,1,0,test,3.810987544318496,117.2676139815178,0.3319966686198127,0.01602464178290634,121.07860152583629,1.0,1
ds4,7,375.25,1,0,test,4.023326058049649,103.47656367343323,0.2880714108527485,0.009594162923215908,107.49988973148288,1.0,1
ds4,7,375.75,1,0,test,4.258705758744779,129.27895712602844,1.339856617498051,0.012005031336590288,133.53766288477323,1.0,1
ds4,7,376.25,1,0,test,2.6526622135777247,123.09964627664135,0.46601686861431624,0.012166669872677895,125.75230849021908,1.0,1
ds4,7,376.75,1,0,test,3.068972513361872,131.78854000163162,0.6020268935991069,0.012077337809771034,134.8575125149935,1.0,1
ds4,7,377.25,1,0,test,4.454732654268823,137.9216846487026,0.7417896208548428,0.015727416262730325,142.37641730297142,1.0,1
ds4,7,377.75,1,0,test,2.401583067793348,127.54491681069514,2.6630647760361366,0.01014238458026299,129.94649987848848,1.0,1
ds4,7,378.25,1,0,test,2.804200799251165,124.76048482552618,8.329358097708575,0.012466739843441366,127.56468562477734,1.0,1
ds4,7,378.75,1,0,test,1.7976678248579916,119.3265960876099,0.6004546912050972,0.015299785232499967,121.1242639124679,1.0,1
ds4,7,379.25,1,0,test,1.6468704149198998,119.96883918589407,0.5216917023287474,0.013082193592139094,121.61570960081397,1.0,1
ds4,7,379.75,1,0,test,2.7222821857724524,118.20354939949465,0.12502027954344458,0.013928107993756562,120.9258315852671,1.0,1
ds4,7,380.25,1,0,test,2.7061817130314076,102.96061518748935,0.287003797531672,0.012565127586132908,105.66679690052077,1.0,1
ds4,7,380.75,1,0,test,1.5333798753808427,106.58521806073875,0.15945345589701512,0.014925605555487189,108.1185979361196,1.0,1
ds4,7,381.25,1,0,test,1.1673523010822109,132.10892806098227,0.13435776380733425,0.011854798312054975,133.27628036206448,1.0,1
ds4,7,381.75,1,0,test,1.908036857108947,126.86429724545027,0.24366699480818052,0.008592821423438623,128.77233410255923,1.0,1
ds4,7,382.25,1,0,test,2.7672207489390255,128.0407473551194,0.27577488230502123,0.010347545459275437,130.80796810405843,1.0,1
ds4,7,382.75,1,0,test,1.2012840277772954,114.19913684860929,0.23626389036045312,0.012602412539898836,115.40042087638658,1.0,1
ds4,7,383.25,1,0,test,1.8171947538241304,129.85935780458573,3.6249194303228123,0.013848268531500646,131.67655255840987,1.0,1
ds4,7,383.75,1,0,test,2.225516004959032,122.72705526110751,0.49560417944731733,0.014117377189464207,124.95257126606654,1.0,1
ds4,7,384.25,1,0,test,1.8095996638212124,127.09713806455376,0.29618783425592055,0.015236402583949513,128.90673772837496,1.0,1
ds4,7,384.75,1,0,test,1.661803930410758,113.41253588929195,0.2093812891327831,0.01725157033641679,115.0743398197027,1.0,1
ds4,7,385.25,1,0,test,2.142091323762433,128.59354847635353,0.3055802231406444,0.018023958811934807,130.73563980011596,1.0,1
ds4,7,385.75,1,0,test,5.259723113444388,114.24125141565874,0.11019565203074333,0.01618641959486273,119.50097452910313,1.0,1
ds4,7,386.25,1,0,test,3.9887779442628934,120.64638069878713,0.8804517634715564,0.013436034027889732,124.63515864305002,1.0,1
ds4,7,386.75,1,0,test,1.8021164880470397,119.39552473109454,0.42447090176109514,0.013270281510508495,121.19764121914157,1.0,1
ds4,7,387.25,1,0,test,1.7659966996021783,139.06644272265666,7.982036090169249,0.01565906115262343,140.83243942225883,1.0,1
ds4,7,387.75,1,0,test,2.0847217802764564,123.93155264375856,1.1059357944393235,0.01444667761871802,126.01627442403502,1.0,1
ds4,7,388.25,1,0,test,1.86235600208303,120.92294669546077,0.16161914333094946,0.010607352638430666,122.7853026975438,1.0,1
ds4,7,388.75,1,0,test,2.1527453071752585,124.38598335455542,0.8234956106492504,0.01596906595836335,126.53872866173067,1.0,1
ds4,7,389.25,1,0,test,2.6434215284051694,110.40919334930648,0.5892250538004489,0.015657877296438635,113.05261487771165,1.0,1
ds4,7,389.75,1,0,test,2.7017551072816777,120.55466839765981,0.5549623824442177,0.014129139595404235,123.2564235049415,1.0,1
ds4,7,390.25,1,0,test,2.402606727730064,108.67391248888454,0.5325331998643714,0.014158765290291062,111.0765192166146,1.0,1
ds4,7,390.75,1,0,test,2.851923173193198,130.97558922319962,0.3994032104678515,0.020923167335882464,133.82751239639282,1.0,1
ds4,7,391.25,1,0,test,3.113741405296046,120.7069460010851,0.26009919725535385,0.012800341001694509,123.82068740638114,1.0,1
ds4,7,391.75,1,0,test,4.8116919729328,120.98388603726738,0.38108035425477765,0.009930252375027796,125.79557801020019,1.0,1
ds4,7,392.25,1,0,test,5.408715892559264,113.82874697742344,0.24918380318308403,0.01635667985985221,119.23746286998269,1.0,1
ds4,7,392.75,1,0,test,3.564943541153788,115.75411772562559,0.6451636339761007,0.01931982654503326,119.31906126677939,1.0,1
ds4,7,393.25,1,0,test,3.6712359159377774,113.15256212766855,0.61561672409473,0.018908499270905894,116.82379804360632,1.0,1
ds4,7,393.75,1,0,test,5.172340520248002,121.3381710985624,0.38543496069105254,0.014837746308853624,126.5105116188104,1.0,1
ds4,7,394.25,1,0,test,5.914394654443977,135.15230722334658,0.8045607727430633,0.014649371190692017,141.06670187779056,1.0,1
ds4,7,394.75,1,0,test,5.825803959227034,111.55172762231507,0.16076636926181853,0.014386200678437749,117.3775315815421,1.0,1
ds4,7,395.25,1,0,test,4.885253929230769,120.0990681837898,0.34969160353557804,0.01657772043813759,124.98432211302057,1.0,1
ds4,7,395.75,1,0,test,5.1504000469473326,121.12025647862909,0.3430325587145262,0.01182348081484357,126.27065652557641,1.0,1
ds4,7,396.25,1,0,test,5.733464707277294,122.39161570142107,0.888775182675443,0.01844381243825742,128.12508040869838,1.0,1
ds4,7,396.75,1,0,test,4.8971586056195635,124.15741462881603,0.45404259668559416,0.010216142010698629,129.0545732344356,1.0,1
ds4,7,397.25,1,0,test,5.236882670458782,129.07825611717024,0.5301983046029002,0.015224258340215385,134.31513878762902,1.0,1
ds4,7,397.75,1,0,test,3.8826915361607757,106.9093840565229,0.537479467848023,0.01524561589732687,110.79207559268367,1.0,1
ds4,7,398.25,1,0,test,4.37903472788929,117.15283702872277,0.3831890646488556,0.014688027209442359,121.53187175661206,1.0,1
ds4,7,398.75,1,0,test,4.5861865881264885,113.47667278410472,0.24287145523262618,0.01971107844005465,118.06285937223122,1.0,1
ds4,7,399.25,1,0,test,5.576249453259773,124.08214511558027,0.4696996351881121,0.011421525217641526,129.65839456884004,1.0,1
ds4,7,399.75,1,0,test,4.388694140031539,128.4508854136215,0.4391020577337472,0.019306367640443446,132.83957955365304,1.0,1
ds4,7,400.25,1,0,test,3.7864262431051863,124.18030170945907,0.9623158137199566,0.00966592262934324,127.96672795256426,1.0,1
ds4,7,400.75,1,0,test,3.5354993045802225,106.32710396501024,0.46669011218937817,0.009667232188759969,109.86260326959047,1.0,1
ds4,7,401.25,1,0,test,4.2867465566647045,130.99580849464022,0.9435469972392269,0.013248169787835428,135.2825550513049,1.0,1
ds4,7,401.75,1,0,test,5.29871001737012,123.21790397538895,0.24187919131887112,0.015614976073776047,128.51661399275906,1.0,1
ds4,7,402.25,1,0,test,3.093226442631909,116.96047218394456,0.5301893969525352,0.014871526717508445,120.05369862657646,1.0,1
ds4,7,402.75,1,0,test,3.4331958403184784,118.97415416415733,3.1992335526017945,0.016754269361240668,122.4073500044758,1.0,1
ds4,7,403.25,1,0,test,5.219720928528238,134.2299244023032,0.576321659823737,0.016276745696552374,139.44964533083143,1.0,1
ds4,7,403.75,1,0,test,2.672121458750019,116.53382800980879,0.5635197930849583,0.021522171732986473,119.2059494685588,1.0,1
ds4,7,404.25,1,0,test,3.1977200164674797,121.25456435472684,1.1965895557885131,0.013420434938888804,124.45228437119432,1.0,1
ds4,7,404.75,1,0,test,2.6776033247762463,112.10091106797267,0.19863447608447257,0.014026362326207171,114.77851439274892,1.0,1
ds4,7,405.25,1,0,test,8.448827096750033,121.10620443413971,1.68310491618275,0.01639399052043161,129.55503153088975,1.0,1
ds4,7,405.75,1,0,test,1.738343714868437,106.90370732388011,1.3681621065521152,0.010546873346676186,108.64205103874855,1.0,1
ds4,7,406.25,1,0,test,1.8838444908567,131.9217281484319,1.2950476504505317,0.01395653925086418,133.80557263928858,1.0,1
ds4,7,406.75,1,0,test,2.445897879381308,129.97954832088342,1.0639534434453215,0.017722730984482717,132.42544620026473,1.0,1
ds4,7,407.25,1,0,test,3.1133156714557857,112.58366482207808,0.5011621212964552,0.014613034012777217,115.69698049353386,1.0,1
ds4,7,407.75,1,0,test,3.2631062629970544,113.29198150307846,0.23943242871011627,0.012498062656214561,116.55508776607552,1.0,1
ds4,7,408.25,1,0,test,4.55354208283115,118.81952707855987,0.8243518272149525,0.01393401330952481,123.37306916139102,1.0,1
ds4,7,408.75,1,0,test,4.800128969676905,111.6703235770829,0.22806018125253563,0.014548424352759892,116.4704525467598,1.0,1
ds4,7,409.25,1,0,test,2.9575922560095944,122.19570032453886,0.5084832670038114,0.019448566614981205,125.15329258054845,1.0,1
ds4,7,409.75,1,0,test,3.7463293417195582,117.48587998653205,0.708134571652934,0.01310419988365754,121.23220932825161,1.0,1
ds4,7,410.25,1,0,test,3.803043061344632,110.18618441482216,0.5596677585408714,0.01251900582952387,113.9892274761668,1.0,1
ds4,7,410.75,1,0,test,5.576874015442811,103.2151708604918,2.277214966927191,0.015297803982922771,108.79204487593461,1.0,1
ds4,7,411.25,1,0,test,4.6799375821495,119.0168224385141,0.8421047486768,0.014205876029860351,123.6967600206636,1.0,1
ds4,7,411.75,1,0,test,4.9620567894235075,136.96101921324308,0.16858238387611663,0.019335361865032992,141.9230760026666,1.0,1
ds4,7,412.25,1,0,test,5.3479459109408145,119.6024311244225,0.9534337103620768,0.020966105975912808,124.9503770353633,1.0,1
ds4,7,412.75,1,0,test,5.083923584717529,129.15949760612457,0.5414546284539024,0.011619735376889864,134.2434211908421,1.0,1
ds4,7,413.25,1,0,test,3.353077314577948,120.48866846651642,0.302858411111172,0.016642445740110083,123.84174578109436,1.0,1
ds4,7,413.75,1,0,test,4.358849885873814,114.94888391971259,0.17093510640882176,0.010112846950816361,119.3077338055864,1.0,1
ds4,7,414.25,1,0,test,3.118393064708787,134.92810007852327,0.27216320026588947,0.013874800866082155,138.04649314323206,1.0,1
ds4,7,414.75,1,0,test,2.748723799952212,118.83102837482927,0.8910963441003383,0.011687724737688506,121.57975217478149,1.0,1
ds4,7,415.25,1,0,test,2.3455954738904663,120.03860015171868,0.35828069208620494,0.011923018999877836,122.38419562560915,1.0,1
ds4,7,415.75,1,0,test,2.7481223091784095,117.34074926535423,0.7896114653741345,0.014528268544526924,120.08887157453265,1.0,1
ds4,7,416.25,1,0,test,2.3626371648300935,120.11251363622216,0.10727211471294643,0.019276975500411922,122.47515080105225,1.0,1
ds4,7,416.75,1,0,test,2.9946117261494165,113.09946926328277,0.27948760441884407,0.012239924367829001,116.09408098943219,1.0,1
ds4,7,417.25,1,0,test,4.229190867364288,124.45395033343218,0.29867350811811105,0.012584742279648429,128.68314120079646,1.0,1
ds4,7,417.75,1,0,test,4.9216098928640655,111.48003039176703,0.6550604594744776,0.01107486835803444,116.4016402846311,1.0,1
ds4,7,418.25,1,0,test,4.6308126661139655,121.82254520004878,0.21274613110265347,0.014470584841835799,126.45335786616275,1.0,1
ds4,7,418.75,1,0,test,3.590896860377056,116.34482711637531,1.5067918400352551,0.011072986005228172,119.93572397675237,1.0,1
ds4,7,419.25,1,0,test,6.049240213493798,106.0822861876294,0.5948094364646516,0.01907044298396569,112.13152640112321,1.0,1
ds4,7,419.75,1,0,test,5.751306220400716,130.23790560889543,0.6018514873518805,0.013869209317003752,135.98921182929615,1.0,1
ds4,7,420.25,1,0,test,5.786483047679266,120.3413494936881,0.31522830099345295,0.01260407212385312,126.12783254136737,1.0,1
ds4,7,420.75,1,0,test,3.7792529196656637,128.4226962833544,1.3930095276837504,0.014734087011943965,132.20194920302006,1.0,1
ds4,7,421.25,1,0,test,2.6000416665563497,121.69334418817128,1.045752218019227,0.013385007683657097,124.29338585472763,1.0,1
ds4,7,421.75,1,0,test,4.306391705717748,105.08537871673535,0.4381616260129696,0.012567253464259,109.39177042245309,1.0,1
ds4,7,422.25,1,0,test,5.491682848840008,119.95008050398958,0.553851775340409,0.010049654109352792,125.4417633528296,1.0,1
ds4,7,422.75,1,0,test,1.7847590679478151,103.92491835545175,0.6654098665288747,0.014374971971323116,105.70967742339957,1.0,1
ds4,7,423.25,1,0,test,2.060061085213688,130.80095682715705,0.36005472170610975,0.00814370079690112,132.86101791237073,1.0,1
ds4,7,423.75,1,0,test,1.9680574986693085,105.46118500607366,0.17690309196103737,0.015428991130378537,107.42924250474297,1.0,1
ds4,7,424.25,1,0,test,4.255272167533419,112.27042055935357,0.6419068963606099,0.016357984604517897,116.52569272688699,1.0,1
ds4,7,424.75,1,0,test,1.4950111782880622,122.33284720577336,0.21302436416903045,0.013461976379683436,123.82785838406143,1.0,1
ds4,7,425.25,1,0,test,1.713059895688985,106.968457162752,0.1956397122466693,0.017115846291228868,108.68151705844099,1.0,1
ds4,7,425.75,1,0,test,1.1586695375464362,123.72707745217426,0.4807705723800933,0.010792425416672448,124.88574698972069,1.0,1
ds4,7,426.25,1,0,test,0.8919548920673908,111.05268052222888,0.5666988113654572,0.01580281878319501,111.94463541429627,1.0,1
ds4,7,426.75,1,0,test,0.5809200250466909,114.71787898705294,0.5751655790328901,0.009226501552465613,115.29879901209964,1.0,1
ds4,7,427.25,1,0,test,3.602994977134923,112.38900158968254,0.18397894717971092,0.009203944806909628,115.99199656681746,1.0,1
ds4,7,427.75,1,0,test,0.8382103862723034,138.15660899792226,0.2534182667791948,0.011790501032995953,138.99481938419456,1.0,1
ds4,7,428.25,1,0,test,1.4358950473038021,130.94045070658916,0.4808446201619115,0.009555092662417608,132.37634575389296,1.0,1
ds4,7,428.75,1,0,test,0.7474998905025092,114.3082189488684,1.2444959335111505,0.013260779583441363,115.05571883937091,1.0,1
ds4,7,429.25,1,0,test,0.6912260235308502,129.36206916426605,0.15481415579143018,0.01294408550802088,130.0532951877969,1.0,1
ds4,7,429.75,1,0,test,2.2246424826358724,126.86187782701668,1.0557589012472677,0.011049632144688378,129.08652030965257,1.0,1
ds4,7,430.25,1,0,test,1.1897030727344597,117.1901768915958,0.26234633303096316,0.013123219114754801,118.37987996433026,1.0,1
ds4,7,430.75,1,0,test,1.0952523164753938,123.98118146881308,1.5349314947795145,0.012322308425467485,125.07643378528847,1.0,1
ds4,7,431.25,1,0,test,1.5126186328284004,143.61557987843332,0.4768824338493934,0.01309886464652014,145.12819851126173,1.0,1
ds4,7,431.75,1,0,test,0.4755995146820315,126.98237600336412,1.2035545600766757,0.011719019530763363,127.45797551804615,1.0,1
ds4,7,432.25,1,0,test,1.6356786603918123,129.66467571675784,0.36756541974906703,0.019408416748377344,131.30035437714966,1.0,1
ds4,7,432.75,1,0,test,2.057234896834682,116.49215782480104,0.5446404862926891,0.011407648511947548,118.54939272163573,1.0,1
ds4,7,433.25,1,0,test,0.28552927658647387,121.60414026833546,0.2499288426002914,0.018524408602174105,121.88966954492193,1.0,1
ds4,7,433.75,1,0,test,0.36708118145568747,104.83495890736546,6.926295476633508,0.012148228762581181,105.20204008882115,1.0,1
ds4,7,434.25,1,0,test,1.0747970190068787,114.51915446534535,1.3035749721118548,0.01425720993231533,115.59395148435223,1.0,1
ds4,7,434.75,1,0,test,0.5203661480804463,116.37978044582127,0.29602995782531,0.010486535893721104,116.90014659390171,1.0,1
ds4,7,435.25,1,0,test,3.6532739908115173,123.48788128348794,0.1555180126459668,0.01135824856309451,127.14115527429945,1.0,1
ds4,7,435.75,1,0,test,0.30365547125259756,124.04750975502989,0.6999980313390797,0.01332324587597782,124.35116522628249,1.0,1
ds4,7,436.25,1,0,test,1.28485114977502,131.22778090276924,0.8579500269239451,0.01649494191188172,132.51263205254426,1.0,1
ds4,7,436.75,1,0,test,0.5236058541157386,119.20924021404213,0.8802050040343974,0.015502521092499302,119.73284606815787,1.0,1
ds4,7,437.25,1,0,test,1.8581223066924326,109.97097383195592,1.4253749534651379,0.014761759349923066,111.82909613864835,1.0,1
ds4,7,437.75,1,0,test,0.353903418701651,138.87853308976204,0.6474465574939138,0.01749073566081092,139.2324365084637,1.0,1
ds4,7,438.25,1,0,test,0.4621854978142255,115.00144476409594,0.9666030157958998,0.01279571569258724,115.46363026191017,1.0,1
ds4,7,438.75,1,0,test,1.0433497283642403,115.36061767089693,0.1325205684419634,0.019249335333914337,116.40396739926116,1.0,1
ds4,7,439.25,1,0,test,0.9421708230340998,129.95532158406053,3.495956615207004,0.009914366908394976,130.89749240709463,1.0,1
ds4,7,439.75,1,0,test,0.4797680371271879,114.36117936436031,0.4739924772056234,0.013609109975142192,114.8409474014875,1.0,1
ds4,7,440.25,1,0,test,0.49039991655306364,120.91545405375888,0.5961681104479372,0.012894705531765919,121.40585397031194,1.0,1
ds4,7,440.75,1,0,test,1.0696474849100397,102.06575490192058,0.8522185445286602,0.014194620475909843,103.13540238683062,1.0,1
ds4,7,441.25,1,0,test,0.38898537359277097,124.56912220378658,1.2596010470128851,0.013820729858513861,124.95810757737935,1.0,1
ds4,7,441.75,1,0,test,0.3636252715753499,111.18199273637383,0.42450312930527223,0.008087275254347874,111.54561800794917,1.0,1
ds4,7,442.25,1,0,test,1.2920651158634207,120.25705704911013,0.4615195128915483,0.013810288543170762,121.54912216497355,1.0,1
ds4,7,442.75,1,0,test,0.3970114516212399,104.99004845478045,0.1717545871339576,0.012595634624812113,105.38705990640169,1.0,1
ds4,7,443.25,1,0,test,0.29793894652353947,116.78513227933158,7.686711480182459,0.017831073389055173,117.08307122585512,1.0,1
ds4,7,443.75,1,0,test,1.1424953499599397,114.17808203104225,0.5036529559022653,0.010089010805727182,115.3205773810022,1.0,1
ds4,7,444.25,1,0,test,0.25938696314938725,134.45778322174493,0.190736500556226,0.010778250278029608,134.71717018489431,1.0,1
ds4,7,444.75,1,0,test,0.9521365488330295,106.56129391301978,1.5677932168980042,0.01055565491173406,107.5134304618528,1.0,1
ds4,7,445.25,1,0,test,0.2571500262521816,113.64365415189341,0.2268480045958608,0.013220078271828315,113.90080417814559,1.0,1
ds4,7,445.75,1,0,test,0.9168151755518039,108.42356403311318,0.3255580882550494,0.008373885852879452,109.34037920866498,1.0,1
ds4,7,446.25,1,0,test,0.3829139237828783,122.21198716689652,0.16024166728673273,0.012824564973482305,122.5949010906794,1.0,1
ds4,7,446.75,1,0,test,1.542488392860032,124.02932248979462,0.14383177678313458,0.015224042301676958,125.57181088265466,1.0,1
ds4,7,447.25,1,0,test,2.297945904987923,108.73612132989294,0.7124273919597813,0.009572521749834704,111.03406723488087,1.0,1
ds4,7,447.75,1,0,test,0.5849203532284085,101.91303888665469,1.1975605300842305,0.006398620889459468,102.4979592398831,1.0,1
ds4,7,448.25,1,0,test,1.8470558089794047,120.46219027753001,1.0578558707020902,0.016266838345604915,122.30924608650942,1.0,1
ds4,7,448.75,1,0,test,1.6302450284589511,117.46360629163962,0.8450153264349013,0.009584470675175207,119.09385132009857,1.0,1
ds4,7,449.25,1,0,test,0.9672931635204487,124.11819725998953,0.16136389309769966,0.00906268165836001,125.08549042350998,1.0,1
ds4,7,449.75,1,0,test,0.2909601958578902,117.075358115841,1.392293749178011,0.009993110716974042,117.36631831169889,1.0,1
ds4,7,450.25,1,0,test,0.7541577530437145,117.24393122898807,0.7412408168706023,0.012087775301439984,117.99808898203179,1.0,1
ds4,7,450.75,1,0,test,0.8957909972227153,112.24353444269505,1.0041333773329697,0.014428835832695249,113.13932543991777,1.0,1
ds4,7,451.25,1,0,test,0.16423298046321091,119.36833346645402,1.41216754835652,0.010908737876355566,119.53256644691723,1.0,1
ds4,7,451.75,1,0,test,1.3481908293796316,124.69117098402023,0.5451385262064428,0.008299389665159834,126.03936181339986,1.0,1
ds4,7,452.25,1,0,test,0.28528912694608044,137.29483655746105,1.4852391884711404,0.0159995802071631,137.58012568440714,1.0,1
ds4,7,452.75,1,0,test,1.4335625162945003,141.55632282031914,0.14670478861900757,0.01273367309061242,142.98988533661364,1.0,1
ds4,7,453.25,1,0,test,0.9051378985979407,92.11109271714922,5.089496449199775,0.004274912386801392,93.01623061574716,1.0,1
ds4,7,453.75,1,0,test,0.5504081339836618,96.26066621499695,1.2075517364569452,0.017534978765573875,96.81107434898061,1.0,1
ds4,7,454.25,1,0,test,1.5167847844210107,108.87731758594845,0.3660141210889128,0.01380065606383024,110.39410237036945,1.0,1
ds4,7,454.75,1,0,test,1.4992863564414567,112.3299481469136,3.8464958710407453,0.010104551551524949,113.82923450335505,1.0,1
ds4,7,455.25,1,0,test,0.6559716636196682,110.60194213038724,0.14033467760006238,0.01047961835347436,111.25791379400691,1.0,1
ds4,7,455.75,1,0,test,1.421801856209569,120.56130138798352,0.7030342245604637,0.016212720812922285,121.98310324419309,1.0,1
ds4,7,456.25,1,0,test,0.38656173627275414,123.70753899106158,0.7182793464676719,0.009460432591379615,124.09410072733434,1.0,1
ds4,7,456.75,1,0,test,0.45461135859502577,125.97553025304195,1.8259311361162178,0.012343893749929401,126.43014161163698,1.0,1
ds4,7,457.25,1,0,test,2.041829307826817,123.2419155101869,0.20945174875200454,0.011688198254964553,125.28374481801372,1.0,1
ds4,7,457.75,1,0,test,0.6029917418663958,111.89575994078024,0.634846879408994,0.009952391575521679,112.49875168264663,1.0,1
ds4,7,458.25,1,0,test,2.1860588979568742,173.82278191302478,0.6306022734370289,0.025218081399763993,176.00884081098167,1.0,1
ds4,8,253.25,1,0,test,2664.835359661775,9242.404345225614,21182696.032988504,764.8288482245609,11907.239704887388,1.0,1
ds4,8,253.75,1,0,test,16.213221074628688,9474.338635596572,11119261.535497101,47.01309493462372,9490.551856671202,1.0,1
ds4,8,254.25,1,0,test,13.879964626902723,9396.474493779608,2619308.2872370137,0.15838482316484317,9410.354458406511,1.0,1
ds4,8,254.75,1,0,test,39.62238533193852,9702.768738841967,384372.1199151171,0.1335353731524554,9742.391124173906,1.0,1
ds4,8,255.25,1,0,test,187.66506906743123,9078.104579609064,3242983.0592561327,3.949767865820409,9265.769648676494,1.0,1
ds4,8,255.75,1,0,test,118.90639199538204,9653.960765970945,874881.1292207057,0.07970685694729665,9772.867157966328,1.0,1
ds4,8,256.25,1,0,test,29.14784008864668,9956.731206827797,378928.2608626041,0.07152274665167527,9985.879046916443,1.0,1
ds4,8,256.75,1,0,test,172.71847916676023,9705.224564448576,482449.6338097075,0.042304464709207006,9877.943043615336,1.0,1
ds4,8,257.25,1,0,test,57.45416601679838,10248.595276176251,316686.9000554272,0.06739779851975918,10306.049442193049,1.0,1
ds4,8,257.75,1,0,test,90.15411356086159,9638.16367519377,302678.0033186155,0.11259878655093743,9728.317788754632,1.0,1
ds4,8,258.25,1,0,test,116.9367886210538,9899.410294034335,674749.5911673424,0.0719840658468573,10016.347082655388,1.0,1
ds4,8,258.75,1,0,test,83.72192749094127,10010.50994429346,325486.4478961639,0.05666232087063042,10094.231871784403,1.0,1
ds4,8,259.25,1,0,test,17.362640643002877,9999.10891073018,7082541.307231626,13.722774744210552,10016.471551373183,1.0,1
ds4,8,259.75,1,0,test,41.3794759867296,9196.195895351573,4182619.592520484,11.904105902954866,9237.575371338302,1.0,1
ds4,8,260.25,1,0,test,21.5190667450597,199.40990745878918,39241.475526192895,0.0028203359539144086,220.92897420384887,1.0,1
ds4,8,260.75,1,0,test,16.60355552908992,125.67512096591446,53919.783757427125,0.00026859526284589533,142.2786764950044,1.0,1
ds4,8,261.25,1,0,test,21.968141038275043,53.996806927653914,29806.5251113262,0.004246369449669812,75.96494796592896,0.9999999999999941,1
ds4,8,261.75,1,0,test,14.111349973444012,84.7868734395559,29634.92521094536,7.436130894238323e-07,98.89822341299991,1.0,1
ds4,8,262.25,1,0,test,16.36731111830668,94.81296736382052,20666.96438074202,0.001346401636361544,111.18027848212719,1.0,1
ds4,8,262.75,1,0,test,15.048174881390057,101.28951356217978,19944.49285349933,2.995017736585817e-05,116.33768844356983,1.0,1
ds4,8,263.25,1,0,test,20.102594568798764,94.11390610140445,17435.075571455895,0.0018813567892949227,114.21650067020322,1.0,1
ds4,8,263.75,1,0,test,16.153161760278497,79.5365233359007,13322.470908175694,0.0010910453087130281,95.68968509617919,1.0,1
ds4,8,264.25,1,0,test,17.336976630642287,62.10112710385643,11421.34822585014,0.0005538740209704054,79.43810373449871,0.9999999999999989,1
ds4,8,264.75,1,0,test,16.514080061415893,75.69887081864366,9438.881589973098,1.1355602612391497e-06,92.21295088005955,1.0,1
ds4,8,265.25,1,0,test,19.8505046526266,65.74775629158403,7990.435825058539,0.0057273888497408445,85.59826094421062,0.9999999999999999,1
ds4,8,265.75,1,0,test,20.529124660862628,70.92940481852594,6490.378469190003,0.0034943237639462246,91.45852947938857,1.0,1
ds4,8,266.25,1,0,test,33.598366821932125,72.12632404568029,4544.677981645032,0.0017638081863837582,105.72469086761242,1.0,1
ds4,8,266.75,1,0,test,16.41672445913453,84.84375836043922,4124.31181557134,0.0007721587743207885,101.26048281957375,1.0,1
ds4,8,267.25,1,0,test,14.892532096503944,55.270491545826104,3803.3969225841006,0.0038664831430758437,70.16302364233005,0.9999999999999052,1
ds4,8,267.75,1,0,test,29.168800822275493,67.78219811572954,2881.312433490369,0.006305957913702327,96.95099893800503,1.0,1
ds4,8,268.25,1,0,test,17.80174489095419,88.52561452624518,2303.649345494538,0.0002878202642609822,106.32735941719938,1.0,1
ds4,8,268.75,1,0,test,24.935534795895315,99.56521659125517,1820.5182881426776,0.00828972610756762,124.50075138715047,1.0,1
ds4,8,269.25,1,0,test,21.32345693060493,72.5363817408545,1640.1270606891446,0.004504870697660258,93.85983867145943,1.0,1
ds4,8,269.75,1,0,test,35.32060421867404,63.96837679891386,1308.5037309198121,0.010382942701488197,99.2889810175879,1.0,1
ds4,8,270.25,1,0,test,26.0125358567358,92.50154238801322,1066.4126820850581,0.0027499379378430814,118.51407824474902,1.0,1
ds4,8,270.75,1,0,test,26.280083927906663,76.71169221990603,867.9852651867914,0.003913616149563144,102.99177614781269,1.0,1
ds4,8,271.25,1,0,test,25.65024875483777,103.86839658478647,758.9224577568291,0.006680523454662563,129.51864533962424,1.0,1
ds4,8,271.75,1,0,test,31.936026519070744,80.39594654923556,626.2434177875198,0.004418217111500662,112.3319730683063,1.0,1
ds4,8,272.25,1,0,test,38.68000516514986,76.3595962528383,386.771492932262,0.0003446707806220826,115.03960141798817,1.0,1
ds4,8,272.75,1,0,test,27.517730821203955,82.83482565308401,319.0544155827415,0.000980636238000389,110.35255647428797,1.0,1
ds4,8,273.25,1,0,test,23.652552271307204,77.78118856493316,320.01553910461166,0.002757254011543437,101.43374083624036,1.0,1
ds4,8,273.75,1,0,test,27.99303018369256,73.70478083167218,299.0134883971273,0.006153665740831347,101.69781101536475,1.0,1
ds4,8,274.25,1,0,test,27.107881435334015,92.96791183157207,228.61345194346057,0.008346711708633539,120.07579326690609,1.0,1
ds4,8,274.75,1,0,test,25.95191777936722,106.05263105814197,138.0107392058033,4.3614993349735834e-05,132.0045488375092,1.0,1
ds4,8,275.25,1,0,test,30.58837535769708,124.0972749049783,62.790191105968105,0.0020705325927444632,154.68565026267538,1.0,1
ds4,8,275.75,1,0,test,21.239038753985408,135.21122824856343,85.0908825641492,0.0005140456316685261,156.45026700254883,1.0,1
ds4,8,276.25,1,0,test,20.760019131037215,101.86870555436833,101.79164964059993,0.0015644586922748654,122.62872468540554,1.0,1
ds4,8,276.75,1,0,test,18.034604989851726,105.09516103783069,50.79834447477702,0.0009438857649142264,123.12976602768242,1.0,1
ds4,8,277.25,1,0,test,17.9293372622803,126.4175277703062,61.6492195020285,0.0029297075336586834,144.3468650325865,1.0,1
ds4,8,277.75,1,0,test,18.692856263877626,151.05326747644224,28.390543828293172,0.002331787319960724,169.74612374031986,1.0,1
ds4,8,278.25,1,0,test,19.136797404513885,97.63949989877642,26.132071683642913,0.001151607408152806,116.7762973032903,1.0,1
ds4,8,278.75,1,0,test,19.38981620453482,146.50672313442857,20.385241761909437,0.00106708369799504,165.89653933896338,1.0,1
ds4,8,279.25,1,0,test,19.52293771303065,104.95681348565164,10.695361557475094,0.000996449461906642,124.4797511986823,1.0,1
ds4,8,279.75,1,0,test,19.30000889725379,127.89331022022553,16.75394742028823,0.0002287541539712975,147.19331911747932,1.0,1
ds4,8,280.25,1,0,test,21.234937027806957,90.06387592733172,9.537966845247439,0.0032878190623868543,111.29881295513869,1.0,1
ds4,8,280.75,1,0,test,27.054758361741406,105.0495434422394,9.671123524189877,0.006552397111239098,132.1043018039808,1.0,1
ds4,8,281.25,1,0,test,18.803784515435915,133.68767967559216,11.921394837232045,0.0019358754449559706,152.4914641910281,1.0,1
ds4,8,281.75,1,0,test,20.813379894918146,117.98259252668231,9.298243887375873,7.744221763373533e-05,138.79597242160045,1.0,1
ds4,8,282.25,1,0,test,19.743110968775863,109.83810625566154,6.501526916162057,0.0037546746948224365,129.5812172244374,1.0,1
ds4,8,282.75,1,0,test,19.511879035299724,110.87966256266705,4.270291435602243,0.0002541277114350029,130.39154159796678,1.0,1
ds4,8,283.25,1,0,test,19.567025235220175,132.4721941701984,14.016145324526732,0.006190524459384153,152.03921940541858,1.0,1
ds4,8,283.75,1,0,test,335.2919546715215,289.29434927647833,17272.610860108474,1.64495576159728,624.5863039479998,1.0,1
ds4,8,284.25,1,0,test,89.63132843057741,296.35197622303605,13809.804402624608,0.6553210085990553,385.98330465361346,1.0,1
ds4,8,284.75,1,0,test,54.34732186023452,249.86919038491038,16245.833294814895,0.6402062550455194,304.2165122451449,1.0,1
ds4,8,285.25,1,0,test,5.005436983984374,334.1683827676394,52429.19819941028,0.7640211107568076,339.1738197516238,1.0,1
ds4,8,285.75,1,0,test,227.16887455223306,745.133836559158,341650.96059225604,2.9710029365519244,972.3027111113911,1.0,1
ds4,8,286.25,1,0,test,369.7053413897158,880.6969732559868,410515.4168539205,5.208315719796632,1250.4023146457025,1.0,1
ds4,8,286.75,1,0,test,29.156429682914563,452.6111508683116,22335.51789720056,1.2451567988169014,481.76758055122616,1.0,1
ds4,8,287.25,1,0,test,93.52559984742817,251.19790130115987,19779.27088964326,2.4753393914326782,344.72350114858807,1.0,1
ds4,8,287.75,1,0,test,144.9164945543931,316.6727833838246,34097.89301406999,1.1191314954519869,461.5892779382177,1.0,1
ds4,8,288.25,1,0,test,31.012525134347882,511.1254053744419,27598.109758756233,7.277680552428312e-05,542.1379305087899,1.0,1
ds4,8,288.75,1,0,test,39.103367050117185,124.27631451246307,22710.01542548437,0.0008185856512722984,163.37968156258026,1.0,1
ds4,8,289.25,1,0,test,15.542090675300917,77.0621133115348,22963.888428228813,0.00042545885877918923,92.60420398683571,1.0,1
ds4,8,289.75,1,0,test,49.57522632552338,165.84898247455217,18868.800476898778,0.0001909341027629688,215.42420880007555,1.0,1
ds4,8,290.25,1,0,test,23.859271663111535,139.49745853243496,15318.715029782272,0.002155769984105124,163.3567301955465,1.0,1
ds4,8,290.75,1,0,test,5.213819003515908,92.82199532034723,12866.605949380864,0.005955744156363489,98.03581432386314,1.0,1
ds4,8,291.25,1,0,test,0.6434378970094444,127.08607672537131,10363.889642891654,0.0008584322844871033,127.72951462238076,1.0,1
ds4,8,291.75,1,0,test,0.5274545582434281,131.4162187468504,7005.428831447025,0.00014349583827187094,131.94367330509382,1.0,1
ds4,8,292.25,1,0,test,0.5829304094173533,127.64775323367766,6963.30013185292,3.465929387039475e-05,128.230683643095,1.0,1
ds4,8,292.75,1,0,test,0.29370357876950076,140.09623818211622,6021.1725564831195,4.462605283084194e-05,140.38994176088573,1.0,1
ds4,8,293.25,1,0,test,17.15982395371919,148.44924994438506,4831.243432951399,0.0012353490393423503,165.60907389810424,1.0,1
ds4,8,293.75,1,0,test,0.04462641059647941,134.18534140606644,3618.4393799163167,5.242593649059782e-07,134.22996781666293,1.0,1
ds4,8,294.25,1,0,test,1.207573866695362,119.74301295908995,2689.5835466733724,0.0020537206512678905,120.95058682578531,1.0,1
ds4,8,294.75,1,0,test,2.2867890320038975,166.72147695917624,2646.3368605932415,0.004689130750814678,169.00826599118014,1.0,1
ds4,8,295.25,1,0,test,14.168546573325042,99.20074489829103,2216.8735407284835,0.0018010777929632277,113.36929147161608,1.0,1
ds4,8,295.75,1,0,test,16.7707298992514,137.36971976625964,1974.962048808143,0.0009743255244311316,154.14044966551103,1.0,1
ds4,8,296.25,1,0,test,6.222174399674901,131.1021347704423,1539.1561349301962,0.0027417810704799405,137.3243091701172,1.0,1
ds4,8,296.75,1,0,test,2.5500409565486324,150.93497605788724,1133.2117608233493,9.154195467733623e-05,153.48501701443587,1.0,1
ds4,8,297.25,1,0,test,8.525016809442295,132.47915182877347,983.8663849626655,0.0007922297173623316,141.00416863821576,1.0,1
ds4,8,297.75,1,0,test,8.242674580385119,136.6267795659203,757.3833501663674,0.007194403086022788,144.8694541463054,1.0,1
ds4,8,298.25,1,0,test,4.474052476314341,141.774832874445,605.1672137579437,0.004035950161903423,146.24888535075934,1.0,1
ds4,8,298.75,1,0,test,4.176627001517535,118.95587203475061,381.87816766531313,0.004522970199318484,123.13249903626814,1.0,1
ds4,8,299.25,1,0,test,3.2966695578358576,104.86944880336418,416.86167247401335,0.00022024964452268682,108.16611836120003,1.0,1
ds4,8,299.75,1,0,test,6.100494923204808,134.74950528035666,410.4382712977471,0.016574821045647687,140.85000020356148,1.0,1
ds4,8,300.25,1,0,test,12.515622469031134,124.35418027312181,300.9367038157576,0.028883927809466137,136.86980274215296,1.0,1
ds4,8,300.75,1,0,test,2.2296842192171624,231.51404968390747,444.0798688710586,0.01688923128177065,233.74373390312462,1.0,1
ds4,8,301.25,1,0,test,31.621878499953027,221.7613485067683,179.5771574704106,0.034682943453084224,253.3832270067213,1.0,1
ds4,8,301.75,1,0,test,21.402589133704154,165.1809952212212,347.8524943072077,0.02425488150952915,186.58358435492534,1.0,1
ds4,8,302.25,1,0,test,7.331917175520494,130.09906905981745,295.7462784116676,0.00040785912857267985,137.43098623533794,1.0,1
ds4,8,302.75,1,0,test,1.859252722989268,230.64463859530014,353.61548216295677,0.004767092031622339,232.5038913182894,1.0,1
ds4,8,303.25,1,0,test,5.0182778773997,210.61805808419814,164.9088731606307,0.04121635755849406,215.63633596159784,1.0,1
ds4,8,303.75,1,0,test,0.47852635636007285,137.98067477764337,137.93381559490018,0.030991733666984166,138.45920113400345,1.0,1
ds4,8,304.25,1,0,test,0.1331219628344961,73.44103877507037,130.7704798825768,0.0008650307086719738,73.57416073790486,0.9999999999999816,1
ds4,8,304.75,1,0,test,0.7592684439932442,87.90636682860188,253.73355484684984,0.009749713652371565,88.66563527259513,1.0,1
ds4,8,305.25,1,0,test,25.739521465035306,73.55744938127957,85.78191066523866,0.06761274005315973,99.29697084631488,1.0,1
ds4,8,305.75,1,0,test,4.344479191743659,93.43108315491041,100.46533725919376,0.017939930621801093,97.77556234665407,1.0,1
ds4,8,306.25,1,0,test,1.1584517057705928,106.06856414147506,73.05265681615967,0.003972106963955966,107.22701584724565,1.0,1
ds4,8,306.75,1,0,test,0.2500990712479913,75.58669037151283,58.67636442909257,0.004999257825990175,75.83678944276082,0.9999999999999938,1
ds4,8,307.25,1,0,test,0.4265263658960079,149.06367198783593,52.540936943900206,0.016744958931305492,149.49019835373193,1.0,1
ds4,8,307.75,1,0,test,0.4136698489625065,167.13519388330099,57.752209027029984,0.01885951143789931,167.5488637322635,1.0,1
ds4,8,308.25,1,0,test,1.395067821213018,131.43220720928346,49.870959609366004,0.010969448410645982,132.82727503049648,1.0,1
ds4,8,308.75,1,0,test,7.0024572590830765,88.03772884941027,31.92254992961361,0.00024846027745958573,95.04018610849334,1.0,1
ds4,8,309.25,1,0,test,1.32570968536301,61.820863703796846,126.0232486830262,0.0016801814710950612,63.146573389159855,0.9999999999972854,1
ds4,8,309.75,1,0,test,0.43294902363709914,120.57719669380744,23.83144233867736,0.00629304870174126,121.01014571744453,1.0,1
ds4,8,310.25,1,0,test,0.4218588714047496,62.086556512798644,55.68652385496669,0.0004530403010992018,62.508415384203396,0.9999999999963198,1
ds4,8,310.75,1,0,test,0.9630752950989097,59.48327252772406,17.967716309459053,3.231399241193762e-05,60.44634782282297,0.9999999999901715,0
ds4,8,311.25,1,0,test,0.49699401967762896,130.59780711904955,17.448138464776402,0.2645567080959471,131.09480113872718,1.0,1
ds4,8,311.75,1,0,test,0.14079150586853184,38.163962481654984,185.76441687369677,0.013573505710987853,38.30475398752352,0.9999996723001237,0
ds4,8,312.25,1,0,test,8.848569237299351,89.09926129829245,22.978276597583946,0.047637173511968535,97.9478305355918,1.0,1
ds4,8,312.75,1,0,test,0.5382510539161524,35.565465958523845,23.800100434049945,0.018330892061410555,36.10371701244,0.9999990944998773,0
ds4,8,313.25,1,0,test,2.7114251928529307,40.056379794534735,24.100024619035764,0.023492468216647362,42.76780498738766,0.9999999588208791,0
ds4,8,313.75,1,0,test,9.475921565816298,46.557656233448014,18232.82428877401,0.8661752937629971,56.033577799264314,0.999999999920018,0
ds4,8,314.25,1,0,test,4.570567752391018,89.38902104714161,58567.69319268235,0.9858771321796979,93.95958879953263,1.0,1
ds4,8,314.75,1,0,test,0.8000628342318898,96.04747395604265,510.239729377299,0.940390690467969,96.84753679027455,1.0,1
ds4,8,315.25,1,0,test,0.02948653355509997,112.2447621638249,187873.7907803403,1.3549807264290494,112.27424869738,1.0,1
ds4,8,315.75,1,0,test,0.9238362027453999,120.50314522753035,89463.4576580584,1.7775816109594562,121.42698143027576,1.0,1
ds4,8,316.25,1,0,test,9.735550724893164,145.07759311326944,7408.2658076246735,1.127627738113409,154.8131438381626,1.0,1
ds4,8,316.75,1,0,test,0.4149299042141347,100.57293740725983,76955.89559379031,1.8973894584737647,100.98786731147396,1.0,1
ds4,8,317.25,1,0,test,0.47609467179143156,109.37627949474447,25931.009362893372,1.252594510744897,109.8523741665359,1.0,1
ds4,8,317.75,1,0,test,2.992315325396452,182.32763369733738,34132.996791979414,2.3436391232580682,185.31994902273382,1.0,1
ds4,8,318.25,1,0,test,1.164126614663048,73.85486633751455,16480.25283777041,0.002326581518355064,75.0189929521776,0.9999999999999908,1
ds4,8,318.75,1,0,test,1.7753593729825137,139.61717653208288,14067.889254807435,0.009274438872839035,141.3925359050654,1.0,1
ds4,8,319.25,1,0,test,0.4727178616167111,149.61945776879,11476.00993846342,0.005796773335413613,150.0921756304067,1.0,1
ds4,8,319.75,1,0,test,0.46689163578244075,108.75974656362328,8055.883698775114,0.004757390292133666,109.22663819940573,1.0,1
ds4,8,320.25,1,0,test,0.39120981572329167,87.26722638937807,7745.974428282361,0.009479869570307562,87.65843620510135,1.0,1
ds4,8,320.75,1,0,test,2.437791982244927,149.89925038537353,5783.978421334714,0.011723861619600644,152.33704236761847,1.0,1
ds4,8,321.25,1,0,test,7.7002036925233,70.54112306352512,4787.883000836356,0.027299945611420497,78.24132675604842,0.999999999999998,1
ds4,8,321.75,1,0,test,4.492530335283612,63.61245555021573,4309.914698785566,0.015999077260044785,68.10498588549935,0.9999999999997461,1
ds4,8,322.25,1,0,test,1.8797496513729595,53.51862994272417,3264.0661999243903,0.030493190628470272,55.39837959409713,0.9999999998919167,0
ds4,8,322.75,1,0,test,2.730586286136301,296.3839057507566,3191.4233885085296,0.01408170537995912,299.1144920368929,1.0,1
ds4,8,323.25,1,0,test,2.8499359177483687,191.59592100570435,2403.3950738046697,0.042524531247112224,194.44585692345274,1.0,1
ds4,8,323.75,1,0,test,6.769689747897253,233.87402833869703,1572.9663698621573,0.045836959069848415,240.64371808659428,1.0,1
ds4,8,324.25,1,0,test,2.6846390631387593,161.43528514270994,1737.0543636095074,0.0019623595540398118,164.1199242058487,1.0,1
ds4,8,324.75,1,0,test,4.290227382034916,164.82618026095284,1305.673575107618,0.00021623011650391454,169.11640764298775,1.0,1
ds4,8,325.25,1,0,test,2.1326882532467226,229.0298411346241,930.0650172757934,0.016179878126656284,231.16252938787082,1.0,1
ds4,8,325.75,1,0,test,5.561985895154065,137.98273564442715,1017.1534947889342,0.0009589344661014856,143.54472153958122,1.0,1
ds4,8,326.25,1,0,test,4.506462211613287,88.63731838354833,1643.6833157780775,0.005843821516337231,93.14378059516162,1.0,1
ds4,8,326.75,1,0,test,5.561456183425885,68.43563878247043,1835.2800671993978,0.018922488496963912,73.99709496589632,0.9999999999999849,1
ds4,8,327.25,1,0,test,4.076619822934677,84.28644842731144,777.179724677749,0.013246751227048341,88.36306825024612,1.0,1
ds4,8,327.75,1,0,test,3.0108478143118096,103.07759891447527,609.2603439950655,0.025886897070661025,106.08844672878709,1.0,1
ds4,8,328.25,1,0,test,3.155545004624858,90.4857469292356,551.6688871036292,0.0006191530801104674,93.64129193386046,1.0,1
ds4,8,328.75,1,0,test,6.06846887690718,47.146279812766956,487.9261239259681,0.003886705660118235,53.21474868967414,0.9999999996961377,0
ds4,8,329.25,1,0,test,2.4187592331671905,50.3948005971395,305.08218618891925,0.05662096138415443,52.813559830306694,0.9999999996326785,0
ds4,8,329.75,1,0,test,1.7945325906985679,38.16823056632092,294.2215073547848,0.010862033499819113,39.96276315701949,0.999999848058814,0
ds4,8,330.25,1,0,test,2.2010556533311982,109.20960635533527,267.92659914958955,0.00896694732155792,111.41066200866646,1.0,1
ds4,8,330.75,1,0,test,3.3057255799188696,20.793405918758758,241.241565446949,0.00517105231335085,24.09913149867763,0.9997922066740489,0
ds4,8,331.25,1,0,test,6.630649146906862,63.242967807324696,552.6927029134537,0.0148152494816508,69.87361695423155,0.9999999999998911,1
ds4,8,331.75,1,0,test,3.04331103340804,145.59614719083848,144.8125191735122,0.005568025473486464,148.6394582242465,1.0,1
ds4,8,332.25,1,0,test,3.572792347553791,28.81922199198537,137.150649158334,0.004959071527261398,32.39201433953916,0.999995031682386,0
ds4,8,332.75,1,0,test,3.5193711556963483,47.73711786303963,125.84128619426356,0.0033667571641744893,51.25648901873598,0.9999999992336991,0
ds4,8,333.25,1,0,test,2.1524823263457966,64.47589787083068,78.78585663926498,0.011826698153837257,66.62838019717647,0.9999999999994853,1
ds4,8,333.75,1,0,test,2.820951412234668,26.73658386376713,91.49805006758442,0.00948090913066425,29.557535276001797,0.9999819790649488,0
ds4,8,334.25,1,0,test,6.052363115445276,125.00986641461301,78.84349908063895,5.5967322367284574e-05,131.0622295300583,1.0,1
ds4,8,334.75,1,0,test,1.323137898409864,59.40748803745347,62.05118731495495,0.004820948786826049,60.73062593586333,0.9999999999914155,1
ds4,8,335.25,1,0,test,1.607228765765967,27.461377146520686,78.67007397954298,0.013939936538155175,29.068605912286653,0.9999775200595343,0
ds4,8,335.75,1,0,test,1.1374844797176806,67.88759091972733,126.25635469140418,0.011621388203302135,69.02507539944502,0.9999999999998366,1
ds4,8,336.25,1,0,test,1.017109595250378,32.66810174602171,95.87947663766576,0.0005123854011596318,33.68521134127209,0.9999972495546026,0
ds4,8,336.75,1,0,test,1.0405939131482655,17.066552173470246,52.47584589748578,0.0004401634004458717,18.10714608661851,0.9971849246586622,0
ds4,8,337.25,1,0,test,0.8653185451066097,41.30421326780573,54.691516535402954,0.004128258705161332,42.16953181291234,0.9999999455704669,0
ds4,8,337.75,1,0,test,1.1350112471679452,43.625738664095465,105.06694486141843,0.009228697225742693,44.76074991126341,0.99999998377213,0
ds4,8,338.25,1,0,test,1.6296262093298106,29.347937874174573,53.07041116951077,0.006567970684752066,30.977564083504383,0.9999905367200164,0
ds4,8,338.75,1,0,test,1.120853934789367,16.829449474572478,78.2510026849509,0.004362790923156788,17.950303409361844,0.9969906625907702,0
ds4,8,339.25,1,0,test,2.5392646007114195,31.371362392966414,26.810378418657603,9.674129718224236e-05,33.91062699367784,0.9999975194357673,0
ds4,8,339.75,1,0,test,1.0173287821054986,28.4108500921585,166895.12210797038,0.1925734965393003,29.428178874264,0.9999808928393757,0
ds4,8,340.25,1,0,test,1.3594728397579168,9.688775129321684,1253.4726680671151,0.001745144183127267,11.0482479690796,0.9495682841645982,0
ds4,8,340.75,1,0,test,0.6258497532924097,34.295495388642685,171995.2104368873,0.6732178053789035,34.92134514193509,0.9999984399768937,0
ds4,8,341.25,1,0,test,0.6684949700484866,15.938634752248612,2756.0845967780824,0.1805400973927772,16.6071297222971,0.9946915753424608,0
ds4,8,341.75,1,0,test,0.6341299831060947,14.720857242632466,2156.2466670783356,0.9377176479238927,15.35498722573856,0.9910515104224987,0
ds4,8,342.25,1,0,test,0.8550992688069968,30.90726083424082,2017.9925313452356,0.008865845061833582,31.762360103047815,0.9999933790550422,0
ds4,8,342.75,1,0,test,1.4528245210609048,33.533507402590125,1722.6584932660435,0.008079011845798489,34.98633192365103,0.999998485869469,0
ds4,8,343.25,1,0,test,1.1282629260758086,44.59299537487669,1505.2358582397314,0.0013531445337566224,45.7212583009525,0.9999999896503952,0
ds4,8,343.75,1,0,test,0.8402441077782551,72.61653833217925,1583.7192801280833,0.692934246255677,73.45678243995751,0.9999999999999805,1
ds4,8,344.25,1,0,test,1.1339238100219384,113.76599447101538,30525.70899553963,0.2720304929571168,114.89991828103732,1.0,1
ds4,8,344.75,1,0,test,2.460453351288641,48.17873901413842,2797.6802611298267,0.009381188470718671,50.639192365427064,0.9999999989746929,0
ds4,8,345.25,1,0,test,1.5025387991888313,105.15456317240103,1858.754655081158,0.2158832826034115,106.65710197158985,1.0,1
ds4,8,345.75,1,0,test,1.252058868725829,41.56450324878288,2130.0337839752983,0.004625613666234548,42.81656211750871,0.9999999597470226,0
ds4,8,346.25,1,0,test,1.255828449148737,34.8880274671432,1874.881521640885,0.0011179458222827124,36.14385591629194,0.9999991110907699,0
ds4,8,346.75,1,0,test,0.757647629151033,44.559912446396055,1379.435979972612,0.007479495649890541,45.317560075547085,0.9999999874957913,0
ds4,8,347.25,1,0,test,0.7601551055675809,48.36215612609216,1670.3030526368,1.07669961134744e-05,49.122311231659744,0.9999999979048925,0
ds4,8,347.75,1,0,test,0.30699054878965865,41.68468879644497,934.4205367876582,0.0013249830150124323,41.99167934523463,0.9999999408671179,0
ds4,8,348.25,1,0,test,0.4043547591384146,47.11859898297953,891.428796402576,0.005945540452645139,47.52295374211794,0.9999999955556064,0
ds4,8,348.75,1,0,test,1.120255151061234,44.296686600062515,986.3181416452389,0.0003845470709376886,45.41694175112375,0.9999999880644797,0
ds4,8,349.25,1,0,test,1.1429070029702275,45.80302155575208,746.1348010727938,0.005251716038159882,46.94592855872231,0.9999999941724881,0
ds4,8,349.75,1,0,test,0.1342376455519519,39.26402417795935,839.0085027172373,0.0010094382500585584,39.3982618235113,0.9999998025567044,0
ds4,8,350.25,1,0,test,5.44491290316403,76.04035832225321,678.7328146595896,0.015618470508947798,81.48527122541724,0.9999999999999996,1
ds4,8,350.75,1,0,test,1.998871908062702,102.5907628099206,380.91571659779555,0.008004624916715681,104.5896347179833,1.0,1
ds4,8,351.25,1,0,test,0.3207585130961744,65.69173834616602,346.2077466103227,0.005743575496646135,66.0124968592622,0.9999999999993091,1
ds4,8,351.75,1,0,test,0.4410382109952713,10.877460225337792,430.1264248611515,0.00012214138236307513,11.318498436333064,0.9545817365742273,0
ds4,8,352.25,1,0,test,0.33677617301966384,67.56602322595002,330.85934811648184,0.010332608610014334,67.90279939896968,0.9999999999997202,1
ds4,8,352.75,1,0,test,2.566589277832103,43.72791320666915,392.1237361382911,0.0015390854621230795,46.29450248450125,0.9999999920892534,0
ds4,8,353.25,1,0,test,0.18836245180740646,58.92318306000486,324.4254232829898,0.004302791095938982,59.11154551181227,0.9999999999814533,0
ds4,8,353.75,1,0,test,0.020032575562403898,63.74656232961848,301.697639875237,0.0037228597899532025,63.76659490518088,0.9999999999979805,1
ds4,8,354.25,1,0,test,0.06017967345560991,139.77130358759092,246.8488771092936,0.00014393336710009778,139.83148326104654,1.0,1
ds4,8,354.75,1,0,test,0.1462019145467583,45.00841091891898,131.72453187323947,0.010558240128087303,45.15461283346574,0.9999999865043286,0
ds4,8,355.25,1,0,test,0.7179098710744375,34.483757374554344,141.18114988230383,0.0009315158744329239,35.201667245628784,0.9999986285493058,0
ds4,8,355.75,1,0,test,1.0756210562455464,43.19815332279949,76.46927651315563,0.0026133020372861968,44.27377437904504,0.9999999796205116,0
ds4,8,356.25,1,0,test,0.09515977995905489,57.55012007409204,97.6343828044705,0.005211663114247435,57.6452798540511,0.9999999999627737,0
ds4,8,356.75,1,0,test,0.08653398941800362,24.013801725950167,230.09621060869745,0.0003234870635190578,24.10033571536817,0.9997923174182924,0
ds4,8,357.25,1,0,test,0.26740713971665775,29.182639458689618,68.40211237027655,0.002002275083673084,29.450046598406274,0.9999810809265127,0
ds4,8,357.75,1,0,test,1.2756075658106645,56.797453245765396,125.95133723425167,0.0007137949692907327,58.07306081157606,0.9999999999696183,0
ds4,8,358.25,1,0,test,0.1055698428089913,16.27679923576598,75.05743939197484,0.000666354218511722,16.38236907857497,0.9941669053202563,0
ds4,8,358.75,1,0,test,0.294402689309358,40.826317008918565,48.98714748050184,0.011035410051136908,41.12071969822792,0.9999999112962135,0
ds4,8,359.25,1,0,test,6.837367574470982,62.69418204581105,42.14745832227742,0.022722892218193732,69.53154962028204,0.9999999999998718,1
ds4,8,359.75,1,0,test,8.814452027156953,45.54161023003024,38.91325579336744,0.023030090413900795,54.35606225718719,0.9999999998229224,0
ds4,8,360.25,1,0,test,0.18421420481276976,45.47470864191273,33.74372873707494,0.0047032132977263925,45.658922846725496,0.9999999893436377,0
ds4,8,360.75,1,0,test,0.24869487794966,30.331170457386705,38.807494211867,0.002304064731210452,30.579865335336365,0.9999886626581833,0
ds4,8,361.25,1,0,test,1.1275488109811653,24.796927168974698,35.596934047148316,1.5729134889751295e-07,25.92447597995586,0.9999077036130383,0
ds4,8,361.75,1,0,test,0.5951987776282052,30.867728349274415,70.06612819394542,0.001941235607153988,31.46292712690262,0.9999924116438337,0
ds4,8,362.25,1,0,test,1.130146591127517,15.982779446452614,43.79072695024162,0.008621166751120513,17.11292603758013,0.99570946507015,0
ds4,8,362.75,1,0,test,0.9941440147399591,8.47881676800022,80.5456519807088,8.4157758765609e-07,9.472960782740179,0.9083774865427686,0
ds4,8,363.25,1,0,test,0.5070135335407993,37.329873211005,40.45867344773476,0.0018369838209606863,37.8368867445458,0.9999995931116213,0
ds4,8,363.75,1,0,test,0.4889538847029888,47.088034549212395,28.882788535382083,0.00743407879869848,47.57698843391538,0.9999999956669982,0
ds4,8,364.25,1,0,test,1.1014130587473463,55.378312485577574,546.5272662574102,0.0065769282416222935,56.47972554432492,0.999999999935271,0
ds4,8,364.75,1,0,test,0.7948501604980105,19.73621086910271,102.83461770728502,0.00032929145410571365,20.53106102960072,0.9990069382895034,0
ds4,8,365.25,1,0,test,2.0906316699822747,16.13201628369471,70.87114937690738,0.0024600327130799384,18.222647953676987,0.9973200730624637,0
ds4,8,365.75,1,0,test,1.9138562174170608,43.582100964645356,36.59941794334295,0.0001712486817090363,45.49595718206242,0.9999999884981662,0
ds4,8,366.25,1,0,test,0.8061432376092408,28.12949811256133,86.48333933926928,0.013157611932522163,28.93564135017057,0.999976128499308,0
ds4,8,366.75,1,0,test,0.017963340058590568,31.534874444782915,78.58255822441267,0.0027799692443981946,31.552837784841504,0.9999927160186981,0
ds4,8,367.25,1,0,test,1.0706800198223019,21.55416730900741,85.29973737076841,0.0004101751817454693,22.624847328829713,0.9996018898285494,0
ds4,8,367.75,1,0,test,0.8301887646580328,35.2768228180429,33.32012281218059,0.0013222052922859148,36.107011582700935,0.9999990958731759,0
ds4,8,368.25,1,0,test,0.6253279240196812,41.354296877832105,30.757464873353744,0.011489718464756535,41.979624801851784,0.9999999405340575,0
ds4,8,368.75,1,0,test,0.681696310142068,33.144792901752055,116.70916708378556,0.0017393003756284394,33.82648921189412,0.9999974219284027,0
ds4,8,369.25,1,0,test,0.5915317202451255,50.10716945608872,128.84230477744592,0.0038466354584334823,50.69870117633384,0.9999999990030639,0
ds4,8,369.75,1,0,test,1.0281231434611138,14.007997852573155,49.47875799813858,0.013932944366943884,15.036120996034269,0.9897908916334527,0
ds4,8,370.25,1,0,test,0.034280037577819514,14.09858832136261,40.94840115116542,7.149611544472703e-05,14.13286835894043,0.9852129137320808,0
ds4,8,370.75,1,0,test,0.16840492959531275,128.81085023650775,73.31344020897085,2.5523489590835915e-06,128.97925516610306,1.0,1
ds4,8,371.25,1,0,test,3.5038148833445746,32.65362392236113,46.32600451979785,0.008975607537538656,36.1574388057057,0.9999991166362923,0
ds4,8,371.75,1,0,test,13.717105348239743,22.364289899828087,18.228296797468786,0.014859890496069757,36.08139524806783,0.9999990851405057,0
ds4,8,372.25,1,0,test,2.439319635568004,35.99072968839866,26.830327612631624,0.01161731809748526,38.430049323966664,0.9999996907652356,0
ds4,8,372.75,1,0,test,2.729136131370835,14.817419165268298,23.94023226556316,0.000377905286344363,17.546555296639134,0.9964281765148182,0
ds4,8,373.25,1,0,test,0.6552765744495367,53.415319862682956,25.339022401891963,0.007941822142556969,54.070596437132494,0.9999999997973038,0
ds4,8,373.75,1,0,test,0.9965102208375529,22.306054469426865,17.614229752832237,0.00036063954229726347,23.30256469026442,0.9997045591085345,0
ds4,8,374.25,1,0,test,0.4532504459288595,28.624039102119607,27.091871354914453,0.002600154144988022,29.077289548048466,0.9999776080861281,0
ds4,8,374.75,1,0,test,0.35262409917956355,43.910478699457734,27.47693185340807,0.0060476177887040265,44.2631027986373,0.999999979518561,0
ds4,8,375.25,1,0,test,0.19565652310152595,52.186130784974566,43.54071703389657,0.013055842235727116,52.38178730807609,0.9999999995495401,0
ds4,8,375.75,1,0,test,0.44185657842745335,17.128828569849222,119.7396333773613,0.0010379713447320738,17.570685148276677,0.996464507306731,0
ds4,8,376.25,1,0,test,0.2628135898535096,24.248481652504758,14.722535104809573,0.3039523184848336,24.51129524235827,0.9998268947539306,0
ds4,8,376.75,1,0,test,0.17271073883398258,34.0440767914483,19.137387181458838,0.002304071172887002,34.21678753028228,0.9999978442882808,0
ds4,8,377.25,1,0,test,43.41763423275094,50.27560660683249,3987.920123935706,0.7915980173735441,93.69324083958344,1.0,1
ds4,8,377.75,1,0,test,4.157908931643164,132.4534619609455,5923.701280218636,0.3569435475957608,136.61137089258867,1.0,1
ds4,8,378.25,1,0,test,1.9462272883380998,58.91253813647606,122.95843369687492,0.029003114323427358,60.85876542481416,0.9999999999919236,1
ds4,8,378.75,1,0,test,1.737637248796857,207.97592684436148,94.48166550686913,0.02041665719132181,209.71356409315834,1.0,1
ds4,8,379.25,1,0,test,2.728742628279523,62.09888621060968,137.1975991659935,0.011796994267024715,64.8276288388892,0.9999999999987831,1
ds4,8,379.75,1,0,test,2.9229387923035017,32.12264922723355,164.13243263560574,0.0029194314638336847,35.04558801953706,0.9999985265432931,0
ds4,8,380.25,1,0,test,1.8610884420169258,17.715809480538034,237.0023883117081,7.49861605573565e-06,19.57689792255496,0.9984999959568681,0
ds4,8,380.75,1,0,test,3.320568150252524,52.77286093636839,162.22387532084792,0.0019559565036756208,56.093429086620915,0.999999999922256,0
ds4,8,381.25,1,0,test,2.1003587566597988,84.39374658020243,112.3750129887352,0.003971920599726428,86.49410533686223,1.0,1
ds4,8,381.75,1,0,test,2.6338710917821504,62.54813287229511,69.7455218755785,0.025670332634625117,65.18200396407727,0.9999999999989726,1
ds4,8,382.25,1,0,test,2.5164982960513207,95.03710470788414,72.92344603694659,0.02666206171294288,97.55360300393546,1.0,1
ds4,8,382.75,1,0,test,2.5837461222682276,32.654213194157684,85.59220689928958,0.0003733267612133823,35.237959316425915,0.9999986512427708,0
ds4,8,383.25,1,0,test,3.1142927863126455,53.849366054590625,86.99123958103935,0.009784977886988294,56.96365884090327,0.9999999999485507,0
ds4,8,383.75,1,0,test,3.658833797808522,92.4450659652004,51.764514085619346,0.002902908691825366,96.10389976300893,1.0,1
ds4,8,384.25,1,0,test,10.409859019105609,69.37749737928183,42.71384741594251,0.016280598261840834,79.78735639838744,0.9999999999999991,1
ds4,8,384.75,1,0,test,6.481495590303208,45.8288232293463,51.88319557823895,0.0024285608850336472,52.31031881964951,0.9999999995340716,0
ds4,8,385.25,1,0,test,3.9957097130526287,98.84396348070737,94.23086191990188,0.00040912705950780815,102.83967319376,1.0,1
ds4,8,385.75,1,0,test,2.9115262954698404,69.85792355846029,27.462333800875996,0.01629037092864527,72.76944985393013,0.9999999999999728,1
ds4,8,386.25,1,0,test,1.4945413985380784,43.891483795242856,31.860283823590855,0.006689505922797647,45.38602519378093,0.9999999878903864,0
ds4,8,386.75,1,0,test,7.6166733557357285,33.333368183715386,41.24547572926107,0.02376632600035349,40.950041539451114,0.9999999039663223,0
ds4,8,387.25,1,0,test,2.2253775549028085,61.52560752758145,30.32152411055078,2.860675032769873e-05,63.750985082484256,0.9999999999979654,1
ds4,8,387.75,1,0,test,2.8287442104146834,46.956936157060035,23.829571663504158,0.0010179824583662204,49.78568036747472,0.9999999984669719,0
ds4,8,388.25,1,0,test,2.1568661382122745,45.67337233743935,50.08072241979675,0.0005782672961953685,47.830238475651626,0.9999999961530821,0
ds4,8,388.75,1,0,test,2.4211963358237694,31.98852277303734,13.160056524432692,0.001000025180001421,34.40971910886111,0.9999980268862964,0
ds4,8,389.25,1,0,test,1.3816056297390864,49.339928589925655,43.626468264167684,0.004884506198411933,50.72153421966474,0.9999999990137406,0
ds4,8,389.75,1,0,test,0.5957340115724555,16.265499831584794,18.220697955481235,0.0011753080457394408,16.86123384315725,0.9952293697945298,0
ds4,8,390.25,1,0,test,0.8117174809054276,25.686660292085325,75.20712027263623,0.0029035913464572453,26.498377772990754,0.999928585903647,0
ds4,8,390.75,1,0,test,0.4527204863434521,11.720575365659618,34.32734862425887,0.00140946147133903,12.17329585200307,0.9675111441555861,0
ds4,8,391.25,1,0,test,0.36838617102179066,40.948690988030165,47.744538310243115,0.02113232258652562,41.317077159051955,0.9999999190419024,0
ds4,8,391.75,1,0,test,14.170796226966347,79.00180973770152,55.314533301249554,0.022405488695595815,93.17260596466787,1.0,1
ds4,8,392.25,1,0,test,1.952010609727899,55.744616641955865,143.19776395006053,0.01097726338119091,57.696627251683765,0.9999999999636704,0
ds4,8,392.75,1,0,test,1.885878706628416,29.55900220714587,14.544840661322404,1.5394039929042169e-06,31.444880913774284,0.9999923490459789,0
ds4,8,393.25,1,0,test,1.0508597921661802,26.537066818067487,25.667909470356786,0.00325498916598956,27.587926610233666,0.9999561896359432,0
ds4,8,393.75,1,0,test,6.358394354121979,47.735543885993586,23.507968530821387,0.001147151813106688,54.09393824011556,0.9999999997995307,0
ds4,8,394.25,1,0,test,4.730843388724748,57.20186198174613,11.56998128436709,0.0003996063384232629,61.93270537047088,0.9999999999951578,1
ds4,8,394.75,1,0,test,0.1761268050492023,93.85666292479556,18.175213905860392,0.006054435892311825,94.03278972984477,1.0,1
ds4,8,395.25,1,0,test,0.0036775829992349656,108.64597927691642,538.0383790235802,0.0042775550181327,108.64965685991565,1.0,1
ds4,8,395.75,1,0,test,0.1703565419197755,58.058233005386136,29.061428084000756,0.010013831051561822,58.22858954730591,0.9999999999717822,0
ds4,8,396.25,1,0,test,0.14271643512964935,89.42983637114231,111.91244472635276,0.008779874407617516,89.57255280627196,1.0,1
ds4,8,396.75,1,0,test,2.6786223244794853,63.709745651161725,22.63864112162623,0.022485046101465192,66.38836797564122,0.9999999999994227,1
ds4,8,397.25,1,0,test,0.0006577491390534303,99.72454390949133,26.614459010176326,0.002775792392859567,99.72520165863038,1.0,1
ds4,8,397.75,1,0,test,1.6226272452336377,29.073489300360876,27.735133714121236,0.0004900269350651685,30.696116545594514,0.9999892456613008,0
ds4,8,398.25,1,0,test,0.41682360694031956,15.522861299418537,20.721449146575186,0.006596313105953932,15.939684906358856,0.992981597331721,0
ds4,8,398.75,1,0,test,2.934477968533859,90.13658573777171,2616.752025756858,0.0008505027277088814,93.07106370630557,1.0,1
ds4,8,399.25,1,0,test,1.2659818292203686,15.274613079156333,124.98857473835497,0.0024650015852821705,16.5405949083767,0.9945412549609071,0
ds4,8,399.75,1,0,test,0.6099135706049186,38.81490202161563,63.98144315934216,0.0005309194309915236,39.42481559222055,0.9999998049735331,0
ds4,8,400.25,1,0,test,0.07113563203036148,34.43515499000916,56.60906304368571,0.00018229486135546474,34.50629062203952,0.9999981124219747,0
ds4,8,400.75,1,0,test,0.625986883605312,68.14185485697612,73.01719259294691,0.001013150808792403,68.76784174058143,0.9999999999998151,1
ds4,8,401.25,1,0,test,0.8152151517253484,154.5453271720726,58.23563797699864,0.004020898668849504,155.36054232379794,1.0,1
ds4,8,401.75,1,0,test,0.4392658704928322,48.72277713988037,784.7590386454636,0.000721059426231779,49.1620430103732,0.9999999979437099,0
ds4,8,402.25,1,0,test,0.9409955039703907,30.18403026785929,61.584923258275005,0.00030195259536593984,31.12502577182968,0.9999911504314756,0
ds4,8,402.75,1,0,test,0.14694414464786462,27.74257719794372,47.13659773795799,0.0008011568276484588,27.889521342591586,0.9999617458496194,0
ds4,8,403.25,1,0,test,0.6682830748038102,53.78452031646024,75.58259670451903,0.002754394112939052,54.45280339126405,0.9999999998308495,0
ds4,8,403.75,1,0,test,3.7641560028833685,69.34417696007073,24.284793034112486,0.034605214975336286,73.1083329629541,0.9999999999999769,1
ds4,8,404.25,1,0,test,6.7689080805999104,65.17122050036039,49.12429282587861,0.002394885873417695,71.9401285809603,0.9999999999999596,1
ds4,8,404.75,1,0,test,0.10455716777097171,81.38670837954497,25.041125258498223,0.005420919195570505,81.49126554731595,0.9999999999999996,1
ds4,8,405.25,1,0,test,0.9061150569972014,58.61222935809982,31.13345207988895,1.438160092914496e-06,59.51834441509702,0.9999999999847154,0
ds4,8,405.75,1,0,test,1.0410989589595325,55.36737418399427,19.16868953040598,0.007038253940402583,56.4084731429538,0.9999999999330459,0
ds4,8,406.25,1,0,test,0.5425700694919463,32.96790214971635,720.5360922731891,0.0028352344367579296,33.510472219208296,0.9999970204249949,0
ds4,8,406.75,1,0,test,2.0552525608550165,41.30441157460501,25.667790185758545,0.0061228753810227965,43.35966413546003,0.999999968760485,0
ds4,8,407.25,1,0,test,6.3195819823358415,50.9109826180339,82.47329831941865,1.043751804340081e-06,57.23056460036974,0.9999999999546725,0
ds4,8,407.75,1,0,test,0.86287261657763,46.578309824248755,38.67716769395098,0.0004405738533958089,47.44118244082639,0.9999999953815818,0
ds4,8,408.25,1,0,test,0.3045301962654126,36.34529403884442,20.443063326261196,0.003741852489721645,36.64982423510983,0.9999992960191846,0
ds4,8,408.75,1,0,test,2.2783046272191045,75.4270677978757,31.65843967725405,0.0017343225802138136,77.7053724250948,0.9999999999999974,1
ds4,8,409.25,1,0,test,2.7846113567960216,16.230845570872013,22.053673395616485,2.565444020856085e-05,19.015456927668033,0.998090564013953,0
ds4,8,409.75,1,0,test,0.5608707754150881,40.51760779749582,45.28293349199935,0.0013597078799105998,41.07847857291091,0.9999999095357662,0
ds4,8,410.25,1,0,test,0.8395277421582186,47.16168264985275,24.359625374754756,0.005783898223741248,48.00121039201097,0.9999999964500976,0
ds4,8,410.75,1,0,test,0.7185682277432367,49.53342528315759,12.520792330183193,0.00386136290750131,50.251993510900824,0.9999999987693713,0
ds4,8,411.25,1,0,test,0.8476854210715947,50.16295500011624,32.63813446357462,4.5615418747701136e-05,51.01064042118784,0.999999999139457,0
ds4,8,411.75,1,0,test,1.1892780491173554,41.324696827479436,13.52568811449561,0.0006480383808696957,42.51397487659679,0.9999999536451606,0
ds4,8,412.25,1,0,test,5.531615833464641,47.1711366699939,22.14067267007013,0.0006091785902672807,52.70275250345854,0.9999999996129292,0
ds4,8,412.75,1,0,test,2.2797624422453286,36.29089175926939,18.49039430305991,0.005055368910732143,38.57065420151472,0.9999997102554565,0
ds4,8,413.25,1,0,test,0.9377186072689098,48.66636151659176,16.56056772983424,2.6819750203972988e-05,49.604080123860676,0.9999999983300737,0
ds4,8,413.75,1,0,test,1.4210344907828159,42.22943546181521,29.562806759477454,0.00017901770173520316,43.65046995259802,0.9999999727280747,0
ds4,8,414.25,1,0,test,0.9472109666834336,56.39643270442497,34.71411745653498,0.0012715449553574996,57.3436436711084,0.9999999999570415,0
ds4,8,414.75,1,0,test,1.1118100403729658,72.51975207902865,24.026814201784877,0.003966226405978325,73.63156211940162,0.999999999999982,1
ds4,8,415.25,1,0,test,13.984809075849089,51.6445711172987,39.65092991944814,0.019929751799525337,65.6293801931478,0.9999999999991703,1
ds4,8,415.75,1,0,test,0.2032358471399593,74.17331669213598,163.093298250759,0.009173411679818425,74.37655253927595,0.9999999999999875,1
ds4,8,416.25,1,0,test,1.6108245661148985,92.71862166379337,46.85593205054462,0.002763460126686318,94.32944622990827,1.0,1
ds4,8,416.75,1,0,test,0.37657000289970577,83.90458062692802,17.241266363690315,0.0019910382092914757,84.28115062982774,0.9999999999999999,1
ds4,8,417.25,1,0,test,0.3326027916190592,46.945053241774986,40.599945955519736,0.0014969357828349187,47.277656033394045,0.9999999950129228,0
ds4,8,417.75,1,0,test,0.22898646609380763,57.597554224512834,15.88594655010209,0.0015593564425259217,57.82654069060664,0.9999999999658441,0
ds4,8,418.25,1,0,test,0.5291590942204737,170.76273076558118,2077.62574345479,0.009355686887552811,171.29188985980164,1.0,1
ds4,8,418.75,1,0,test,0.2731979416767584,37.99969742816869,46.74082464162002,0.0007429737659364202,38.27289536984544,0.999999667432522,0
ds4,8,419.25,1,0,test,0.5191848048403781,76.36419283699338,60.34390355931555,0.0013016638975093045,76.88337764183376,0.9999999999999962,1
ds4,8,419.75,1,0,test,0.4002690840967863,56.474449875871706,26.1975864909955,0.0001266592018796892,56.87471895996849,0.9999999999463327,0
ds4,8,420.25,1,0,test,1.821846057332952,63.089496994640534,54.647774778149156,0.011134639985314622,64.91134305197349,0.9999999999988308,1
ds4,8,420.75,1,0,test,0.5128775496398358,70.57207516844873,29.12982943781393,0.0009450872230016628,71.08495271808857,0.999999999999939,1
ds4,8,421.25,1,0,test,3.718382646777575,76.28691022896712,16.27116443470175,0.00011551553664405593,80.00529287574469,0.9999999999999991,1
ds4,8,421.75,1,0,test,1.3440194044278213,65.29915074078455,17.772005205456036,0.003675162659234354,66.64317014521238,0.999999999999489,1
ds4,8,422.25,1,0,test,0.35166427115767357,116.70494898745494,39.56989250660574,0.007649255021869118,117.05661325861261,1.0,1
ds4,8,422.75,1,0,test,0.7989303910813447,112.04559038899752,20.581705734732335,4.812229173454331e-06,112.84452078007887,1.0,1
ds4,8,423.25,1,0,test,0.7222357333719129,37.27586406124507,21.762807377107382,1.6671614341077555e-05,37.998099794616984,0.999999622344299,0
ds4,8,423.75,1,0,test,0.3047269862083089,68.36767977758755,24.879771269662303,0.010516869337928322,68.67240676379586,0.9999999999998065,1
ds4,8,424.25,1,0,test,0.07151060669127561,73.35918327018796,31.547761936778876,1.4073639184414203e-05,73.43069387687923,0.9999999999999802,1
ds4,8,424.75,1,0,test,0.8607691731788824,69.1071264381903,17.167568688129478,0.00048757488695994294,69.96789561136919,0.999999999999896,1
ds4,8,425.25,1,0,test,0.6230490356027204,130.68466251628425,11.539126458087123,0.0015104089565514843,131.30771155188697,1.0,1
ds4,8,425.75,1,0,test,0.40290886305147616,68.17857352531945,14.854591359672884,0.0003446181352147019,68.58148238837093,0.9999999999997978,1
ds4,8,426.25,1,0,test,1.635664898636507,44.814360751016686,21.39821573792716,0.0007649020198149632,46.45002564965319,0.9999999926457437,0
ds4,8,426.75,1,0,test,0.13043744773762775,74.41609063925696,19.95985085640998,0.0036013286303163603,74.5465280869946,0.9999999999999885,1
ds4,8,427.25,1,0,test,0.36181276137002233,71.13335795131714,20.01776515566061,0.0015879137490224663,71.49517071268716,0.9999999999999499,1
ds4,8,427.75,1,0,test,0.7705244141731237,68.7966185260569,20.438643065773963,0.0016063311316308346,69.56714294023003,0.9999999999998739,1
ds4,8,428.25,1,0,test,1.5168053405367186,88.42296079198246,35.775807742246286,6.330037013388465e-05,89.93976613251918,1.0,1
ds4,8,428.75,1,0,test,1.2271907761183811,43.99997479480403,254.21020970564993,0.005988733783114068,45.227165570922416,0.9999999869551067,0
ds4,8,429.25,1,0,test,0.8571244575904133,53.31997235256387,11.714760616359657,0.0013535526778503662,54.17709681015429,0.9999999998072676,0
ds4,8,429.75,1,0,test,0.9580407083716828,73.98717000660051,15.068717657143798,4.735351472092609e-05,74.94521071497219,0.9999999999999905,1
ds4,8,430.25,1,0,test,1.7008748247918029,91.81739411387288,38.08043191920469,0.007596262024256662,93.51826893866468,1.0,1
ds4,8,430.75,1,0,test,1.811498524114495,89.89079469293405,7.981472841241333,0.0005945214864359513,91.70229321704855,1.0,1
ds4,8,431.25,1,0,test,1.6126290519077158,101.23206956607751,50.36740910246127,0.046898217512242414,102.84469861798523,1.0,1
ds4,8,431.75,1,0,test,1.948615185864341,160.2426618714472,11.581816797325514,0.010366658494920898,162.19127705731154,1.0,1
ds4,8,432.25,1,0,test,1.7080811078778197,179.43744325674945,42.34438831847383,0.03160559377639472,181.14552436462728,1.0,1
ds4,8,432.75,1,0,test,1.9198788935104873,88.47193492194401,17.76198100583453,0.0011367570078538386,90.3918138154545,1.0,1
ds4,8,433.25,1,0,test,2.543606388644923,109.7508816629262,24.049116040949865,0.0006804119098534428,112.29448805157112,1.0,1
ds4,8,433.75,1,0,test,0.9937819760591632,90.43970118530385,19.931630331365202,0.0001220098855909543,91.43348316136301,1.0,1
ds4,8,434.25,1,0,test,1.3919941348870146,73.99102943738293,28.47083538502752,0.0004986758625439499,75.38302357226995,0.9999999999999922,1
ds4,8,434.75,1,0,test,4.356596512329524,115.15444377382673,8.81653302774261,6.459890606278594e-08,119.51104028615626,1.0,1
ds4,8,435.25,1,0,test,2.7402958485080227,50.12893017679064,34.04104153473881,0.0022138709167295652,52.86922602529866,0.9999999996422173,0
ds4,8,435.75,1,0,test,1.7575104036217106,62.322390842367845,1167.9333179827438,0.008699238562037193,64.07990124598956,0.9999999999982611,1
ds4,8,436.25,1,0,test,2.3754563475469226,71.44126068999478,13.375983369296428,2.8906536961897598e-05,73.81671703754171,0.9999999999999836,1
ds4,8,436.75,1,0,test,4.285233042592,98.50396750533366,26.209880875992337,0.008290189155556595,102.78920054792566,1.0,1
ds4,8,437.25,1,0,test,2.0032981438899493,100.14272853816652,40.79197382084176,0.012294229790925225,102.14602668205647,1.0,1
ds4,8,437.75,1,0,test,5.501439575608853,71.48645267232959,17.423783479398065,0.003411547406849274,76.98789224793845,0.9999999999999964,1
ds4,8,438.25,1,0,test,2.024061948946654,85.90987373148694,14.182560173913082,0.010547620252627413,87.93393568043359,1.0,1
ds4,8,438.75,1,0,test,2.0345574363730123,39.21724229733912,11.749926251363716,0.0006060151748874719,41.25179973371213,0.9999999165447445,0
ds4,8,439.25,1,0,test,1.6668184149526097,114.1491517040271,20.010349226452288,6.57600146142337e-05,115.81597011897972,1.0,1
ds4,8,439.75,1,0,test,2.077525105996894,70.90395945257947,21.185305754539513,0.0005325092741881751,72.98148455857637,0.9999999999999755,1
ds4,8,440.25,1,0,test,1.661016380412573,106.3439072220658,6.377852805179691,0.004433465564250805,108.00492360247837,1.0,1
ds4,8,440.75,1,0,test,2.4461455198942477,92.26802925942859,32.120065138625115,0.00035539302913077225,94.71417477932283,1.0,1
ds4,8,441.25,1,0,test,1.4827105242715033,89.60746604329832,18.361528546696213,0.0021735938747375217,91.09017656756981,1.0,1
ds4,8,441.75,1,0,test,1.7672323314490876,86.21724425261532,33.168429691733685,0.0037785776512364324,87.98447658406441,1.0,1
ds4,8,442.25,1,0,test,2.2644088510578704,76.84423231172421,5.594567506253457,0.00014281503287766098,79.10864116278208,0.9999999999999987,1
ds4,8,442.75,1,0,test,1.1470403423928142,157.56547967360441,109.06867333133286,0.0047962191639350634,158.71252001599723,1.0,1
ds4,8,443.25,1,0,test,3.6822726636907492,116.35281463249085,10.748276765562286,0.009210736770844536,120.0350872961816,1.0,1
ds4,8,443.75,1,0,test,0.5634791014261546,104.31988034012781,7.8115219716295545,0.0006272335309265027,104.88335944155396,1.0,1
ds4,8,444.25,1,0,test,0.2935987222078898,79.19793656241686,20.96594108803166,7.803222202048174e-05,79.49153528462475,0.9999999999999989,1
ds4,8,444.75,1,0,test,1.1663583934539852,104.12713370365944,126.04011622699821,0.003913527546597766,105.29349209711343,1.0,1
ds4,8,445.25,1,0,test,0.43439334206162794,109.72277727349793,833.6534312927141,0.0005259360560575067,110.15717061555955,1.0,1
ds4,8,445.75,1,0,test,0.3383956103568868,131.30615001104232,1686.0199466770937,0.004182198049636949,131.6445456213992,1.0,1
ds4,8,446.25,1,0,test,0.378747029568053,137.9683956020074,33.881239273502935,0.0070322082076978085,138.34714263157545,1.0,1
ds4,8,446.75,1,0,test,2.1899434453572524,127.72390059839793,58.93417631704505,6.104188743338328e-05,129.91384404375518,1.0,1
ds4,8,447.25,1,0,test,0.6513661822347989,152.67475663613666,50.28316028549862,0.00704564709353352,153.32612281837146,1.0,1
ds4,8,447.75,1,0,test,0.17089124716018464,99.93684909915216,108.20935364847828,0.0015185134315115621,100.10774034631234,1.0,1
ds4,8,448.25,1,0,test,0.21379983738606986,142.1562527181923,148.2972921309422,8.553594317464716e-05,142.37005255557835,1.0,1
ds4,8,448.75,1,0,test,0.2853181732431367,128.73531563303877,68.74006470658159,0.004957182765880536,129.0206338062819,1.0,1
ds4,8,449.25,1,0,test,1.621614917447395,138.18222277046968,44.918556507692344,0.009142758726099588,139.80383768791708,1.0,1
ds4,8,449.75,1,0,test,0.5769202842203712,101.05886032514128,67.76136190381087,0.0006959527639424666,101.63578060936166,1.0,1
ds4,8,450.25,1,0,test,0.7714463193365798,102.15658923888577,32.05556590997195,0.007404624550636581,102.92803555822235,1.0,1
ds4,8,450.75,1,0,test,0.7451065364415219,49.39112481594127,100.33623523471014,0.002911664370539818,50.13623135238279,0.9999999987003672,0
ds4,8,451.25,1,0,test,0.05813861682175573,124.31206763753224,34.590309258485,0.027698130549248592,124.37020625435399,1.0,1
ds4,8,451.75,1,0,test,0.24605700565173338,103.52696198378803,76.03699308947354,0.002166211003407502,103.77301898943976,1.0,1
ds4,8,452.25,1,0,test,2.9073336703298573,94.6497299299398,28.513575751795997,0.0015462403792256445,97.55706360026966,1.0,1
ds4,8,452.75,1,0,test,0.262582738626952,108.2776936039226,59.12037909788161,0.015892051841512725,108.54027634254955,1.0,1
ds4,8,453.25,1,0,test,8.714569394923139,84.72320678200936,20.868511341481618,0.004041540755134092,93.43777617693249,1.0,1
ds4,8,453.75,1,0,test,0.1898299495768298,105.32460071473945,26.65265179388545,0.0023005411722979924,105.51443066431628,1.0,1
ds4,8,454.25,1,0,test,1.3324344749693682,184.09117583440027,24.716681679374943,0.0007033565072806305,185.42361030936965,1.0,1
ds4,8,454.75,1,0,test,0.811775910804828,84.46607610287215,18.37363109859686,0.000653355282382337,85.27785201367698,0.9999999999999999,1
ds4,8,455.25,1,0,test,0.11479081140141029,100.0490056515772,51.98519834256135,0.009317932022486581,100.16379646297861,1.0,1
ds4,8,455.75,1,0,test,0.39353036820735765,128.2871325351407,24.99770472944466,0.011652229603545134,128.68066290334806,1.0,1
ds4,8,456.25,1,0,test,0.3268609693183204,132.66975622862793,16.664681038089928,0.0075154059136363655,132.99661719794625,1.0,1
ds4,8,456.75,1,0,test,0.2905942953958383,103.4059312593474,12.02995408676736,0.0037962171079081136,103.69652555474323,1.0,1
ds4,8,457.25,1,0,test,0.6711875911488858,77.95326155530698,58.44694980157199,0.004478785887154023,78.62444914645586,0.9999999999999983,1
ds4,8,457.75,1,0,test,1.56305062498057,154.03213068502092,50.79416330714157,0.002129999420646115,155.5951813100015,1.0,1
ds4,8,458.25,1,0,test,1.4882436206641538,164.70271967348273,75.55204058733433,0.0031797355041214724,166.19096329414688,1.0,1
ds4,10,0.25,0,1,test,5916.591468172359,7554.411630593727,585309.5067959153,1819.1427933718494,13471.003098766087,1.0,1
ds4,10,0.75,0,1,test,87.5990600679085,7777.319574066939,19916674.240590945,155.2795571844449,7864.918634134848,1.0,1
ds4,10,1.25,0,1,test,24.978824415050944,7671.791714179484,16883729.212669432,0.13150751496799862,7696.7705385945355,1.0,1
ds4,10,1.75,0,1,test,13.918937482412142,8126.488861273305,1559742.6358497855,0.04103184082784031,8140.407798755717,1.0,1
ds4,10,2.25,0,1,test,19.183522922191383,8087.949118411477,661087.2932513659,0.03882205393002008,8107.132641333668,1.0,1
ds4,10,2.75,0,1,test,10.660230391078501,8057.1625775338325,1060388.2311432897,0.053743591010399494,8067.822807924911,1.0,1
ds4,10,3.25,0,1,test,15.174955746855307,7769.555069633455,1380930.5283901007,0.07570626565554926,7784.7300253803105,1.0,1
ds4,10,3.75,0,1,test,59.45557991724464,7814.440555162041,1343584.0393136845,0.04900992443768863,7873.896135079286,1.0,1
ds4,10,4.25,0,1,test,23.169336552732478,7865.076558015997,1503950.0912025108,0.050579425570927566,7888.245894568729,1.0,1
ds4,10,4.75,0,1,test,2.968938499765838,8282.002515711663,1018757.3071148285,0.05223460251826396,8284.971454211429,1.0,1
ds4,10,5.25,0,1,test,46.17172196769205,8075.585563240726,1329547.5253602394,0.07929793109443452,8121.757285208418,1.0,1
ds4,10,5.75,0,1,test,73.67113832883764,8258.710045191508,1306603.172917975,0.07841239779668151,8332.381183520347,1.0,1
ds4,10,6.25,0,1,test,67.14582877708472,8097.953477323119,1864633.9212047204,18.05988267314152,8165.099306100204,1.0,1
ds4,10,6.75,0,1,test,88.8650669317099,6050.394584643671,2375990.6336991074,20.6637611274831,6139.259651575381,1.0,1
ds4,10,7.25,0,1,test,6.8989635994271215,20.327199572629365,320324.1588135821,7.778772006415971,27.226163172056488,0.9999484609204726,0
ds4,10,7.75,0,1,test,6.689583332381115,24.48707236096637,289409.528935578,10.570664980351365,31.176655693347485,0.9999913558244526,0
ds4,10,8.25,0,1,test,8.773655235821861,3.011157473852948,247945.4344249147,7.090757230124231,11.78481270967481,0.962141677527946,0
ds4,10,8.75,0,1,test,13.183322295455323,5.3970976242012485,284041.50083496864,1.9235413822442606,18.58041991965657,0.9976995882259356,0
ds4,10,9.25,0,1,test,5.98160753306036,2.061245126592706,236359.81263927382,7.475978263281526,8.042852659653066,0.8461103068908528,0
ds4,10,9.75,0,1,test,5.26164217888667,26.60225425789054,243841.0953061114,11.341477767692881,31.86389643677721,0.9999936784364353,0
ds4,10,10.25,0,1,test,9.945705788072596,19.240290639784075,252128.23632205382,13.80274915056863,29.185996427856672,0.9999786815317474,0
ds4,10,10.75,0,1,test,20.421006212904405,24.091645738754583,257533.1580020855,5.385853979393023,44.51265195165899,0.9999999817747757,0
ds4,10,11.25,0,1,test,65.70837671785246,35.70748972765898,297381.25487078726,14.097635846450839,101.41586644551144,1.0,1
ds4,10,11.75,0,1,test,95.26182406273071,107.48135594132361,259049.38928116078,10.691748410443237,202.74318000405432,1.0,1
ds4,10,12.25,0,1,test,55.53592515725491,201.4809545216693,290741.68113543367,9.37455526228583,257.0168796789242,1.0,1
ds4,10,12.75,0,1,test,108.94030183917737,351.3795510679925,301011.15905377775,5.260323791371323,460.3198529071699,1.0,1
ds4,10,13.25,0,1,test,76.4978987501303,647.5000164468844,239159.60440157563,9.425694536429619,723.9979151970147,1.0,1
ds4,10,13.75,0,1,test,146.12416782593624,1046.3884853117524,298806.04080788797,7.087070963020088,1192.5126531376886,1.0,1
ds4,10,14.25,0,1,test,450.4675326714174,9995.600321117123,303152.3637215158,9.398001859848517,10446.06785378854,1.0,1
ds4,10,14.75,0,1,test,241.21744244829856,16664.290970167236,425066.28401995497,8.47646236393246,16905.508412615534,1.0,1
ds4,10,15.25,0,1,test,381.8535489112166,5378.901175947953,401629.23835000163,10.384691391545637,5760.754724859169,1.0,1
ds4,10,15.75,0,1,test,226.71464329825176,13420.317520163579,251296.06652818155,7.94154612748767,13647.03216346183,1.0,1
ds4,10,16.25,0,1,test,220.01196779746007,8847.092163091893,165426.29192788186,5.413328613186705,9067.104130889353,1.0,1
ds4,10,16.75,0,1,test,234.8840134460977,1115.597360510075,155213.81266880303,11.502995250504213,1350.4813739561728,1.0,1
ds4,10,17.25,0,1,test,305.5555692684927,3419.811729710105,143633.5679765577,8.324662784480026,3725.3672989785973,1.0,1
ds4,10,17.75,0,1,test,315.8503537223182,8410.01297594884,282497.5654875515,7.852464450416278,8725.86332967116,1.0,1
ds4,10,18.25,0,1,test,496.1349202765988,26454.65558588084,170788.3438421435,8.80648307322003,26950.79050615744,1.0,1
ds4,10,18.75,0,1,test,399.7960217635248,8395.010647353134,156250.96545827115,13.551059065121501,8794.806669116659,1.0,1
ds4,10,19.25,0,1,test,383.9628290553902,10298.184666538462,238447.53153256662,6.681809484203775,10682.147495593852,1.0,1
ds4,10,19.75,0,1,test,375.61647265285063,11316.760641090274,233344.79799422674,10.042420590748854,11692.377113743125,1.0,1
ds4,10,20.25,0,1,test,397.2963900062004,1882.2420963950924,278377.6534924815,13.316805036473442,2279.5384864012926,1.0,1
ds4,10,20.75,0,1,test,381.6079514429366,11946.710772586755,331296.6747447754,5.759955480984132,12328.318724029692,1.0,1
ds4,10,27.75,0,1,test,5879.738577553173,7571.652575778455,9921206.119224556,1248.2496923185004,13451.391153331628,1.0,1
ds4,10,28.25,0,1,test,753.3536240722128,7899.68405888741,648601.2968092376,98.12284918300364,8653.037682959623,1.0,1
ds4,10,28.75,0,1,test,39.5115452787461,8122.284234105787,3634798.7946337243,0.2188816019500744,8161.795779384533,1.0,1
ds4,10,29.25,0,1,test,28.60211362837848,7683.397918162406,544874.5319622054,0.05713203324427219,7712.000031790785,1.0,1
ds4,10,29.75,0,1,test,4.55999802294097,8127.196628262192,603803.806209832,0.05541457782251696,8131.756626285132,1.0,1
ds4,10,30.25,0,1,test,0.9552688610774475,8321.431712510042,498029.97365671716,0.060041586856645644,8322.386981371119,1.0,1
ds4,10,30.75,0,1,test,0.832395862157465,7811.429396251734,543397.4876528332,0.04938311955085299,7812.261792113892,1.0,1
ds4,10,31.25,0,1,test,163.47437543725223,7808.1703389582835,509864.0445052247,0.04140559741334275,7971.644714395536,1.0,1
ds4,10,31.75,0,1,test,2.9336896665426795,7872.927268259019,694132.1968672725,0.0397526352481775,7875.860957925562,1.0,1
ds4,10,32.25,0,1,test,43.42866580711779,7907.465755316333,798399.6502281689,0.038178827729632034,7950.894421123451,1.0,1
ds4,10,32.75,0,1,test,151.30608024920704,7932.946091540859,613874.6127383105,0.03324584437082223,8084.252171790066,1.0,1
ds4,10,33.25,0,1,test,5.893629093737362,7607.147154712554,624318.3476647654,0.03119853550580046,7613.040783806291,1.0,1
ds4,10,33.75,0,1,test,107.37165623682294,7597.810375898169,2596019.34733067,13.28058302157391,7705.1820321349915,1.0,1
ds4,10,34.25,0,1,test,64.03102805328,6609.172773196801,3596557.5454151705,15.703552342822503,6673.203801250082,1.0,1
ds4,10,34.75,0,1,test,0.2729597746493524,436.55511203346794,265464.7260727331,0.008644962673103596,436.8280718081173,1.0,1
ds4,10,35.25,0,1,test,0.08850712087875304,23.223851763138494,191687.7496202431,0.00016141358047218722,23.312358884017247,0.9997058321697213,0
ds4,10,35.75,0,1,test,0.05872760276370378,3.9232312625330596,157763.76934205714,0.0030074774320334825,3.9819588652967632,0.4479836420546774,0
ds4,10,36.25,0,1,test,0.11780387760612916,9.633109693673166,134969.02033470807,0.006557187591628176,9.750913571279295,0.9173913972615532,0
ds4,10,36.75,0,1,test,0.15666401974578187,11.453048392992324,139335.99899142372,0.001311735415294478,11.609712412738105,0.9594548217650719,0
ds4,10,37.25,0,1,test,0.05873593841894243,2.386032573461172,121394.0401387471,0.0025815226717147716,2.4447685118801146,0.215210907075922,0
ds4,10,37.75,0,1,test,1.8797906691088928,13.726108031055439,99224.92932499546,0.000721969155086058,15.605898700164332,0.99193586595686,0
ds4,10,38.25,0,1,test,0.48339836345628456,2.4299258729802173,76726.91102097122,0.002522053009816928,2.9133242364365017,0.2866532955810549,0
ds4,10,38.75,0,1,test,4.987869855203339,11.813228054518094,68040.92784703667,3.7185518822315666e-05,16.801097909721435,0.9951071156371085,0
ds4,10,39.25,0,1,test,0.9774041603134137,4.265915016725787,58691.22449415254,0.0010518793713526634,5.243319177039201,0.6130873544552589,0
ds4,10,39.75,0,1,test,0.08794374478613257,7.357486428661693,44495.45012480774,0.0008019122073294791,7.445430173447825,0.8104360330177038,0
ds4,10,40.25,0,1,test,0.34323194474088364,6.460906523757082,36528.48290104654,0.003384631656319007,6.804138468497966,0.7643809536798039,0
ds4,10,40.75,0,1,test,0.06824192057497512,4.826929299140669,30855.35163796059,0.00023311542652272073,4.895171219715644,0.5711927378775733,0
ds4,10,41.25,0,1,test,0.4040772057662389,10.88905067471766,26171.91054270575,0.0002607251047587508,11.2931278804839,0.9541319082477423,0
ds4,10,41.75,0,1,test,0.1271588385856293,2.7211422284816953,21989.178032255255,0.00017487262911703827,2.8483010670673248,0.27664050451932,0
ds4,10,42.25,0,1,test,0.2705296751133005,2.219752089200824,17784.107377972472,0.0001845073142142055,2.4902817643141244,0.22204205968429025,0
ds4,10,42.75,0,1,test,1.4084757680830782,3.4629126706668965,14012.806802623094,1.410430595870674e-05,4.871388438749975,0.5682229333864159,0
ds4,10,43.25,0,1,test,0.8664164320936869,3.9964509517415356,11190.506272326536,0.0003076787575158292,4.862867383835223,0.5671555808584704,0
ds4,10,43.75,0,1,test,0.2258406959923036,7.251950060539913,9357.848821419564,0.001480488931054411,7.477790756532217,0.8125387802324976,0
ds4,10,44.25,0,1,test,0.17437541790764743,11.861025298922236,7843.825180688761,0.003282207850580909,12.035400716829884,0.9656940845191225,0
ds4,10,44.75,0,1,test,0.9185689778798866,11.409841076036361,6104.73181237973,0.0004555329011479675,12.328410053916247,0.9694453765710771,0
ds4,10,45.25,0,1,test,5.05921240522062,9.878056810609296,5694.057373599915,0.0008265009596847327,14.937269215829916,0.9893662332339239,0
ds4,10,45.75,0,1,test,0.3020084463929955,13.028253303875147,4454.922716604918,0.00028496106252357066,13.330261750268143,0.9795271947068769,0
ds4,10,46.25,0,1,test,0.7828723891120427,6.842088742895254,3714.587246129307,0.0002754441989410074,7.6249611320072965,0.8218479977504953,0
ds4,10,46.75,0,1,test,0.7971729749628956,2.8541500566652993,3086.7292093775854,0.0006294564872874769,3.651323031628195,0.3993757903958425,0
ds4,10,47.25,0,1,test,0.16999737333217896,3.000637446028949,2472.0896353766884,0.0019387921496046906,3.170634819361128,0.32630201869138387,0
ds4,10,47.75,0,1,test,0.27530100485545944,6.294906747496905,2064.101345298011,0.00023040301054365453,6.570207752352365,0.7453841405438777,0
ds4,10,48.25,0,1,test,1.0988430957833535,5.869517188333013,1597.1581869725333,0.001806997883702269,6.9683602841163665,0.7769959504364179,0
ds4,10,48.75,0,1,test,0.5437109560744732,7.276296579224368,1129.9142289137194,0.00010842779885347768,7.820007535298841,0.833561673084614,0
ds4,10,49.25,0,1,test,0.6966669661206513,4.048718143408052,1040.9277311697176,9.53924005189584e-05,4.745385109528703,0.5522629101851552,0
ds4,10,49.75,0,1,test,0.1098214116496707,4.208119263659252,807.8462976635102,0.00023120295446343343,4.317940675308923,0.49539472254245764,0
ds4,10,50.25,0,1,test,0.21335675566160855,4.800552390745075,760.820706017102,5.102111842485822e-07,5.013909146406684,0.5858149442394256,0
ds4,10,50.75,0,1,test,0.8940075224120563,9.349144679243752,643.9662520102482,8.333544507339229e-05,10.243152201655809,0.9313683976815633,0
ds4,10,51.25,0,1,test,0.2779655891010895,15.742840121708081,464.9612673306545,0.00351551955775698,16.02080571080917,0.9932150769561034,0
ds4,10,51.75,0,1,test,0.4827321798268125,21.006261770718634,484.8313016177054,0.002325818424450067,21.488993950545446,0.9993453798009906,0
ds4,10,52.25,0,1,test,0.05434471509124443,19.52619775620981,277.8740760963046,8.309933004447078e-09,19.580542471301055,0.99850234907643,0
ds4,10,52.75,0,1,test,0.65845316961594,2.339142535859734,245.90404034139914,3.2936815097947624e-05,2.9975957054756743,0.29964346925821406,0
ds4,10,53.25,0,1,test,0.4876355478698477,3.0798820300553538,359.92052510144333,0.0023392362715577405,3.5675175779252015,0.3868031095903,0
ds4,10,53.75,0,1,test,4.879841139449269,3.555171262711684,197.0567573604743,0.0002921878027206383,8.435012402160954,0.8661650208721218,0
ds4,10,54.25,0,1,test,0.5723776890862325,3.923060106948091,188.42967528195848,0.0019172819982395113,4.495437796034324,0.5195059226512415,0
ds4,10,54.75,0,1,test,0.9561347817722827,7.5015821209704034,356.49714522733,0.0015024551874198693,8.457716902742686,0.8672509500401194,0
ds4,10,55.25,0,1,test,0.7754003489648519,6.451165015977009,148.04675527966702,0.0003339385822337127,7.226565364941861,0.7956717149869056,0
ds4,10,55.75,0,1,test,0.8507708868600244,6.541748810701883,128.37986312559377,0.00045732484204613014,7.392519697561907,0.8069539468885786,0
ds4,10,56.25,0,1,test,1.4817308916247598,6.568523280221822,151.52335408484132,0.0023354698415176166,8.050254171846582,0.8465123173192537,0
ds4,10,56.75,0,1,test,2.8431531897780165,10.441993183362895,120.94009668619657,0.0003087601574306859,13.285146373140911,0.9791517533621504,0
ds4,10,57.25,0,1,test,1.5563394353717395,1.7493700777216077,107.7742497866047,3.2667215549426204e-08,3.305709513093347,0.3470323272414983,0
ds4,10,57.75,0,1,test,0.14108777698594877,5.706360253428786,73.18940742549715,0.004153944693452347,5.847448030414735,0.6786529194362352,0
ds4,10,58.25,0,1,test,11.189017914376816,11.173089248143674,59.0871330495646,0.0011942388459644595,22.362107162520488,0.9995532228401727,0
ds4,10,58.75,0,1,test,25.172189040360312,16.081047074266753,58.404343954159124,4.1382417813377555e-05,41.253236114627065,0.9999999166005098,0
ds4,10,59.25,0,1,test,0.9568784842228503,21.186579424700763,46.676077847192275,0.009554887777616762,22.143457908923615,0.9995082818927293,0
ds4,10,59.75,0,1,test,0.9640533151807549,15.847747077995031,48.728929498191334,0.0015374713106794489,16.811800393175787,0.9951290949241233,0
ds4,10,60.25,0,1,test,7.203360942333759,10.250294928611078,35.92271507475446,0.001478784587345941,17.453655870944836,0.9962848623099286,0
ds4,10,60.75,0,1,test,1.2252150796312615,36.07515777174545,17.638103222776785,0.0014598578636569179,37.300372851376714,0.9999994786183597,0
ds4,10,61.25,0,1,test,0.2754830388148584,11.683007215920183,50.557454737952156,4.019652533267722e-05,11.958490254735041,0.9646389919071797,0
ds4,10,61.75,0,1,test,0.0409691428156362,14.956201203853956,21.105068035044575,0.0006983972044314376,14.997170346669591,0.9896255645706609,0
ds4,10,62.25,0,1,test,1.6101813391478224,22.716674815554008,17.185755935091006,0.001802999398926787,24.32685615470183,0.9998121438871417,0
ds4,10,62.75,0,1,test,0.12118785976333367,23.263555950563113,18.673159847364726,8.524157580128329e-05,23.384743810326448,0.9997150742789087,0
ds4,10,63.25,0,1,test,0.1395151596916199,13.842612939380366,20.49759582247478,0.003064015767742355,13.982128099071986,0.9842766598098925,0
ds4,10,63.75,0,1,test,0.15436648404920164,13.877864117550548,45.15326090989319,0.005579943825280764,14.03223060159975,0.9845940259426562,0
ds4,10,64.25,0,1,test,1.0480306758898759,2.1972486855048934,26.079327467662445,0.0036239257680707308,3.2452793613947692,0.33777076834421305,0
ds4,10,64.75,0,1,test,0.21177610858458729,4.469720488545706,22.952071160191775,0.001193844859628044,4.681496597130293,0.5440271165479289,0
ds4,10,65.25,0,1,test,0.6143154263996405,5.765125959203829,251.47742096098682,0.0027426349071021684,6.379441385603469,0.7289719638400372,0
ds4,10,65.75,0,1,test,0.728015806916632,2.235901496836871,27.55437228490821,0.0002884068428144498,2.9639173037535027,0.2944511245238915,0
ds4,10,66.25,0,1,test,0.20785696996116976,5.085551962114844,12.14383124177287,0.0008648906263981691,5.293408932076014,0.6188688516271428,0
ds4,10,66.75,0,1,test,0.7693967664624235,4.783961962192259,22.281228881056002,0.0009305450414413245,5.553358728654683,0.6478696273800286,0
ds4,10,67.25,0,1,test,20.83781348856107,3.1755050236350084,9.544950620377705,0.0058184748456434204,24.01331851219608,0.9997841627986847,0
ds4,10,67.75,0,1,test,0.7722058162830333,5.8508873229915705,5.966498632559993,0.000950563740633763,6.623093139274604,0.7497863152832642,0
ds4,10,68.25,0,1,test,0.6723840024744989,6.4108481741458885,5.224304787113027,0.0011114044904800989,7.083232176620387,0.7854765388812662,0
ds4,10,68.75,0,1,test,16.60166912464708,15.49807930787886,986.3127356001287,0.004793208589791591,32.09974843252594,0.9999943229377836,0
ds4,10,69.25,0,1,test,12.040943009414917,4.621083734827685,39.03454111570174,3.5272646685366913e-06,16.662026744242603,0.9948125547305319,0
ds4,10,69.75,0,1,test,0.2219033166912995,13.720479271918133,27.013221697244887,7.139374632490106e-05,13.942382588609433,0.9840204184594479,0
ds4,10,70.25,0,1,test,0.14771679396479737,6.4250501620088265,14.760520099154213,0.0012355065374780483,6.5727669559736235,0.7455986314205005,0
ds4,10,70.75,0,1,test,0.30136778781616314,11.420057007331915,14.373901150285008,0.0006875451675118344,11.721424795148078,0.9611891512979379,0
ds4,10,71.25,0,1,test,0.7002425203933733,2.803141192890673,95.88247330771962,0.00010420502339960845,3.5033837132840464,0.37712430923632484,0
ds4,10,71.75,0,1,test,0.440035492007611,0.5227659920676585,19.76266047095653,0.0002912349825434333,0.9628014840752694,0.03449005581124732,0
ds4,10,72.25,0,1,test,2.0699953403850784,2.458630578253865,8.299663218684671,0.001229167936322517,4.5286259186389435,0.5239374512364126,0
ds4,10,72.75,0,1,test,0.17533089398959087,1.1498881537021348,12.300512906855651,0.0013368257487032563,1.3252190476917256,0.06768461173756365,0
ds4,10,73.25,0,1,test,0.43805453158990526,6.327442520338874,12.736737753853546,0.0005362725349207184,6.765497051928779,0.7613271163806852,0
ds4,10,73.75,0,1,test,0.033238602924288436,3.4651425935333036,4.913249299252342,8.101731949645398e-05,3.498381196457592,0.37636741248025685,0
ds4,10,74.25,0,1,test,0.08023662125127358,2.1755437797426747,5.486866477175203,0.002911756121606688,2.2557804009939484,0.1872608712615378,0
ds4,10,74.75,0,1,test,7.903087918326643,4.449068388798002,7.174153037051576,0.0005579001152291193,12.352156307124645,0.9697316061488852,0
ds4,10,75.25,0,1,test,1.4537580607204061,4.278075850001341,8.293628906129594,0.00010702351667070693,5.731833910721747,0.6668068087005736,0
ds4,10,75.75,0,1,test,2.1459734285468204,6.475270614478536,2.488524538254456,0.002674206776772349,8.621244043025357,0.8748409566278856,0
ds4,10,76.25,0,1,test,5.1557925856185856,2.946434680733145,2.9421944197473087,0.003954817030077701,8.102227266351731,0.8493090540317072,0
ds4,10,76.75,0,1,test,0.05017379023126698,0.6343734275910743,11.9189305132975,0.0036400191789849852,0.6845472178223413,0.0161940166337488,0
ds4,10,77.25,0,1,test,0.06151058411456721,1.996247645381251,6.210751319195676,0.002077995873209853,2.057758229495818,0.15890324059755906,0
ds4,10,77.75,0,1,test,0.05007203399886019,10.961197376951711,3.3170898273707476,0.00015135111664229593,11.011269410950572,0.9488429984788384,0
ds4,10,78.25,0,1,test,6.509275725074893,2.0748162134368324,4.914822585369414,0.0026759834072592067,8.584091938511726,0.8731517666448082,0
ds4,10,78.75,0,1,test,0.5525340483377793,7.805708004136167,1.9268370247975197,0.002630891396534123,8.358242052473946,0.8624338602262929,0
ds4,10,79.25,0,1,test,0.9922538075867297,10.89551486257051,2.661714395006822,0.0009539026319931955,11.88776867015724,0.9636416059832719,0
ds4,10,79.75,0,1,test,1.91653674455479,5.240041440073307,3.257722330709599,2.181082690692967e-06,7.156578184628097,0.7907465812878932,0
ds4,10,80.25,0,1,test,0.36890431129136897,2.175389519941618,3.1828514304665743,2.2371192648915703e-05,2.544293831232987,0.23018994303912965,0
ds4,10,80.75,0,1,test,1.157806829131945,19.834194769664535,1.5148858483177372,3.364951857184011e-07,20.99200159879648,0.9991871169751759,0
ds4,10,81.25,0,1,test,7.42580235396372,5.603672383914361,1.4460792648739942,0.003094179540936549,13.02947473787808,0.9768958819905781,0
ds4,10,81.75,0,1,test,1.0007206468716372,6.474280419525723,1.9066751151109758,0.0014029806864187166,7.47500106639736,0.8123583104565636,0
ds4,10,82.25,0,1,test,11.38484468796401,6.245823993058089,0.900033857930234,0.0009850755663272758,17.6306686810221,0.9965532611897104,0
ds4,10,82.75,0,1,test,2.3936959952783474,13.965187264061502,2.2552954147734496,1.5290026335055133e-05,16.358883259339848,0.9941092475603474,0
ds4,10,83.25,0,1,test,1.2885824375258579,3.8025760736800147,1.21151605373068,0.004377002260226196,5.091158511205872,0.5951432312992342,0
ds4,10,83.75,0,1,test,1.376703666432515,6.834588643476827,12.730403413594185,0.0037567211326973637,8.211292309909341,0.8550310779505294,0
ds4,10,84.25,0,1,test,1.2201875038374719,23.997522231325526,0.6305566425233782,0.0031989507468633775,25.217709735162998,0.9998735265547994,0
ds4,10,84.75,0,1,test,1.6216962317027208,1.865626874653371,1.6184282578971212,0.00255900257101697,3.487323106356092,0.37469333416540584,0
ds4,10,85.25,0,1,test,2.9135161063332173,6.816063171561555,3.1330790041401984,0.0021153746419072094,9.729579277894771,0.9167297062891965,0
ds4,10,85.75,0,1,test,2.0085870989172894,1.5574664476230857,4.128699176551652,0.002139505856631459,3.566053546540375,0.38658269666942197,0
ds4,10,86.25,0,1,test,2.3504344635294725,3.2543296676165183,2.0663463156563746,5.203385671151781e-07,5.604764131145991,0.6534051896896432,0
ds4,10,86.75,0,1,test,6.017577554798996,11.753329712084883,1.2147835795290518,5.774779873924721e-06,17.770907266883878,0.9967523411869947,0
ds4,10,87.25,0,1,test,2.3613361369698884,4.291453917955907,16.460303403723206,1.1960189893495618e-06,6.652790054925795,0.7522305350316579,0
ds4,10,87.75,0,1,test,1.5995915113430372,4.576161392153422,5.037559414079685,0.002431128090141825,6.175752903496459,0.7105088424947859,0
ds4,10,88.25,0,1,test,3.864504094778989,4.2515916563380936,8.373912111482218,0.0002548901257148149,8.116095751117083,0.8500476381558119,0
ds4,10,88.75,0,1,test,0.5098700108640196,3.4449727062089104,1.7187847169285932,7.331838132189166e-05,3.95484271707293,0.44406431279639813,0
ds4,10,89.25,0,1,test,1.4770221085253035,2.1459062377461673,1.6189045206429615,0.0016659924664018358,3.622928346271471,0.3951259757885426,0
ds4,10,89.75,0,1,test,0.7135579271251259,10.195608632796743,10.63438976293001,0.00043961212156289715,10.90916655992187,0.9467890152497671,0
ds4,10,90.25,0,1,test,1.19648226958568,26.78974654364578,2.2956710428869607,0.0032598251985838365,27.98622881323146,0.9999633749197686,0
ds4,10,90.75,0,1,test,1.8881920340394338,0.6366437722954293,0.6532671573174479,0.0032001361588651915,2.5248358063348633,0.22724980737644515,0
ds4,10,91.25,0,1,test,0.5699218363564066,2.0778671718105275,2.974544063415564,0.004734675258655378,2.647789008166934,0.24590844478978355,0
ds4,10,91.75,0,1,test,1.061148570615349,8.70907183897555,1.6511966074770674,0.00324101376473463,9.770220409590898,0.9179860084148306,0
ds4,10,92.25,0,1,test,2.837396002804895,8.969515019608744,4.365615721419998,0.0024238424074530677,11.80691102241364,0.9624684945873816,0
ds4,10,92.75,0,1,test,1.4753539278868464,0.7649652992444886,0.7800956363620926,0.004794684655443025,2.240319227131335,0.1850088048513795,0
ds4,10,93.25,0,1,test,1.4352914222356654,4.162789415974083,1.7372767417198005,0.0006857444094168319,5.598080838209748,0.6526892220874005,0
ds4,10,93.75,0,1,test,1.4394625853019947,2.193315537424542,6.077779738840002,0.00042410029920356834,3.6327781227265366,0.39660138075738766,0
ds4,10,94.25,0,1,test,2.1517872031032566,2.0297985632793876,2.274452131688085,0.003510454740536374,4.181585766382645,0.47642060186715873,0
ds4,10,94.75,0,1,test,2.167626405979998,4.564557266568851,3.1066570535770976,0.0018424817941653866,6.7321836725488495,0.7586678609282697,0
ds4,10,95.25,0,1,test,3.7059659293810516,4.743949832960669,3.1667327750793817,0.0038923618196157897,8.449915762341721,0.8668787269443532,0
ds4,10,95.75,0,1,test,3.929699752707935,2.0055216851711797,2.066571565873671,0.000799247798748801,5.935221437879115,0.6874267168962422,0
ds4,10,96.25,0,1,test,3.7287233335801053,4.3428389606139195,92.9223216524608,0.0006868042629061357,8.071562294194024,0.8476644608778043,0
ds4,10,96.75,0,1,test,2.8589795838818137,2.492955919260598,0.3420334590987512,0.0058382763456807305,5.351935503142412,0.6255451011084614,0
ds4,10,97.25,0,1,test,2.506176072946576,5.062062324270567,3.4684074360413355,0.0017185335282161286,7.568238397217143,0.8183088558372043,0
ds4,10,97.75,0,1,test,2.701481512949313,8.42811255683366,3.3052147399219503,0.002275246472834553,11.129594069782973,0.951129796251014,0
ds4,10,98.25,0,1,test,2.8948017922932774,2.1982571446595807,1.4663677356188285,0.003917601875000173,5.093058936952858,0.5953708714462944,0
ds4,10,98.75,0,1,test,1.7143874974702267,5.222134159441962,186.61317141497895,0.0005820973078090449,6.9365216569121895,0.774595754763462,0
ds4,10,99.25,0,1,test,3.834639790892308,4.9998438647567385,3.561520193614893,0.0008098198783580487,8.834483655649047,0.8841490229856915,0
ds4,10,99.75,0,1,test,2.711482484014243,3.0104786475528824,5.653473797706372,5.9281945201763e-06,5.7219611315671255,0.6657799105433998,0
ds4,10,100.25,0,1,test,0.7933487828429292,6.759680944906141,6.56577563087346,7.45443621599303e-05,7.55302972774907,0.8173495727122042,0
ds4,10,100.75,0,1,test,1.3959963382829115,3.8651800933180716,1.2603779282456662,0.0025217794047180174,5.261176431600983,0.6151556383255314,0
ds4,10,101.25,0,1,test,0.9711803607533464,13.905184380698236,76.81930999881273,0.000231914369226444,14.876364741451582,0.9890961165158995,0
ds4,10,101.75,0,1,test,1.9201604561831604,3.3414138281511554,1.2259724827102052,0.0010793930134942588,5.261574284334316,0.6152016286998363,0
ds4,10,102.25,0,1,test,0.16710604090155373,3.6803555189361137,3.723784492772943,0.009064700492411289,3.8474615598376674,0.4284197289438204,0
ds4,10,102.75,0,1,test,0.2641839026334938,19.2187259954134,1.4419923539741943,0.0017524877665668808,19.482909898046895,0.9984380411879347,0
ds4,10,103.25,0,1,test,1.0694150478364637,5.232676600239012,1.5399986897415585,0.00023963427227657777,6.302091648075476,0.7220761771745923,0
ds4,10,103.75,0,1,test,0.3217358897678993,6.1960327168673945,8.347421367524055,0.004087025675481969,6.517768606635294,0.7409562068800202,0
ds4,10,104.25,0,1,test,4.3596392328631355,4.580777421138179,20.62938721721964,0.000807619226694964,8.940416654001314,0.8885355315721454,0
ds4,10,104.75,0,1,test,0.2617979204717109,2.388542613207555,0.983368326310932,0.0022908409525617133,2.650340533679266,0.24629748138989999,0
ds4,10,105.25,0,1,test,0.2773044340672954,5.288951120950598,1.3170463838551776,0.0006502634906425346,5.566255555017893,0.6492645961561828,0
ds4,10,105.75,0,1,test,0.352162051379981,4.455201287091604,5.926363238396735,0.0026754671302928307,4.807363338471585,0.5601605412263163,0
ds4,10,106.25,0,1,test,1.4032954279296654,4.8446566356129015,4.600930248955205,0.0044578972423031165,6.2479520635425665,0.7171656908891116,0
ds4,10,106.75,0,1,test,0.4173676666456492,24.76044103071818,6.213940358706966,0.0016426719192587941,25.17780869736383,0.9998712608803109,0
ds4,10,107.25,0,1,test,0.6529051279128842,5.691445931518471,2.8118945046344073,0.0018714692346548073,6.3443510594313555,0.7258610455469081,0
ds4,10,107.75,0,1,test,1.2195670916754455,5.566447650262441,4.067481289940186,0.0010450749161571142,6.786014741937887,0.7629527308148344,0
ds4,10,108.25,0,1,test,0.7504425938679516,3.8152460274021722,2.8953523487043564,0.0017170297503160494,4.565688621270124,0.5288570775952152,0
ds4,10,108.75,0,1,test,0.2926236023405636,6.400006696006628,4.541979677700283,0.0019248271676010598,6.692630298347192,0.7554784510463483,0
ds4,10,109.25,0,1,test,2.2261002471870386,8.193258480279555,5.099542918016118,0.0036856623295448664,10.419358727466594,0.9358116365472433,0
ds4,10,109.75,0,1,test,1.5397199497279894,9.131304920622217,1.40001707975798,0.0013927372989225588,10.671024870350205,0.9416928539644679,0
ds4,10,225.25,1,1,test,2.33781471538827,1018.4932660370747,14.81823115583072,0.002056116198885986,1020.831080752463,1.0,1
ds4,10,225.75,1,1,test,2.14902350177253,1089.8667305461884,7.498809628025979,5.965310585669929e-05,1092.0157540479609,1.0,1
ds4,10,226.25,1,1,test,2.165485170706286,1009.7532574690009,4.733974575148358,0.0017472129108975984,1011.9187426397071,1.0,1
ds4,10,226.75,1,1,test,12.638499441221864,1087.3119726255927,23.61361698646684,0.0004928739981821985,1099.9504720668147,1.0,1
ds4,10,227.25,1,1,test,6.994761281525403,1125.4629333005919,3.8960979148145416,0.0010795401901074672,1132.4576945821173,1.0,1
ds4,10,227.75,1,1,test,0.7158690334632314,1205.523226618745,2.4474759168977647,0.0006967803282036061,1206.239095652208,1.0,1
ds4,10,228.25,1,1,test,0.6651229082202983,1213.5307872538967,8.004420549653718,0.0021053863694186566,1214.1959101621171,1.0,1
ds4,10,228.75,1,1,test,2.504062012402703,1266.0793276648187,6.876555599824862,0.003951659615962736,1268.5833896772215,1.0,1
ds4,10,229.25,1,1,test,9.505324407668573,1100.4043165545627,7.072834349476155,0.0017621403295213492,1109.9096409622312,1.0,1
ds4,10,229.75,1,1,test,16.660689753608064,1121.0012559447773,3.4020902178765664,0.004850089052872994,1137.6619456983854,1.0,1
ds4,10,230.25,1,1,test,4.857090449890653,1175.3417970751416,5.537648266081453,0.0010530836481569795,1180.1988875250322,1.0,1
ds4,10,230.75,1,1,test,4.726104361035116,1116.1862460460554,5.20319899449575,0.007678255518910847,1120.9123504070906,1.0,1
ds4,10,231.25,1,1,test,12.441504429577888,1125.6695660398595,2.354212622867953,0.0039023344310403015,1138.1110704694374,1.0,1
ds4,10,231.75,1,1,test,4.393187073287723,1196.8817388345944,6.970126844091308,0.0022755524979839255,1201.274925907882,1.0,1
ds4,10,232.25,1,1,test,4.75057817982945,1172.127372443579,4.803718899783405,0.0031925711678649897,1176.8779506234084,1.0,1
ds4,10,232.75,1,1,test,4.682706168359822,1245.9728595190268,0.5089512212947841,0.004924816382176243,1250.6555656873866,1.0,1
ds4,10,233.25,1,1,test,6.355446137657237,1246.8890999834373,1.5851155856344115,0.008819618841222484,1253.2445461210946,1.0,1
ds4,10,233.75,1,1,test,10.901258037442643,1249.4148662770112,0.32241252378269014,0.0015356713525834609,1260.3161243144539,1.0,1
ds4,10,234.25,1,1,test,7.204323733542175,1234.4426786072945,1.788068420631888,0.0037962116137444804,1241.6470023408367,1.0,1
ds4,10,234.75,1,1,test,7.296979491654987,1210.3884563237445,1.5018102094326793,0.006681333472311976,1217.6854358153996,1.0,1
ds4,10,235.25,1,1,test,10.63500473504816,1172.051772261916,0.8237581575173943,0.005086230854265406,1182.6867769969642,1.0,1
ds4,10,235.75,1,1,test,17.306382843230878,1248.6453640120376,1.9747074857399478,0.009854416595942469,1265.9517468552685,1.0,1
ds4,10,236.25,1,1,test,10.59615226771774,1245.0231232008036,3.3697108521299053,0.00822552437462953,1255.6192754685214,1.0,1
ds4,10,236.75,1,1,test,10.683733877076277,1233.8559906293488,4.079219169157303,0.006491300712187725,1244.539724506425,1.0,1
ds4,10,237.25,1,1,test,16.41579155679189,1208.4314822277877,2.6439269054706918,0.007975989775043291,1224.8472737845796,1.0,1
ds4,10,237.75,1,1,test,20.286580817645973,1214.8356109725275,0.4672893258673003,0.005814785456031903,1235.1221917901735,1.0,1
ds4,10,238.25,1,1,test,15.49595579711582,1158.1514745544703,3.3982815577169667,0.005283896487158994,1173.647430351586,1.0,1
ds4,10,238.75,1,1,test,23.202184207490433,1223.6050765373518,0.902974758900689,0.0020401465637846917,1246.8072607448423,1.0,1
ds4,10,239.25,1,1,test,13.255302534090687,1197.597476435449,2.784783781679306,0.006480720449130787,1210.8527789695397,1.0,1
ds4,10,239.75,1,1,test,12.94380586714311,1136.6659238871255,15.637693787953738,0.005964876928298703,1149.6097297542685,1.0,1
ds4,10,240.25,1,1,test,14.111555999032603,1124.905622299164,3.5705469806470225,0.004185966783790379,1139.0171782981965,1.0,1
ds4,10,240.75,1,1,test,14.441763586857641,1227.3228739445185,2.337626636869579,0.004634223627443929,1241.7646375313761,1.0,1
ds4,10,241.25,1,1,test,14.141937301505486,1216.6692558499703,0.3611176802562151,0.008815588378956971,1230.811193151476,1.0,1
ds4,10,241.75,1,1,test,13.8350045458495,1261.9977969013985,2.4155578952487304,0.006681947253990813,1275.832801447248,1.0,1
ds4,10,242.25,1,1,test,13.438783429526096,1253.915647922715,0.5472853956108364,0.0023384442684301135,1267.354431352241,1.0,1
ds4,10,242.75,1,1,test,12.78527419530002,1235.8966222292047,1.8003603550015825,0.0023906107369009687,1248.6818964245047,1.0,1
ds4,10,243.25,1,1,test,13.269402686470313,1289.0402604550554,0.9768759493091017,0.0051356989520036775,1302.3096631415258,1.0,1
ds4,10,243.75,1,1,test,15.842498190329007,1193.3203512678922,0.6834013496995159,0.0072707236179548876,1209.1628494582212,1.0,1
ds4,10,244.25,1,1,test,15.25544198515217,1145.133319824205,0.42547860374103014,0.0031676658311016906,1160.3887618093572,1.0,1
ds4,10,244.75,1,1,test,25.055314898930007,1138.9968415562064,0.16956838215772904,0.000754871341540505,1164.0521564551364,1.0,1
ds4,10,245.25,1,1,test,52.21890485487778,1140.1876931310928,47.24359551270628,8.605020904310855e-05,1192.4065979859706,1.0,1
ds4,10,245.75,1,1,test,46.76938344107227,1104.3763467416038,9.529272471654142,4.6062052235502284e-07,1151.145730182676,1.0,1
ds4,10,246.25,1,1,test,10.725193300752979,1088.5462872569005,32.97121521465901,0.002519414278848042,1099.2714805576536,1.0,1
ds4,10,246.75,1,1,test,3.9170141917489287,1252.3527044925727,1.6371193138665459,0.00406325457366522,1256.2697186843216,1.0,1
ds4,10,247.25,1,1,test,3.1086320326085626,1181.8227254795931,52.37290438576376,0.0022142561217789597,1184.9313575122017,1.0,1
ds4,10,247.75,1,1,test,5.290100693824055,1163.3293893043574,5.898863210107448,0.0007515613697112426,1168.6194899981815,1.0,1
ds4,10,248.25,1,1,test,7.135285095638995,1046.700838071331,2.4300442932806363,0.00019935654075347402,1053.8361231669699,1.0,1
ds4,10,248.75,1,1,test,12.4852581066258,973.6138687680206,9.568894110775553,0.0015825747390571193,986.0991268746463,1.0,1
ds4,10,249.25,1,1,test,2.3187358865876,964.4577596046091,3.7420408012616218,0.0016840376302984996,966.7764954911967,1.0,1
ds4,10,249.75,1,1,test,1.1908552390913265,846.5150251488554,3.910257099239815,0.00429397146011135,847.7058803879468,1.0,1
ds4,10,250.25,1,1,test,1.13796094805951,837.1374201580006,10.375065783659087,0.004951212631422305,838.2753811060601,1.0,1
ds4,10,250.75,1,1,test,1.7757967463879432,783.334946065122,1.4459634121723635,0.00015114358977028284,785.11074281151,1.0,1
ds4,10,251.25,1,1,test,1.6807103071612404,695.3833236120252,4.085962197722889,0.004132504539582156,697.0640339191864,1.0,1
ds4,10,251.75,1,1,test,30.70921695421266,592.118246815657,173.84086007291222,6.863954192950683e-07,622.8274637698697,1.0,1
ds4,10,252.25,1,1,test,67.13518802543894,564.8994643145705,4693.916217743475,0.0015470034977819926,632.0346523400094,1.0,1
ds4,10,252.75,1,1,test,80.26058196067594,558.1029696552365,670.315899169994,0.0027525176716053663,638.3635516159125,1.0,1
ds4,10,253.25,1,1,test,58.4493746802408,479.82029940967266,254.02775124664095,0.0062038516350745735,538.2696740899135,1.0,1
ds4,10,253.75,1,1,test,22.226735797756586,557.3787749520045,96.0238694940527,0.0002522803703970406,579.605510749761,1.0,1
ds4,10,254.25,1,1,test,10.522657973038747,514.3830466370902,38.16431591354776,0.007135587644899944,524.9057046101289,1.0,1
ds4,10,254.75,1,1,test,5.517866381289803,297.3695994358935,71.88416052060873,0.00012042133468025397,302.88746581718334,1.0,1
ds4,10,255.25,1,1,test,5.26630220161984,308.0046835336246,54.087612736405966,0.002014190813621863,313.27098573524444,1.0,1
ds4,10,255.75,1,1,test,4.435334632214575,269.17492697893624,63.7367306063188,0.00031635862534035045,273.6102616111508,1.0,1
ds4,10,256.25,1,1,test,7.091414738912775,224.2601032485216,32.56271069720344,0.003635839979038367,231.35151798743436,1.0,1
ds4,10,256.75,1,1,test,10.125190977659265,331.13046749665,18.41781508910772,0.014719318736972704,341.25565847430926,1.0,1
ds4,10,257.25,1,1,test,18.360766495338638,264.60212645493766,367.21156444193497,0.007949497438644225,282.9628929502763,1.0,1
ds4,10,257.75,1,1,test,27.18150815423439,326.04905113820394,49.786073977325884,0.009082179108684016,353.23055929243833,1.0,1
ds4,10,258.25,1,1,test,11.724909979650866,264.2805205714264,84.29779649079666,0.0002551529109979138,276.00543055107727,1.0,1
ds4,10,258.75,1,1,test,14.331126548263816,363.931686948588,49.19555172513269,0.00040048500370166686,378.2628134968518,1.0,1
ds4,10,259.25,1,1,test,10.630953828108249,460.89851055975237,39.64292976296438,1.3773943680516283e-05,471.5294643878606,1.0,1
ds4,10,259.75,1,1,test,9.379090786281015,548.072125078977,28.47313532387391,0.00020522478412041579,557.4512158652581,1.0,1
ds4,10,260.25,1,1,test,9.260487446520782,678.6696682756931,18.43349988006407,0.0011838972992870213,687.9301557222138,1.0,1
ds4,10,260.75,1,1,test,5.787637769618276,740.3224703688351,21.77200606368209,6.770630334206313e-06,746.1101081384534,1.0,1
ds4,10,261.25,1,1,test,7.078569450107902,887.5754789152751,24.183754716956575,0.0005523630506973546,894.654048365383,1.0,1
ds4,10,261.75,1,1,test,6.734660145332245,771.13429736325,28.670620740572268,0.0005420018209016023,777.8689575085822,1.0,1
ds4,10,262.25,1,1,test,7.335721841297354,682.8532322164762,23.464228767509127,2.6282653212688285e-05,690.1889540577735,1.0,1
ds4,10,262.75,1,1,test,8.18800976635132,575.0289724292201,31.985241983605476,0.000492686318060394,583.2169821955714,1.0,1
ds4,10,263.25,1,1,test,6.20066081894937,560.9864002130387,19.31618238609159,0.0012514216396881767,567.187061031988,1.0,1
ds4,10,263.75,1,1,test,9.626950224560478,496.9696599342363,33.49247272417921,0.009448135843418255,506.59661015879675,1.0,1
ds4,10,264.25,1,1,test,8.221871916522959,483.5878883689131,13.231789406975405,0.0007074169505968694,491.8097602854361,1.0,1
ds4,10,264.75,1,1,test,8.483100921983354,435.9667555258999,29.77632369833063,2.440692002786286e-05,444.44985644788323,1.0,1
ds4,10,265.25,1,1,test,7.932428335732457,310.2230007513181,21.708461846620313,2.0184121993527505e-05,318.1554290870506,1.0,1
ds4,10,265.75,1,1,test,23.81926722456699,341.8664735648534,8.583097710608365,0.003367339851184578,365.6857407894204,1.0,1
ds4,10,266.25,1,1,test,10.034584306751448,298.29446478623356,21.19833665259327,0.01576316321970716,308.32904909298503,1.0,1
ds4,10,266.75,1,1,test,14.737909984567601,281.2599191638831,29.41105731444023,0.008512731251707456,295.9978291484507,1.0,1
ds4,10,267.25,1,1,test,11.452802060998176,204.4378810099457,30.80669691610064,0.00042658919168896744,215.89068307094388,1.0,1
ds4,10,267.75,1,1,test,10.53249412781308,141.09117720590788,17.956268648894188,0.0035584552075901233,151.62367133372095,1.0,1
ds4,10,268.25,1,1,test,12.729144574858456,216.587239902485,254.82557876410345,0.006774648083840986,229.31638447734346,1.0,1
ds4,10,268.75,1,1,test,12.436864628919356,201.45128012648843,19.730155250193658,0.006128608821129342,213.88814475540778,1.0,1
ds4,10,269.25,1,1,test,11.82883859347165,210.23912787693064,21.000387707983393,5.608001691135545e-06,222.0679664704023,1.0,1
ds4,10,269.75,1,1,test,11.65719840107497,217.86620150394666,17.10065848704041,0.003949356378813333,229.52339990502162,1.0,1
ds4,10,270.25,1,1,test,11.86204512297414,135.43218607595517,44.98175293359608,0.013168628505675586,147.2942311989293,1.0,1
ds4,10,270.75,1,1,test,13.141242326088015,165.82385798462937,25.118321388201338,0.0035513451689490614,178.9651003107174,1.0,1
ds4,10,271.25,1,1,test,17.636511143539224,91.23533903313992,39.64168906730536,5.00068819433308e-05,108.87185017667915,1.0,1
ds4,10,271.75,1,1,test,11.006342629400994,95.78765091521642,16.800586908904478,6.1039263532343e-05,106.79399354461741,1.0,1
ds4,10,272.25,1,1,test,9.789372225634319,92.27211262536485,21.821157474006377,3.27134301726124e-06,102.06148485099918,1.0,1
ds4,10,272.75,1,1,test,16.573049729423268,95.8223905625826,46.06026383935787,0.003446002241559768,112.39544029200587,1.0,1
ds4,10,273.25,1,1,test,10.351306996457241,83.41227115956892,21.737716228935156,0.00021211759104042984,93.76357815602616,1.0,1
ds4,10,273.75,1,1,test,9.47878391424752,93.40394578968703,34.672040421473085,0.0006549485134814756,102.88272970393454,1.0,1
ds4,10,274.25,1,1,test,9.897121035379529,39.499106335101274,16.973717289151605,0.0012041426933418317,49.3962273704808,0.99999999815836,0
ds4,10,274.75,1,1,test,10.037709123511789,36.7929574106274,15.365737919353904,1.8030660305199412e-05,46.83066653413919,0.9999999938485516,0
ds4,10,275.25,1,1,test,8.621439558170865,46.23164441501654,25.574388140300215,0.0001205903536830543,54.8530839731874,0.9999999998600563,0
ds4,10,275.75,1,1,test,8.591677415985895,55.17071484124915,15.082717746732179,0.0017697930511576824,63.76239225723505,0.9999999999979765,1
ds4,10,276.25,1,1,test,9.09343072516829,54.28962179212389,11.445707670498727,8.480241970475066e-05,63.38305251729218,0.999999999997575,1
ds4,10,276.75,1,1,test,8.06611980408513,48.36547193424934,20.010590171957737,0.000683538186010974,56.431591738334475,0.9999999999337761,0
ds4,10,277.25,1,1,test,17.268280953417733,52.13927925123888,6.868935032789086,0.002410757300471204,69.40756020465662,0.9999999999998639,1
ds4,10,277.75,1,1,test,6.580527306925712,47.794415771008616,19.1494296748323,0.00018774274973401082,54.374943077934326,0.9999999998244982,0
ds4,10,278.25,1,1,test,5.923480974885831,68.09428040333039,43.86096555433721,8.548966820381936e-05,74.01776137821622,0.9999999999999851,1
ds4,10,278.75,1,1,test,4.154577230136374,43.3870846277381,8.405852353219416,0.0016002413448094296,47.54166185787447,0.9999999955944924,0
ds4,10,279.25,1,1,test,4.143350575131101,67.57628895345619,15.41813586495356,6.018116250298694e-05,71.71963952858728,0.999999999999955,1
ds4,10,279.75,1,1,test,3.5467556010864394,50.97314974698924,12.750418698035915,0.0009433819220352143,54.51990534807568,0.9999999998361391,0
ds4,10,280.25,1,1,test,2.895763942816223,61.178547077520946,6.988810917509629,0.0029812320786314545,64.07431102033716,0.9999999999982564,1
ds4,10,280.75,1,1,test,4.332560625601037,83.65558873358337,4.977119748840121,0.00485736640708407,87.9881493591844,1.0,1
ds4,10,281.25,1,1,test,4.942722169806341,52.24012805757689,4.832013194868876,0.0032404706060154337,57.18285022738323,0.9999999999536341,0
ds4,10,281.75,1,1,test,1.8233786536025538,88.47271894447046,20.822288078130796,0.0006972650784593567,90.29609759807302,1.0,1
ds4,10,282.25,1,1,test,1.9980283555344156,64.12237951404508,9.33098489132401,0.002822273613734229,66.1204078695795,0.9999999999993439,1
ds4,10,282.75,1,1,test,17.079947244789558,107.70392679244596,6.594974825099212,0.0004225756465479979,124.7838740372355,1.0,1
ds4,10,283.25,1,1,test,2.669000883434798,64.20228301616861,133.54614985517054,9.033251483919001e-05,66.87128389960341,0.9999999999995417,1
ds4,10,283.75,1,1,test,0.9926940368538378,110.9565531169816,7.082489170470722,0.001144643807828215,111.94924715383543,1.0,1
ds4,10,284.25,1,1,test,1.5255909650666486,122.64372401562308,6.6962882791429905,0.0006202282109370976,124.16931498068973,1.0,1
ds4,10,284.75,1,1,test,0.5551472168706325,159.51834212447181,10.170244244020157,0.001048387798192843,160.07348934134245,1.0,1
ds4,10,285.25,1,1,test,1.7836981302639268,190.1188504905078,18.544030262659994,1.1483596797530162e-05,191.90254862077174,1.0,1
ds4,10,285.75,1,1,test,1.1890754183093422,210.04733964668458,15.62667981021253,0.0007400050879754754,211.2364150649939,1.0,1
ds4,10,286.25,1,1,test,2.2283624336838517,237.9950532960271,9.835073198577408,8.528572294124446e-05,240.22341572971095,1.0,1
ds4,10,286.75,1,1,test,2.0952229687203547,300.3697547906643,3.0620003322998546,0.0021280989353576903,302.4649777593846,1.0,1
ds4,10,287.25,1,1,test,0.12233748402011886,315.3920526687465,12.310619613315113,0.0003756016529985797,315.5143901527666,1.0,1
ds4,10,287.75,1,1,test,0.5524961772356491,344.68304304632846,4.030374943528622,0.0030634601734693284,345.2355392235641,1.0,1
ds4,10,288.25,1,1,test,1.230164622189238,401.8519590140692,16.295895420820894,0.000554819629074916,403.0821236362585,1.0,1
ds4,10,288.75,1,1,test,0.41073972678045884,480.6390514672911,6.000986998980486,0.002609490320229882,481.04979119407153,1.0,1
ds4,10,289.25,1,1,test,0.1419647241417528,482.5108711615344,2.2515318659931056,0.0033927085164938103,482.65283588567615,1.0,1
ds4,10,289.75,1,1,test,0.06458071918994186,588.2763515327393,1.572947178398815,0.0005379583214645029,588.3409322519293,1.0,1
ds4,10,290.25,1,1,test,0.0709271027118608,528.6848435862412,10.296055874205303,0.00032484746901396353,528.755770688953,1.0,1
ds4,10,290.75,1,1,test,0.06442825947872903,647.7811833466699,1.7257586158363754,6.416967374318132e-05,647.8456116061486,1.0,1
ds4,10,291.25,1,1,test,0.05473896740154803,740.9123937110458,0.9878046122231497,0.008001754944746291,740.9671326784473,1.0,1
ds4,10,291.75,1,1,test,12.13384596750742,743.5370065724591,3.202119262925984,0.002315846833285078,755.6708525399665,1.0,1
ds4,10,292.25,1,1,test,1.3213114323265374,836.2529052051625,1.5879561437860368,0.0033546900720669336,837.574216637489,1.0,1
ds4,10,292.75,1,1,test,0.996142550678472,814.2755417843812,0.3733068809412364,0.005064046659102865,815.2716843350596,1.0,1
ds4,10,293.25,1,1,test,1.017492105246897,840.3920926438748,1.1805475785505044,0.006771117076406974,841.4095847491217,1.0,1
ds4,10,293.75,1,1,test,0.8331420328063013,864.4308327959261,1.1177187197728948,0.0010789905647862453,865.2639748287324,1.0,1
ds4,10,294.25,1,1,test,1.5074011572702832,949.4028252025898,81.70136404954673,0.00035456877874572344,950.9102263598601,1.0,1
ds4,10,294.75,1,1,test,6.143374905351149,963.5545003399592,1.1721075497889875,0.0016453897844508228,969.6978752453103,1.0,1
ds4,10,295.25,1,1,test,1.2869052662680622,1125.3144423736146,1.6209428329688644,7.319051858708436e-05,1126.6013476398828,1.0,1
ds4,10,295.75,1,1,test,0.9067578396797465,1111.3264706771743,56.5134465772397,0.002499507328037337,1112.233228516854,1.0,1
ds4,10,296.25,1,1,test,0.19107197411792046,1199.2646981678054,1.3741824711825397,0.0009932922807127575,1199.4557701419233,1.0,1
ds4,10,296.75,1,1,test,1.0060494181835427,1238.044705369165,1.870192584299465,0.0015725017640058861,1239.0507547873485,1.0,1
ds4,10,297.25,1,1,test,4.127778541817336,1208.7414349058552,0.7742971816566344,0.005126551790033071,1212.8692134476726,1.0,1
ds4,10,297.75,1,1,test,1.5961683401749651,1254.7031390424602,0.7324847821443313,0.0042947512853375195,1256.299307382635,1.0,1
ds4,10,298.25,1,1,test,1.2007758465937104,1267.6244177296644,0.5817403190997325,0.0033349444454679323,1268.825193576258,1.0,1
ds4,10,298.75,1,1,test,0.46886783221840256,1298.6205945580516,0.6297735372714356,0.001695420034218597,1299.08946239027,1.0,1
ds4,10,299.25,1,1,test,0.20258713921226026,1407.9566623736048,48.72933082591907,0.004460618887104297,1408.159249512817,1.0,1
ds4,10,299.75,1,1,test,0.957527449828412,1480.806584451999,1.5355008030325483,0.0013831378449993556,1481.7641119018274,1.0,1
ds4,10,300.25,1,1,test,0.3666595006010644,1645.6270065636436,13.137975031346706,0.003666502520239999,1645.9936660642447,1.0,1
ds4,10,300.75,1,1,test,0.433151040905897,1581.4962238898427,2.1635627900031693,0.00886162896421215,1581.9293749307485,1.0,1
ds4,10,301.25,1,1,test,9.931092539370542,1776.8646633695437,5.411214863684814,0.0020892408330201603,1786.7957559089143,1.0,1
ds4,10,301.75,1,1,test,1.1936222626151491,1690.3013764770062,2.3612184594892067,0.00038857514569815374,1691.4949987396215,1.0,1
ds4,10,302.25,1,1,test,1.0556795710614384,1662.6895474554533,3.112593694247422,0.00010960730832168942,1663.7452270265148,1.0,1
ds4,10,302.75,1,1,test,1.1550295522365825,1722.7991121731116,6.835688652897774,0.0017793400622890692,1723.954141725348,1.0,1
ds4,10,303.25,1,1,test,0.6412565231580322,1764.8592762906446,2.8309462602637736,0.000472643143419927,1765.5005328138027,1.0,1
ds4,10,303.75,1,1,test,0.6926127903810062,1890.6226702763984,6.19896738057924,6.03219670875107e-06,1891.3152830667793,1.0,1
ds4,10,304.25,1,1,test,1.7442052660204603,1990.3568861254341,40.22262171250614,0.004526009763943616,1992.1010913914547,1.0,1
ds4,10,304.75,1,1,test,2.0817378012648056,1963.407609414875,11.808772858019427,0.00157542698538279,1965.4893472161398,1.0,1
ds4,10,305.25,1,1,test,0.08795174947139452,1755.4081987080942,4.6454955727711225,0.0005045045722036389,1755.4961504575656,1.0,1
ds4,10,305.75,1,1,test,2.2261358386563086,1789.5963591822297,2.6840311858259756,0.00035185869710395895,1791.822495020886,1.0,1
ds4,10,306.25,1,1,test,0.8632574875016438,1410.2871040269292,4.917969411703767,0.0023959207379429825,1411.1503615144309,1.0,1
ds4,10,306.75,1,1,test,1.499458569595925,1333.7044956894324,3.097798509643309,0.0038107973493211396,1335.2039542590283,1.0,1
ds4,10,307.25,1,1,test,0.13718587404565408,1308.406389209421,17.024291758064912,7.226469904921395e-05,1308.5435750834665,1.0,1
ds4,10,307.75,1,1,test,1.3835919723780257,1106.7896327391027,13.410409793777642,0.0003231780224332868,1108.1732247114808,1.0,1
ds4,10,308.25,1,1,test,0.09664675602607906,1220.694833932072,9.489258333144562,0.0037774506981320013,1220.791480688098,1.0,1
ds4,10,308.75,1,1,test,1.6278574633974527,1127.4340560883818,3.8314022848109817,0.001561985012004818,1129.0619135517793,1.0,1
ds4,10,309.25,1,1,test,1.0616988465045303,1092.9471945614735,3.527091805771671,0.004824955008015618,1094.008893407978,1.0,1
ds4,10,309.75,1,1,test,2.6956590460407788,1210.1079235854231,1.6577206211993032,0.002951361588419513,1212.803582631464,1.0,1
ds4,10,310.25,1,1,test,0.8437782465163021,1286.7447548293944,2.945572190322223,0.0016959283497654308,1287.5885330759106,1.0,1
ds4,10,310.75,1,1,test,0.658386451682254,1305.9870103714077,39.59820036044032,0.0012493236389956393,1306.6453968230899,1.0,1
ds4,10,311.25,1,1,test,2.7166215216988108,1317.8716770964552,6.238322178785434,0.0028428098457045406,1320.5882986181539,1.0,1
ds4,10,311.75,1,1,test,3.3050647832915123,993.8739994737521,8.217251750414903,0.0021635375750012915,997.1790642570436,1.0,1
ds4,10,312.25,1,1,test,1.7086145352144304,945.8165913564623,1.541268222266568,0.0021154183701730385,947.5252058916767,1.0,1
ds4,10,312.75,1,1,test,19.874855904653373,1078.4198971188193,4.942406418428174,0.0006289403628229242,1098.2947530234728,1.0,1
ds4,10,313.25,1,1,test,1.2172041049645328,1107.3101191809762,1.594903936256307,0.00028336584187757,1108.5273232859408,1.0,1
ds4,10,313.75,1,1,test,1.613649401899051,1044.3436928464134,1.5194908325257017,0.0009450222000090719,1045.9573422483124,1.0,1
ds4,10,314.25,1,1,test,0.2775785259190319,935.3307089391591,1.5317389094821936,0.0013171743311626064,935.6082874650781,1.0,1
ds4,10,314.75,1,1,test,0.9386824100433946,734.2519834681024,4.39332728316627,0.0002295331378272179,735.1906658781458,1.0,1
ds4,10,315.25,1,1,test,0.5523315105192577,741.9043357288035,2.4033728156044414,0.0003713888671148808,742.4566672393228,1.0,1
ds4,10,315.75,1,1,test,0.2801216252906216,665.0921971009873,4.044239732902917,0.0015587762283259996,665.3723187262779,1.0,1
ds4,10,316.25,1,1,test,0.4964428760107747,555.3942970557043,2.8119432679566816,0.006630456136319187,555.8907399317151,1.0,1
ds4,10,316.75,1,1,test,3.8477524661751152,494.3413895913841,9.700424101248492,0.00034892570286448486,498.1891420575592,1.0,1
ds4,10,317.25,1,1,test,1.5303008872771118,470.32253631934435,4.182472293023706,1.1018319932333764e-05,471.8528372066215,1.0,1
ds4,10,317.75,1,1,test,1.9772601645019603,445.15064725234976,2.30202068197615,0.00789277332811156,447.1279074168517,1.0,1
ds4,10,318.25,1,1,test,1.2157324508775917,370.5652423994193,2.4887240659213306,0.0029363335605889695,371.78097485029684,1.0,1
ds4,10,318.75,1,1,test,2.5583102538911398,336.42396694344467,1.9108003746647364,0.0007814419119467516,338.9822771973358,1.0,1
ds4,10,319.25,1,1,test,5.560008141466138,317.3140932740223,1.4510433310730686,0.0024438369302531,322.87410141548844,1.0,1
ds4,10,319.75,1,1,test,3.189817348362058,279.4928249416485,0.7892391818041904,0.0075563576626761515,282.68264229001056,1.0,1
ds4,10,320.25,1,1,test,2.629539753171291,243.94982159176558,3.0152911623672174,0.00010139268202272872,246.57936134493687,1.0,1
ds4,10,320.75,1,1,test,2.3348391404245925,277.06187429614306,0.35261793601501695,0.003667101638595856,279.39671343656767,1.0,1
ds4,10,321.25,1,1,test,2.852676306741042,258.5583793983287,4.058162836951147,0.0026514401445150047,261.41105570506977,1.0,1
ds4,10,321.75,1,1,test,3.1206019573893617,205.6738953001951,0.4164686685468747,0.0015179647201666964,208.79449725758448,1.0,1
ds4,10,322.25,1,1,test,2.8283198911340084,216.45872326907312,13.812853322800436,0.0021645851166652583,219.28704316020713,1.0,1
ds4,10,322.75,1,1,test,2.088166294055049,209.72929761469032,61.26658541405918,3.682377571045272e-05,211.81746390874537,1.0,1
ds4,10,323.25,1,1,test,2.807586449645279,208.11510855495405,2.487986259679789,0.0014386298922585683,210.92269500459932,1.0,1
ds4,10,323.75,1,1,test,6.319147658832784,190.55663334935574,1.500825734432118,0.0004587170468933345,196.8757810081885,1.0,1
ds4,10,324.25,1,1,test,1.876586759898184,151.70383781722447,2.1650479002379033,0.00017056934949947819,153.58042457712264,1.0,1
ds4,10,324.75,1,1,test,1.641905096396547,159.5051512980002,1.8338160140889495,0.0003326044613062418,161.14705639439674,1.0,1
ds4,10,325.25,1,1,test,0.5084461542394384,195.12517835181217,4.065546106525739,0.005891087249481884,195.6336245060516,1.0,1
ds4,10,325.75,1,1,test,0.5539677876334848,180.10342092562897,1.7724061780814633,1.974707901605527e-06,180.65738871326246,1.0,1
ds4,10,326.25,1,1,test,0.9213219009556473,176.2776235350285,2.06755549306543,0.0020030236138214824,177.19894543598417,1.0,1
ds4,10,326.75,1,1,test,0.833334995582466,183.44094172975238,0.8906155444380128,0.0010365670535698497,184.27427672533486,1.0,1
ds4,10,327.25,1,1,test,0.9709994484213851,185.72059045790792,4.499547223516094,6.068845484822887e-07,186.6915899063293,1.0,1
ds4,10,327.75,1,1,test,1.7610223419915505,188.08317675516733,4.012139177213262,1.6762181516537718e-06,189.84419909715888,1.0,1
ds4,10,328.25,1,1,test,2.3734990790628037,173.85964818658937,38.5713577225352,4.0107406403324636e-05,176.23314726565218,1.0,1
ds4,10,328.75,1,1,test,1.1229134209000193,149.57625869885587,5.1420464187521455,0.00024244331139794346,150.69917211975587,1.0,1
ds4,10,329.25,1,1,test,0.12195430630770647,133.76925480878677,1.221068714967257,0.003103083018981708,133.89120911509448,1.0,1
ds4,10,329.75,1,1,test,14.869279049523794,171.58705235896394,1.6119924910192258,0.0002430038501472736,186.45633140848773,1.0,1
ds4,10,330.25,1,1,test,1.093201108001811,135.0871022577079,8.686220233485232,0.000559138797667585,136.1803033657097,1.0,1
ds4,10,330.75,1,1,test,6.053789742355241,158.531218821062,2.9650513256189237,1.3101249635926868e-05,164.58500856341723,1.0,1
ds4,10,331.25,1,1,test,0.6444088011882844,166.8486140988282,1.8053009649358138,0.0007366671553119834,167.49302290001648,1.0,1
ds4,10,331.75,1,1,test,0.31992314590158205,176.1662691029545,8.72974711413313,0.00036530619606606765,176.48619224885607,1.0,1
ds4,10,332.25,1,1,test,0.006050485111379577,122.0892845899896,6.789991480631482,0.001143918632467918,122.09533507510098,1.0,1
ds4,10,332.75,1,1,test,1.0471283804971323,163.85573957504366,6.01049845034036,0.001637766994706795,164.90286795554078,1.0,1
ds4,10,333.25,1,1,test,0.46198793563700513,134.41476863374962,1.7023410743617968,0.00011806992432088289,134.87675656938663,1.0,1
ds4,10,333.75,1,1,test,0.3495753130232061,163.62079141417652,327.9629734948074,0.0023741894642368808,163.97036672719972,1.0,1
ds4,10,334.25,1,1,test,0.6937833243344329,150.65582008888873,2.0265380356292044,0.0013116519814136368,151.34960341322318,1.0,1
ds4,10,334.75,1,1,test,0.2592614436318339,154.07285255591512,11.181975979903346,0.0003301978702916719,154.33211399954695,1.0,1
ds4,10,335.25,1,1,test,5.518236460923129,187.34908011273876,4.341816144687815,0.000563471730346742,192.8673165736619,1.0,1
ds4,10,335.75,1,1,test,1.1222240511322177,172.6989308520728,2.6154396263362294,0.0018248268535249919,173.821154903205,1.0,1
ds4,10,336.25,1,1,test,1.3610327384381535,146.92659936425113,3.565041994931551,0.0010675940666057895,148.2876321026893,1.0,1
ds4,10,336.75,1,1,test,16.56822567947144,195.28227523043134,6.449726071599542,0.005719422160418974,211.8505009099028,1.0,1
ds4,10,337.25,1,1,test,2.4279142790886192,209.8556838195227,1.889885883444502,0.0009266732025211765,212.28359809861132,1.0,1
ds4,10,337.75,1,1,test,0.7687041030448342,178.05361893151118,1.9733046578824924,0.0003396714145585684,178.822323034556,1.0,1
ds4,10,338.25,1,1,test,4.474180253918182,189.38901676362553,1.5814256817538814,0.0015332578091115658,193.8631970175437,1.0,1
ds4,10,338.75,1,1,test,2.874368138682423,205.45509076536712,17.472955683595305,5.629913439603608e-05,208.32945890404955,1.0,1
ds4,10,339.25,1,1,test,1.7917314532092574,205.37299404706576,1.4917825865711003,0.003379913549320644,207.164725500275,1.0,1
ds4,10,339.75,1,1,test,4.24290579459531,206.3042109396346,1.2765048468988849,0.00699887917071642,210.54711673422992,1.0,1
ds4,10,340.25,1,1,test,3.1403543622998913,194.76484360073601,1.276908550624885,0.0004914227728383231,197.9051979630359,1.0,1
ds4,10,340.75,1,1,test,11.971633124848696,222.3435964288318,8.436120518875946,0.0006703908575016957,234.3152295536805,1.0,1
ds4,10,341.25,1,1,test,10.923224602949873,249.3377899961662,3.2582915611237624,0.0001463250458165551,260.2610145991161,1.0,1
ds4,10,341.75,1,1,test,0.5454716340650303,232.75520001849196,3.3730783040202095,0.000446027434831036,233.30067165255699,1.0,1
ds4,10,342.25,1,1,test,5.131071581843399,275.35067498748083,230.78454987924496,0.0009425117229296804,280.48174656932423,1.0,1
ds4,10,342.75,1,1,test,7.0048446874962975,283.05094336158015,23.19626239488504,0.0002978234122391409,290.05578804907645,1.0,1
ds4,10,343.25,1,1,test,0.5949402880969503,242.18062726761113,21.120622094883917,0.0010053721062854674,242.77556755570808,1.0,1
ds4,10,343.75,1,1,test,0.16949552682506341,291.3297969021134,9.710492695391036,0.0034832152770073194,291.4992924289385,1.0,1
ds4,10,344.25,1,1,test,1.8745259257325377,184.60699947185785,14.032569169586942,0.00364551054290732,186.4815253975904,1.0,1
ds4,10,344.75,1,1,test,0.08075395698551319,219.94715573006224,6.86685037173968,0.0025929134913860127,220.02790968704775,1.0,1
ds4,10,345.25,1,1,test,0.25016196130508817,252.7565011197306,3.849017670774989,0.0026568064516197623,253.00666308103567,1.0,1
ds4,10,345.75,1,1,test,0.055081810506163044,193.4996554893119,2.387566935373053,0.002390441219919461,193.55473729981804,1.0,1
ds4,10,346.25,1,1,test,3.5967164191079495,201.21399163975713,6.55425492930961,0.0008020851797002771,204.8107080588651,1.0,1
ds4,10,346.75,1,1,test,3.957733328670334,216.06507640383856,2.762999476894047,0.0027344191771713072,220.0228097325089,1.0,1
ds4,10,347.25,1,1,test,0.7710212196913907,183.0619697495538,3.981159449079104,0.0014069493069256368,183.8329909692452,1.0,1
ds4,10,347.75,1,1,test,0.7999120437151681,221.43380699408,2.4050924882408915,0.0005377193611355111,222.23371903779517,1.0,1
ds4,10,348.25,1,1,test,0.3598940211105907,179.25679923300166,3.2292143563565534,7.410499762442084e-07,179.61669325411225,1.0,1
ds4,10,348.75,1,1,test,2.015887764208356,180.28048993326578,15.991794335424936,4.233078830125506e-07,182.29637769747413,1.0,1
ds4,10,349.25,1,1,test,1.3787296634938409,234.41223651559102,7.7388088960623955,5.574737102793307e-05,235.79096617908485,1.0,1
ds4,10,349.75,1,1,test,0.08917383466486811,235.53041630097766,4.7568556138248566,0.0014448203414059724,235.61959013564254,1.0,1
ds4,10,350.25,1,1,test,0.20822972254054134,205.36846777344186,174.73542185093459,0.0022425392790923634,205.57669749598242,1.0,1
ds4,10,350.75,1,1,test,40.32797655259731,177.85237049683644,8.775002556511895,0.002591416843534749,218.18034704943375,1.0,1
ds4,10,351.25,1,1,test,10.287386633241043,135.1833814552181,42.20324504323465,0.003149108278741488,145.47076808845915,1.0,1
ds4,10,351.75,1,1,test,1.5778517081874062,178.8100080458568,28.096204115758642,0.0007989436659550764,180.3878597540442,1.0,1
ds4,10,352.25,1,1,test,1.6616078236754948,182.09589818657346,6.451165539370493,0.00010095592635841848,183.75750601024896,1.0,1
ds4,10,352.75,1,1,test,0.7003497519611595,204.31199678472876,4.65268092970965,8.883049683330431e-07,205.01234653668993,1.0,1
ds4,10,353.25,1,1,test,0.7591445712116452,232.89762397274134,8.413991923169428,0.0014473833813585125,233.65676854395298,1.0,1
ds4,10,353.75,1,1,test,0.5920384868358763,240.80293502056725,7.548621927371253,0.00027192672587661096,241.39497350740314,1.0,1
ds4,10,354.25,1,1,test,1.1633075416580638,251.44865018637284,14.434311273873554,0.00025113073806664796,252.61195772803092,1.0,1
ds4,10,354.75,1,1,test,0.588837014696462,209.95197842528634,4.411702948703496,0.0010353598314966578,210.5408154399828,1.0,1
ds4,10,355.25,1,1,test,0.34356859534693146,216.28727740402982,2.576713839662702,0.003282859113429219,216.63084599937676,1.0,1
ds4,10,355.75,1,1,test,1.2991292603896456,258.98878832466204,12.367096171226592,7.881055162652667e-05,260.2879175850517,1.0,1
ds4,10,356.25,1,1,test,0.9742673676481806,285.30641072350124,1.9026375930535009,1.7475241441065586e-07,286.2806780911494,1.0,1
ds4,10,356.75,1,1,test,1.2456557071266892,295.730963456109,2.763892208022534,0.003098008001492855,296.9766191632357,1.0,1
ds4,10,357.25,1,1,test,0.025693190900645792,316.97632815923316,4.431230265244163,6.961043109894076e-05,317.0020213501338,1.0,1
ds4,10,357.75,1,1,test,0.4514845686694314,288.3132083711093,12.154998832663209,0.00794665936815091,288.76469293977874,1.0,1
ds4,10,358.25,1,1,test,0.1908558314062311,227.8885593123767,11.258524473250283,0.004188300309630348,228.07941514378294,1.0,1
ds4,10,358.75,1,1,test,0.707809746912614,215.62796483620244,3.6392783372097606,0.004680831128634914,216.33577458311504,1.0,1
ds4,10,359.25,1,1,test,0.15238304864019336,234.87931736563138,8.065978985864724,0.00471277618559257,235.03170041427157,1.0,1
ds4,10,359.75,1,1,test,0.07685641536935778,307.6721494699366,4.066932113914449,0.005090572477039098,307.74900588530596,1.0,1
ds4,10,360.25,1,1,test,0.4465163341464945,295.8175524039114,1.669892673886529,7.038846232141312e-05,296.2640687380579,1.0,1
ds4,10,360.75,1,1,test,0.21677788038591236,279.2973140399566,1.3480718344609073,0.0006986861660506762,279.5140919203425,1.0,1
ds4,10,361.25,1,1,test,0.014467252084051503,293.1778484880031,2.0149272180382973,0.0005097055273443101,293.19231574008717,1.0,1
ds4,10,361.75,1,1,test,0.13264092085210122,310.3708106856616,1.3102570641939157,0.000695086791700273,310.5034516065137,1.0,1
ds4,10,362.25,1,1,test,0.29893306895730587,350.3411953018605,2.1757647732634835,0.0007344873482089822,350.6401283708178,1.0,1
ds4,10,362.75,1,1,test,0.3537195028030233,383.6632723766838,5.327151203093518,1.3988250131756154e-05,384.0169918794868,1.0,1
ds4,10,363.25,1,1,test,3.073591895971501,533.7486589629885,44.928189313564545,0.006469469731591507,536.82225085896,1.0,1
ds4,10,363.75,1,1,test,4.551480765217166,695.2317630990427,1.7510726101576302,0.00024760293100785233,699.7832438642599,1.0,1
ds4,10,364.25,1,1,test,0.0483640037822345,674.9191040166116,2.7324319767278706,0.00034295205104063005,674.9674680203939,1.0,1
ds4,10,364.75,1,1,test,1.3341577991621902,664.7444200443714,5.529885586037738,0.0012225231750004728,666.0785778435336,1.0,1
ds4,10,365.25,1,1,test,0.48480822539700974,539.4091235513392,2.173819869573148,0.001120984621989758,539.8939317767363,1.0,1
ds4,10,365.75,1,1,test,0.11406225088986321,367.46894951313476,50.11538618253072,0.0010410472203742785,367.5830117640246,1.0,1
ds4,10,366.25,1,1,test,0.1297692997397992,335.74335734357845,3.7360321683473265,0.0022267621015636977,335.87312664331824,1.0,1
ds4,10,366.75,1,1,test,0.5801173835125087,236.00630233483818,4.9853036592730104,0.00030322759157663554,236.5864197183507,1.0,1
ds4,10,367.25,1,1,test,0.41945509178754875,176.42058774600082,34.72522981233398,0.00032117539052202014,176.84004283778836,1.0,1
ds4,10,367.75,1,1,test,5.326089891918995,204.63491216100022,1.9866502588653951,0.0010326841727891546,209.9610020529192,1.0,1
ds4,10,368.25,1,1,test,0.5969126700350509,233.67412481412603,3.1248220512418317,5.9628686906558346e-06,234.27103748416107,1.0,1
ds4,10,368.75,1,1,test,2.906836881660268,184.09232577854237,6.7442419887043235,0.001009228555411694,186.99916266020264,1.0,1
ds4,10,369.25,1,1,test,0.7116914590990479,154.54835126450234,7.156529396807061,0.0019499890488436965,155.2600427236014,1.0,1
ds4,10,369.75,1,1,test,1.2865749972441567,204.8216470240864,7.0616484857441195,0.003562359509718727,206.10822202133053,1.0,1
ds4,10,370.25,1,1,test,2.1275815118657717,187.48596111700198,5.886526139418834,0.00031312971672928024,189.61354262886775,1.0,1
ds4,10,370.75,1,1,test,3.2579092310115985,164.00255982542657,30.43585044450199,3.0840732880201184e-05,167.26046905643818,1.0,1
ds4,10,371.25,1,1,test,1.6462963732486315,191.09768028169827,3.46493036022949,6.388233808078818e-07,192.7439766549469,1.0,1
ds4,10,371.75,1,1,test,1.3218116813455076,224.84863130882985,1.6963189689530167,0.00024049909311821323,226.17044299017536,1.0,1
ds4,10,372.25,1,1,test,1.4245859515295356,254.1522336134476,1.650157293527542,0.0001048679479141056,255.57681956497714,1.0,1
ds4,10,372.75,1,1,test,1.4880689166989776,338.6571166420929,1.4695032636501943,0.0004154431375247816,340.14518555879187,1.0,1
ds4,10,373.25,1,1,test,1.415709312220759,213.57618936176158,2.674487979114585,0.0020628532153675358,214.99189867398235,1.0,1
ds4,10,373.75,1,1,test,5.6232744516898965,249.68237943670644,17.63822763061307,0.0007423949510727627,255.30565388839634,1.0,1
ds4,10,374.25,1,1,test,2.8904640563506225,265.7794472426964,2.693256707479392,0.00431995164057259,268.669911299047,1.0,1
ds4,10,374.75,1,1,test,1.4132035197868917,413.9061456806205,3.177562428587062,0.0041110033711061235,415.31934920040743,1.0,1
ds4,10,375.25,1,1,test,2.433714986088165,519.3418738705215,266.98962817579525,0.0026106074336592175,521.7755888566096,1.0,1
ds4,10,375.75,1,1,test,0.09208961069117119,433.19371093830716,2.997321562984546,0.0010068960697873267,433.28580054899834,1.0,1
ds4,10,376.25,1,1,test,0.2657204222016568,506.9826758980163,6.175594448796719,0.003951620641710436,507.2483963202179,1.0,1
ds4,10,376.75,1,1,test,0.8788932102283046,630.5436552608137,22.30785100412125,0.001965117396704803,631.422548471042,1.0,1
ds4,10,377.25,1,1,test,2.7187325098389814,488.8201170355366,123.21531026512393,0.0003102452455195149,491.53884954537557,1.0,1
ds4,10,377.75,1,1,test,0.4368579121338706,505.8699207626919,10.293425180568944,0.0003028678889019872,506.30677867482575,1.0,1
ds4,10,378.25,1,1,test,1.6180661777692302,369.4996598724739,24.034471127081748,0.0005427955477270918,371.1177260502431,1.0,1
ds4,10,378.75,1,1,test,8.53881568405336,388.2732915428404,7.962705888414701,0.0002995486444236676,396.8121072268938,1.0,1
ds4,10,379.25,1,1,test,2.6315903203022457,350.93430219295,6.283661506376006,0.0023827491785042188,353.5658925132522,1.0,1
ds4,10,379.75,1,1,test,2.224649761060953,340.4352102886743,6.967624063825938,0.0036056170094014755,342.65986004973524,1.0,1
ds4,10,380.25,1,1,test,4.909886780456756,334.37579053932865,7.041918000180484,6.3514853777028585e-06,339.2856773197854,1.0,1
ds4,10,380.75,1,1,test,3.787300507116478,230.49557344698604,23.12057822922496,8.527958760902026e-05,234.2828739541025,1.0,1
ds4,10,381.25,1,1,test,4.291080032698936,214.07365608527,19.809196019309542,0.0002866349836548096,218.36473611796893,1.0,1
ds4,10,381.75,1,1,test,3.2411304938748073,283.4363095522041,7.474299617028611,0.0001599319786928683,286.6774400460789,1.0,1
ds4,10,382.25,1,1,test,3.329179575764817,310.87412500464745,12.339676482177666,0.004390555975259713,314.2033045804123,1.0,1
ds4,10,382.75,1,1,test,2.8745911523125907,287.30551094792696,12.200388927674409,0.00018821423789033707,290.18010210023954,1.0,1
ds4,10,383.25,1,1,test,2.7837028254895193,187.10644555243903,5.233449482124322,4.227346860094995e-05,189.89014837792854,1.0,1
ds4,10,383.75,1,1,test,2.8331147707738564,243.62831957973472,4.2723629996404,0.0007114223358411837,246.46143435050857,1.0,1
ds4,10,384.25,1,1,test,3.1958149943374408,251.14653357693368,3.491769436143812,0.003195844015038999,254.34234857127112,1.0,1
ds4,10,384.75,1,1,test,6.668492029518051,225.306908623048,4.2501385228685065,0.0058214689159205016,231.97540065256607,1.0,1
ds4,10,385.25,1,1,test,1.830159709863886,196.9878433108465,8.005138236980693,0.001149976971573632,198.8180030207104,1.0,1
ds4,10,385.75,1,1,test,3.4799862782486377,162.5697138392277,5.349275244490977,0.005178547257087233,166.04970011747633,1.0,1
ds4,10,386.25,1,1,test,4.68853953713726,254.67840099122773,4.590765342127769,0.0009418668725223599,259.366940528365,1.0,1
ds4,10,386.75,1,1,test,6.901059861778668,228.04669904929605,5.3274952045100035,1.385571046829974e-05,234.94775891107471,1.0,1
ds4,10,387.25,1,1,test,0.8047844411105527,220.88110358891862,6.665447807205617,9.705643282968147e-05,221.68588803002916,1.0,1
ds4,10,387.75,1,1,test,3.4373777295958576,212.39617030404779,2.8810990667285754,0.00021528146512006302,215.83354803364364,1.0,1
ds4,10,388.25,1,1,test,1.9997558612887327,179.13687425257174,1.8526565409010762,0.0024843788664881475,181.13663011386046,1.0,1
ds4,10,388.75,1,1,test,2.0865349186052207,210.81429315389897,1.6956431220892103,0.0005721727122718946,212.9008280725042,1.0,1
ds4,10,389.25,1,1,test,7.427906577068827,223.91343543572353,3.1422613087812667,0.0010445067182405037,231.34134201279235,1.0,1
ds4,10,389.75,1,1,test,2.228786082414015,238.4123032435226,1.5057241240972883,0.00013843594196081757,240.6410893259366,1.0,1
ds4,10,390.25,1,1,test,0.8213873513171194,233.09827774726108,14.617344190453245,0.0010470116327259782,233.9196650985782,1.0,1
ds4,10,390.75,1,1,test,0.8503165964758411,267.4323399751901,2.871758336014481,0.00019277429497323819,268.28265657166594,1.0,1
ds4,10,391.25,1,1,test,3.3890966007746317,319.1911222223206,6.45223878022959,0.004790600319179901,322.5802188230952,1.0,1
ds4,10,391.75,1,1,test,1.9744225656709764,325.699955122662,76.45986606769691,0.005608326292956044,327.674377688333,1.0,1
ds4,10,392.25,1,1,test,1.2954066867934306,319.16260150715465,5.5272724861909825,3.5843195914200284e-05,320.4580081939481,1.0,1
ds4,10,392.75,1,1,test,1.445646497219637,253.91809878442024,3.652455133579844,0.001152640125133351,255.36374528163986,1.0,1
ds4,10,393.25,1,1,test,0.908150802130874,304.76278813866793,3.5733874671846544,0.002069108186864085,305.6709389407988,1.0,1
ds4,10,393.75,1,1,test,0.5556341376023824,414.23047321807286,15.63189625814452,0.0027702650738855826,414.78610735567526,1.0,1
ds4,10,394.25,1,1,test,0.5468259439694598,501.9934330090816,4.161580160907638,0.0006955252340939191,502.5402589530511,1.0,1
ds4,10,394.75,1,1,test,1.333759780020417,427.78545114356626,1.1883390413272819,0.001672728678958715,429.1192109235867,1.0,1
ds4,10,395.25,1,1,test,0.955194711481138,445.0219041014182,43.59919061584067,0.004171059926095332,445.9770988128993,1.0,1
ds4,10,395.75,1,1,test,8.035458825583351,309.50873328562085,46.67939556333581,0.00996595992398192,317.5441921112042,1.0,1
ds4,10,396.25,1,1,test,2.123965020468132,317.00329852071184,13.42294007907465,0.0011137063536147036,319.12726354117996,1.0,1
ds4,10,396.75,1,1,test,2.0936960867881513,306.4198622070455,10.61503337170379,0.00012882165459757086,308.5135582938337,1.0,1
ds4,10,397.25,1,1,test,2.6325880164591124,285.19554865352274,3.2413466125101733,0.0019262873600274137,287.82813666998186,1.0,1
ds4,10,397.75,1,1,test,4.147379448536905,367.15054490350974,4.486071021709456,0.00027592044138342485,371.29792435204666,1.0,1
ds4,10,398.25,1,1,test,1.7951156306264593,322.3493073591078,2.0047520168472066,0.0005599825584303251,324.14442298973427,1.0,1
ds4,10,398.75,1,1,test,6.463118175802939,283.3775510236382,1.6833271536620147,0.0006849221938536944,289.84066919944115,1.0,1
ds4,10,399.25,1,1,test,5.549802834186673,332.7127335033485,3.7552072265925682,0.00246109337856114,338.26253633753515,1.0,1
ds4,10,399.75,1,1,test,0.10435261530283724,297.514337889287,4.5660806306255735,0.0014751165726778943,297.61869050458984,1.0,1
ds4,10,400.25,1,1,test,1.2919555468789443,311.61694602710037,3.970268228134942,0.0025563123840590964,312.90890157397934,1.0,1
ds4,10,400.75,1,1,test,0.43678124758434006,392.97292421776615,2.590036954180925,0.00012367444557966745,393.4097054653505,1.0,1
ds4,10,401.25,1,1,test,2.631134742405861,332.24723598711483,3.3981668671084377,0.0042055819045194905,334.87837072952067,1.0,1
ds4,10,401.75,1,1,test,0.6682559237551137,292.5475326678587,1.6473842870383089,0.0008475219148138437,293.21578859161383,1.0,1
ds4,10,402.25,1,1,test,2.0925392674394088,280.85285409581536,1.2112125099614939,0.0029944808751955253,282.94539336325477,1.0,1
ds4,10,402.75,1,1,test,0.06065578645476235,312.49956743398894,1.5251153442348004,0.0005143736217359227,312.56022322044373,1.0,1
ds4,10,403.25,1,1,test,2.07296229401462,271.193729042579,8.662552904492197,0.0010694198349258748,273.2666913365936,1.0,1
ds4,10,403.75,1,1,test,1.397839347877756,447.15078044833507,3.457472844434517,0.00012403165141691298,448.54861979621285,1.0,1
ds4,10,404.25,1,1,test,1.8098821666267753,423.3100760922483,3.174775152956989,4.705634431264041e-06,425.1199582588751,1.0,1
ds4,10,404.75,1,1,test,0.05340388475603991,314.08875083163224,5.889827664857173,0.002734708114763768,314.1421547163883,1.0,1
ds4,10,405.25,1,1,test,0.9521995956190025,306.1718539045217,149.28378959098262,0.0020742544705120844,307.1240535001407,1.0,1
ds4,10,405.75,1,1,test,1.2008309475347851,330.86898328154246,2.7434889271313727,0.0002486664596606181,332.0698142290772,1.0,1
ds4,10,406.25,1,1,test,0.08318503879128085,474.4838289039688,7.353547620565805,0.0036187707605100723,474.56701394276007,1.0,1
ds4,10,406.75,1,1,test,0.04349232562524273,543.9550106747062,5.824061349896475,0.003658202602337389,543.9985030003314,1.0,1
ds4,10,407.25,1,1,test,0.9203000645235286,595.3068643646554,17.56857591029363,0.0036326466339797396,596.227164429179,1.0,1
ds4,10,407.75,1,1,test,0.0698822814353155,597.3072219522377,24.061071977104266,0.004423130707584029,597.377104233673,1.0,1
ds4,10,408.25,1,1,test,0.08637208887471845,666.4603968712131,8.529392458672179,0.004200705762026071,666.5467689600878,1.0,1
ds4,10,408.75,1,1,test,0.0714762551661568,612.4605372156018,9.145648303814644,0.0011225936735420373,612.532013470768,1.0,1
ds4,10,409.25,1,1,test,0.00020904717384126207,666.471555619127,5.095920371961237,0.001277770484179217,666.4717646663008,1.0,1
ds4,10,409.75,1,1,test,0.08387527960609166,828.1178719282887,6.089960139350946,0.00012791913613463624,828.2017472078948,1.0,1
ds4,10,410.25,1,1,test,1.4717518350291203,691.3936610033963,7.425175667152101,0.0009492324525921165,692.8654128384254,1.0,1
ds4,10,410.75,1,1,test,1.208371279343863,482.43179003885865,4.795892643104523,0.0040898331204142,483.6401613182025,1.0,1
ds4,10,411.25,1,1,test,2.4862341072327485,310.723187337642,6.51134520057473,0.009393978557034756,313.20942144487475,1.0,1
ds4,10,411.75,1,1,test,0.53944026033421,361.0416052520619,2.727084879005994,0.001372154903053459,361.58104551239614,1.0,1
ds4,10,412.25,1,1,test,2.297054190869347,329.26191901807226,6.497131300619105,0.000512624872712681,331.5589732089416,1.0,1
ds4,10,412.75,1,1,test,0.10623861499344253,318.43956957440065,2.8979309085671288,0.006298800177732694,318.5458081893941,1.0,1
ds4,10,413.25,1,1,test,0.7042668299536153,244.110700135257,22.166620998454572,1.833524781424875e-05,244.8149669652106,1.0,1
ds4,10,413.75,1,1,test,0.12495788109768324,283.80544535304904,2.6498552808401277,0.0005590454822220393,283.9304032341467,1.0,1
ds4,10,414.25,1,1,test,3.0930030132805335,267.0882455531175,4.45098431286439,9.559159358152226e-05,270.181248566398,1.0,1
ds4,10,414.75,1,1,test,0.7352367618339257,228.61130171637842,7.295972369556236,0.0016990960647236494,229.34653847821235,1.0,1
ds4,10,415.25,1,1,test,3.0413662783624327,265.002183663916,1.5888208623875102,0.0009875027321601946,268.04354994227845,1.0,1
ds4,10,415.75,1,1,test,0.23518308609288557,210.11812490265046,5.265703166333249,7.182686644008898e-07,210.35330798874335,1.0,1
ds4,10,416.25,1,1,test,0.9040230285097283,281.44297176599036,2.7602544139969676,0.004927589379009371,282.3469947945001,1.0,1
ds4,10,416.75,1,1,test,0.42814835416720504,273.39346043061187,1.6028475397117223,0.001722279304165986,273.8216087847791,1.0,1
ds4,10,417.25,1,1,test,0.22709241387156395,337.12610405721705,193.6318858442537,0.0002354130198640183,337.3531964710886,1.0,1
ds4,10,417.75,1,1,test,0.44309720136581626,557.1224735682738,5.856532597567191,4.139387577267879e-05,557.5655707696396,1.0,1
ds4,10,418.25,1,1,test,1.70982699202931,517.6205583651481,4.569170953812831,0.0017931059980576972,519.3303853571774,1.0,1
ds4,10,418.75,1,1,test,0.20051889490298888,530.2180731470041,4.10422536113669,8.843217398293157e-05,530.4185920419071,1.0,1
ds4,10,419.25,1,1,test,1.981223791384836,430.71090387294913,1.9079863692725787,0.0010291707429361766,432.69212766433395,1.0,1
ds4,10,419.75,1,1,test,0.06941915203694399,438.61690014563624,2.172507024132072,0.0007828173665046244,438.6863192976732,1.0,1
ds4,10,420.25,1,1,test,1.709140707767115,474.14343968053015,0.9816818239699754,0.0011649132405730958,475.85258038829727,1.0,1
ds4,10,420.75,1,1,test,0.02341938536557129,454.2564636521128,3.001661477217601,0.00111399646156274,454.2798830374784,1.0,1
ds4,10,421.25,1,1,test,0.14078914999216868,237.46713795691159,1.888985559357099,0.0017948375896559199,237.60792710690376,1.0,1
ds4,10,421.75,1,1,test,0.02792788585759072,339.95937544541147,0.8772152662346725,0.00021418203310474626,339.98730333126906,1.0,1
ds4,10,422.25,1,1,test,1.6632550581462713,434.39518297786907,0.821927430509314,0.004217721115900477,436.05843803601533,1.0,1
ds4,10,422.75,1,1,test,0.6218027794795556,494.52912174349456,3.3524284028359443,0.0010939293131861903,495.1509245229741,1.0,1
ds4,10,423.25,1,1,test,1.014259041665516,484.509763813333,2.854756154761451,9.126088755669176e-05,485.5240228549985,1.0,1
ds4,10,423.75,1,1,test,0.7060796020265819,422.25657512630306,4.479112966454432,0.002883960642377156,422.96265472832965,1.0,1
ds4,10,424.25,1,1,test,0.491910574830654,250.6777460713638,8.518223752353723,0.002151035289536986,251.16965664619445,1.0,1
ds4,10,424.75,1,1,test,0.5416379956835287,235.87554597677456,11.32621588240231,0.0015608056404552415,236.41718397245808,1.0,1
ds4,10,425.25,1,1,test,0.9030204402034258,201.0435552293556,13.18289397726789,0.0009366699412667904,201.94657566955902,1.0,1
ds4,10,425.75,1,1,test,11.495695468287176,202.6973494073863,1.3317077398591202,0.00037193143696485464,214.19304487567348,1.0,1
ds4,10,426.25,1,1,test,1.9798707502499315,303.5017497297899,9.036585482691144,8.020120400150776e-05,305.4816204800398,1.0,1
ds4,10,426.75,1,1,test,1.9281159973468904,273.623959604643,1.1982603634877904,0.00013681347279690805,275.5520756019899,1.0,1
ds4,10,427.25,1,1,test,1.72896705277508,275.9613183376724,2.8381465073464844,0.00016466871224559313,277.6902853904475,1.0,1
ds4,10,427.75,1,1,test,1.3509973968876645,267.63679614239203,1.642204573326561,6.860836301072942e-06,268.9877935392797,1.0,1
ds4,10,428.25,1,1,test,1.111152596700471,243.43034893622942,0.4877897550139758,0.0012146242659390578,244.54150153292989,1.0,1
ds4,10,428.75,1,1,test,0.7481428189910307,412.25762238787127,1.132473653678942,0.00023401121182388445,413.0057652068623,1.0,1
ds4,10,429.25,1,1,test,1.2148810068382445,413.747109969511,30.34710449301416,1.878191462864006e-05,414.9619909763492,1.0,1
ds4,10,429.75,1,1,test,1.3196174682117694,431.0550121942707,7.569228088806572,1.157603189257822e-05,432.3746296624825,1.0,1
ds4,10,430.25,1,1,test,1.174766385119655,518.9070585914083,11.486978703661805,0.0018320060205430872,520.081824976528,1.0,1
ds4,10,430.75,1,1,test,1.8575673868331972,549.0071048739246,1.2188211842854029,1.1901276404107698e-05,550.8646722607579,1.0,1
ds4,10,431.25,1,1,test,0.8367847834626196,489.87732346632123,5.039473455659526,0.00042508927725272026,490.71410824978386,1.0,1
ds4,10,431.75,1,1,test,0.7491019078138794,421.14640274212627,5.339769525707115,0.00027219276320377826,421.89550464994016,1.0,1
ds4,10,432.25,1,1,test,0.9169515687629869,578.0027459298052,1.9726232734001408,0.0032006181514501486,578.9196974985682,1.0,1
ds4,10,432.75,1,1,test,1.273011648113205,582.1597278307848,0.7220632251562276,0.0012283002262655164,583.432739478898,1.0,1
ds4,10,433.25,1,1,test,0.9845211757117005,601.403688779416,1.224038702642795,4.7173291405329646e-05,602.3882099551278,1.0,1
ds4,10,433.75,1,1,test,0.563326875246145,682.9817793540279,1.520820699744806,5.316825308159324e-06,683.5451062292741,1.0,1
ds4,10,434.25,1,1,test,2.0968486031048177,546.4223477242192,3.052776755333493,0.0028657625545110985,548.519196327324,1.0,1
ds4,10,434.75,1,1,test,0.49867809895426113,696.3287450166398,2.639700337248972,0.0018194081804434172,696.8274231155941,1.0,1
ds4,10,435.25,1,1,test,1.725531545650739,634.1529902417864,0.816256811715372,0.0016434608045880982,635.8785217874371,1.0,1
ds4,10,435.75,1,1,test,0.3509626466166134,672.1898482978245,4.241889103866835,0.00022420190545653586,672.5408109444411,1.0,1
ds4,10,436.25,1,1,test,0.06215867761902273,712.3318441909288,4.67033043260401,0.0007431968184189357,712.3940028685478,1.0,1
ds4,10,436.75,1,1,test,0.11093174030080691,694.2094426372968,1.6289327071144728,0.0010930913682717126,694.3203743775975,1.0,1
ds4,10,437.25,1,1,test,1.000394621515411,663.8072020767241,49.372919276630455,0.001756313611020908,664.8075966982395,1.0,1
ds4,10,437.75,1,1,test,0.586437712743351,763.9059411262128,2.1238373354262814,0.003499443165603699,764.4923788389561,1.0,1
ds4,10,438.25,1,1,test,1.8801673089172677,781.3759718845571,4.168648708246809,0.0016825940329810642,783.2561391934744,1.0,1
ds4,10,438.75,1,1,test,0.42977126941720717,643.8495274409507,2.291826875807097,0.005121462587712339,644.2792987103679,1.0,1
ds4,10,439.25,1,1,test,0.06896292457825971,586.8105750761057,4.2243320253981045,0.0008573524706204951,586.879538000684,1.0,1
ds4,10,439.75,1,1,test,0.18240042104785914,573.2012165887347,0.9198292815606542,0.0014154265376973131,573.3836170097826,1.0,1
ds4,10,440.25,1,1,test,0.38569629000427225,525.7903752472747,2.4133474621828777,2.730012955381479e-05,526.176071537279,1.0,1
ds4,10,440.75,1,1,test,0.1877933187644711,611.9774760446777,71.32414874541446,3.2960740486694995e-05,612.1652693634421,1.0,1
ds4,10,441.25,1,1,test,1.7827700822389094,626.117463487864,5.5465214045714974,1.530199387045455e-05,627.900233570103,1.0,1
ds4,10,441.75,1,1,test,0.0865639238762976,470.4545852823222,2.4825690295054694,0.00020857845841112637,470.5411492061985,1.0,1
ds4,10,442.25,1,1,test,0.035320350133956534,352.51936513841275,0.9665624913842933,0.00043901942641542106,352.5546854885467,1.0,1
ds4,10,442.75,1,1,test,0.23512084856278548,320.25042066040777,2.3772062014688538,0.000838167479591769,320.4855415089705,1.0,1
ds4,10,443.25,1,1,test,0.08351666404564696,277.5865943675268,1.860434008337835,0.002415368065235635,277.67011103157245,1.0,1
ds4,10,443.75,1,1,test,0.11733184118921948,312.39012810246254,6.052164656288541,0.00016821399858401104,312.5074599436518,1.0,1
ds4,10,444.25,1,1,test,0.5466761076688528,309.49375934702766,1.1238602917925686,0.0010049759629715159,310.04043545469654,1.0,1
ds4,10,444.75,1,1,test,1.4956315356648908,375.73851151674427,0.7650515028205545,3.070495413239698e-05,377.23414305240914,1.0,1
ds4,10,445.25,1,1,test,0.33474050296641306,356.59261457313704,2.9887275737904164,0.0012896549445213959,356.9273550761035,1.0,1
ds4,10,445.75,1,1,test,3.4072651019245783,402.9161332198469,4.64987045711749,0.00025173002778917735,406.3233983217715,1.0,1
ds4,10,446.25,1,1,test,2.1181089178181005,430.3029401888964,2.0827725086824835,1.0577469058301461e-05,432.4210491067145,1.0,1
ds4,10,446.75,1,1,test,0.05695115345568314,511.12557855670036,7.521453234991335,0.0007361563690983655,511.182529710156,1.0,1
ds4,10,447.25,1,1,test,2.2484901137746176,479.06281577781283,13.619442742766397,0.0010501262604216259,481.31130589158744,1.0,1
ds4,10,447.75,1,1,test,1.3854636596549292,369.16244094007754,4.2239742467250485,0.0006075022777854441,370.5479045997325,1.0,1
ds4,10,448.25,1,1,test,0.32310582005713984,382.1400378115458,3.711711727025657,0.0020272673067294445,382.463143631603,1.0,1
ds4,10,448.75,1,1,test,0.2915143816671302,421.5469304425098,1.1303757992114802,0.006170431046596261,421.8384448241769,1.0,1
ds4,10,449.25,1,1,test,1.6247265359338936,530.5348266211395,0.7257531439684782,0.000424876614738742,532.1595531570733,1.0,1
ds4,10,449.75,1,1,test,0.7964698018319689,492.6088237806269,2.414075242785455,3.287812080934948e-05,493.40529358245885,1.0,1
ds4,10,450.25,1,1,test,1.318799160279854,650.3798636580996,7.0169467139724615,0.00026944949198340725,651.6986628183794,1.0,1
ds4,10,450.75,1,1,test,0.24484874523705516,899.5705924899023,0.6005055702345911,0.002066016811600759,899.8154412351394,1.0,1
ds4,10,451.25,1,1,test,0.1499872893680531,735.1169248482521,3.0565736142495745,0.00473997445747127,735.2669121376201,1.0,1
ds4,10,451.75,1,1,test,0.1312205898047201,661.7928059673545,3.4991834187948068,2.784078932897776e-06,661.9240265571592,1.0,1
ds4,10,452.25,1,1,test,0.22646986126715302,510.0126203632063,1.392387853008463,0.00197223812749577,510.23909022447344,1.0,1
ds4,10,452.75,1,1,test,3.0524444218021416,458.498040052235,21.749387182895028,0.0009746863342103831,461.55048447403715,1.0,1
ds4,10,453.25,1,1,test,0.8349639873460363,422.3794231524245,5.250119275644312,0.0009756713915042806,423.21438713977057,1.0,1
ds4,10,453.75,1,1,test,0.7453836401366114,419.1287969377093,11.80005180461946,0.00045303705371066633,419.8741805778459,1.0,1
ds4,10,454.25,1,1,test,0.1601320323373722,444.10918582821716,4.402682685448528,0.00019195920001143112,444.2693178605545,1.0,1
ds4,10,454.75,1,1,test,0.04784768228533948,582.5602502499165,3.2014484871022657,0.0025272662685544124,582.6080979322019,1.0,1
ds4,10,455.25,1,1,test,0.0963505395349523,511.24539020750734,2.088344630408276,0.0002467845989395612,511.3417407470423,1.0,1
ds4,10,455.75,1,1,test,0.21538484333714258,549.2281527179222,6.847950259965154,0.0003416269236073494,549.4435375612593,1.0,1
ds4,10,456.25,1,1,test,0.20125104714474984,542.1290105938646,2.5023425851827716,0.0001328971437262209,542.3302616410093,1.0,1
ds4,10,456.75,1,1,test,1.4677826952402733,447.04656079127085,1.8645463132963132,0.004446568393492067,448.5143434865111,1.0,1
ds4,10,457.25,1,1,test,0.3135514166949818,500.1828380307698,1.786315495215191,0.0007763384511868797,500.49638944746476,1.0,1
ds4,10,457.75,1,1,test,1.1832390123549894,665.9690805528951,1.6672237315975915,0.0016668778098991208,667.1523195652501,1.0,1
ds4,10,458.25,1,1,test,2.3951168808109102,840.1154991214983,8.860402338137206,0.0028872893645537816,842.5106160023091,1.0,1
ds4,13,0.25,0,0,test,2276.6349833534996,9052.343829642017,197256743.53202215,318.3887629546373,11328.978812995516,1.0,1
ds4,13,0.75,0,0,test,1217.1172512372057,9062.365551300652,3156778.1397981304,68.72429654419884,10279.482802537857,1.0,1
ds4,13,1.25,0,0,test,7.100000988241498,8839.675202678383,19912072.34874353,0.011266013614217375,8846.775203666624,1.0,1
ds4,13,1.75,0,0,test,5.374441580707725,8910.300304208595,2498614.6047122353,0.0026915790279485137,8915.674745789302,1.0,1
ds4,13,2.25,0,0,test,51.03203722106515,8703.357419742262,694098.2667164085,0.0022179277158404106,8754.389456963327,1.0,1
ds4,13,2.75,0,0,test,45.301349735546644,8568.028167767226,1182911.7317977773,0.0008520213730360704,8613.329517502772,1.0,1
ds4,13,3.25,0,0,test,25.404583389685325,8443.666073036931,1497630.9462864217,0.0008873326039292903,8469.070656426617,1.0,1
ds4,13,3.75,0,0,test,34.73956439721053,8475.226086295128,1526369.2187760428,0.0011294047746222512,8509.965650692338,1.0,1
ds4,13,4.25,0,0,test,45.26996256921636,8343.85291970188,1603942.8695758048,0.0013596211588472054,8389.122882271096,1.0,1
ds4,13,4.75,0,0,test,8.668856496930346,8508.342297034083,1546726.746744582,0.0010705307908827218,8517.011153531013,1.0,1
ds4,13,5.25,0,0,test,1.9913671352390332,8481.167036067856,1540406.4256532707,0.00044922303632950516,8483.158403203095,1.0,1
ds4,13,5.75,0,0,test,12.498067338039736,8542.543855130345,1582510.8591618165,0.0007930095944635574,8555.041922468385,1.0,1
ds4,13,6.25,0,0,test,15.328255170077677,8467.434089259117,847160.306732622,7.552773905749485,8482.762344429195,1.0,1
ds4,13,6.75,0,0,test,54.216077707983374,7844.915349052976,24677261.700469915,1.1326212007886023,7899.13142676096,1.0,1
ds4,13,7.25,0,0,test,0.36219367819427534,1.3651029624804065,183431.5786007965,0.012995527887780155,1.727296640674682,0.11455693956190535,0
ds4,13,7.75,0,0,test,0.326746747396928,2.0338605595209964,253848.19759357037,0.019393563043070227,2.3606073069179243,0.2026743458624472,0
ds4,13,8.25,0,0,test,0.2580322526137044,0.8281142941670053,165621.3355914859,0.006489659934873116,1.0861465467807097,0.04467744326238263,0
ds4,13,8.75,0,0,test,0.9112546104647015,1.5423157428761982,149868.16293431408,0.004724882178680652,2.4535703533408997,0.21652934558922704,0
ds4,13,9.25,0,0,test,0.5082622655493992,0.8590588181643432,122112.89163332996,0.008437151913780526,1.3673210837137424,0.0721456599515425,0
ds4,13,9.75,0,0,test,0.2449751430648736,3.204015373369133,116201.35873468652,0.015050147923396264,3.4489905164340064,0.36888032262437814,0
ds4,13,10.25,0,0,test,2.8246574096260364,0.8739704583812717,100423.10628355417,0.016384759590124944,3.698627868007308,0.40643183119878534,0
ds4,13,10.75,0,0,test,0.8455455307607526,0.5814239906187433,79199.82793449362,0.016628947516608514,1.4269695213794957,0.07865947929462631,0
ds4,13,11.25,0,0,test,19.464295333452075,0.4938667371197901,67467.64063270023,0.01432720848170982,19.958162070571866,0.9987274751751027,0
ds4,13,11.75,0,0,test,2.6230176237060765,1.1549099092931918,57670.540585831855,0.013082639915209957,3.7779275329992683,0.41818891761081084,0
ds4,13,12.25,0,0,test,1.377876622376895,0.5491315911031834,46670.17265391408,0.012206760337094918,1.9270082134800783,0.1408501219758368,0
ds4,13,12.75,0,0,test,0.8923410342574748,2.5268617454804065,38836.379558402215,0.010706091508218071,3.4192027797378812,0.36435303071788033,0
ds4,13,13.25,0,0,test,1.3608949739165106,0.9214965740180253,31786.445478375284,0.015602793346371787,2.282391547934536,0.19115042406314978,0
ds4,13,13.75,0,0,test,1.3844467623768062,1.5285285605861485,26066.53027058616,0.014203427736062799,2.9129753229629545,0.2865995344576024,0
ds4,13,14.25,0,0,test,2.1386052823328585,0.6972384017739456,21248.87838801596,0.0127376741121256,2.835843684106804,0.2747239568201063,0
ds4,13,14.75,0,0,test,1.4603907654361814,0.7816828851466201,17260.30610499225,0.012298207153549946,2.2420736505828014,0.18526405939561474,0
ds4,13,15.25,0,0,test,2.8359844931559035,0.5331597816166929,14190.870343612682,0.012913563054972646,3.369144274772596,0.3567265077798445,0
ds4,13,15.75,0,0,test,1.9401291859231615,0.8666027443172319,11596.386696369555,0.01253493456347131,2.8067319302403932,0.2702479521412355,0
ds4,13,16.25,0,0,test,2.091394230331182,0.380196325999552,9467.908634476118,0.013687989459864104,2.471590556330734,0.2192326203980884,0
ds4,13,16.75,0,0,test,2.77278569656115,2.0639126500547147,7826.626167283727,0.013959247780442148,4.836698346615865,0.5638667412803189,0
ds4,13,17.25,0,0,test,4.968461440001927,1.8638652906171305,6394.150328128401,0.01568025750748213,6.832326730619057,0.7665879677293641,0
ds4,13,17.75,0,0,test,3.8907488411351996,2.235245399242274,5248.190607653563,0.013568480117589777,6.125994240377473,0.7058484912244319,0
ds4,13,18.25,0,0,test,4.497967056659131,1.0497637774489694,4244.0287843762535,0.011250599173989476,5.5477308341081,0.6472595952693438,0
ds4,13,18.75,0,0,test,5.296928788229772,1.4827663687538104,3508.3114702690787,0.017403777706876827,6.779695156983583,0.7624530209110054,0
ds4,13,19.25,0,0,test,5.542190928590241,1.8195844697216461,2866.69634130387,0.012296010814164999,7.361775398311887,0.8049053339457095,0
ds4,13,19.75,0,0,test,4.731798748411593,2.6159513256077327,2331.8212625941105,0.0152069565154036,7.347750074019325,0.8039645530262604,0
ds4,13,20.25,0,0,test,5.037845636031632,2.577722954203845,1884.5580125551805,0.016642951166253455,7.615568590235476,0.8212661522747471,0
ds4,13,20.75,0,0,test,5.07015459364087,3.72646179712786,1493.0056535582055,0.013650711360079278,8.79661639076873,0.8825433510117032,0
ds4,13,21.25,0,0,test,4.294459018281947,3.133150976422304,1263.408203695131,0.017153944263147272,7.427609994704252,0.8092693952369039,0
ds4,13,21.75,0,0,test,4.266602232625626,0.6700920722334536,1025.202286116131,0.012181138013416996,4.9366943048590795,0.5763450876567977,0
ds4,13,22.25,0,0,test,4.558873411565371,2.0306689158942,837.9910671635796,0.017637646395693495,6.589542327459571,0.7470009113850811,0
ds4,13,22.75,0,0,test,7.336722393405421,2.7344478761791238,680.4516141433766,0.012004194537325758,10.071170269584545,0.9267563980032785,0
ds4,13,23.25,0,0,test,4.1688458899089476,3.0780819048439105,551.6537196896146,0.01322271787072277,7.2469277947528585,0.7970858612588737,0
ds4,13,23.75,0,0,test,3.2585349416808933,2.1049148858692117,463.64780327810377,0.01043137661395146,5.363449827550105,0.626848525305665,0
ds4,13,24.25,0,0,test,2.4219954424411503,2.608866470391719,392.5200562086072,0.013909276854027552,5.030861912832869,0.5878746121411058,0
ds4,13,24.75,0,0,test,2.465784928529643,2.155474326334128,304.85146406006277,0.013913469664296985,4.621259254863771,0.536174928570494,0
ds4,13,25.25,0,0,test,2.8892816647904236,2.7307868128467727,252.9128649374652,0.014820693178508128,5.620068477637196,0.655040528445731,0
ds4,13,25.75,0,0,test,3.6172674493500447,2.3359547292941736,199.1096605429197,0.01601526076855707,5.953222178644218,0.6892027474962191,0
ds4,13,26.25,0,0,test,4.000468853424762,1.0906852929352762,159.33399570441563,0.0142058360791059,5.091154146360038,0.5951427083592861,0
ds4,13,26.75,0,0,test,4.03605751503459,0.9886624496091281,125.71218089732434,0.012745277965240017,5.024719964643718,0.5871292113781796,0
ds4,13,27.25,0,0,test,3.4938408042350835,2.527605103558266,103.48413477058611,0.016032232361871686,6.02144590779335,0.695862270879245,0
ds4,13,27.75,0,0,test,4.11828304999615,3.3709725514641313,83.97632944289764,0.016308319109389964,7.489255601460282,0.8132788793682179,0
ds4,13,28.25,0,0,test,2.840908941689814,3.1320262502398113,74.05218724943609,0.011878775349739296,5.972935191929626,0.6911386420104596,0
ds4,13,28.75,0,0,test,2.8533206103975,2.3074625030881806,53.26046837178415,0.012889208432396325,5.160783113485681,0.6034250186901244,0
ds4,13,29.25,0,0,test,2.4753443480313586,2.7050937728475826,43.72598513200145,0.012452829449506604,5.180438120878941,0.6057412976341255,0
ds4,13,29.75,0,0,test,1.8421424192812135,3.3276545728168285,33.747778137299775,0.012992303529804914,5.169796992098042,0.6044884613686146,0
ds4,13,30.25,0,0,test,5.856640107809113,2.5852417296255186,25.598835790338377,0.012124632560026553,8.441881837434632,0.8664944167859348,0
ds4,13,30.75,0,0,test,1.6503850229265786,1.492585271064429,21.891576874076975,0.017763003008344047,3.1429702939910076,0.3220451512870325,0
ds4,13,31.25,0,0,test,0.7882946224022915,1.4737342531260138,16.589710838359316,0.012877161433400728,2.2620288755283053,0.1881726607110596,0
ds4,13,31.75,0,0,test,0.7388441385595483,1.7983642026375397,16.456908278820492,0.014191172621262458,2.537208341197088,0.22911870844150029,0
ds4,13,32.25,0,0,test,0.7242259386360037,1.5558088228463796,11.40400640377064,0.010802839532994246,2.2800347614823835,0.19080528137603156,0
ds4,13,32.75,0,0,test,1.4089862833192273,1.972715133210976,8.154629229721964,0.013039559135495468,3.3817014165302033,0.3586416796821673,0
ds4,13,33.25,0,0,test,0.6069412035786372,3.252808001351668,6.434786194625358,0.013822524386807014,3.8597492049303055,0.4302196701151585,0
ds4,13,33.75,0,0,test,1.2870046080018935,0.9573289552017489,7.204569598165848,0.012137807217063616,2.2443335632036425,0.18559297009521836,0
ds4,13,34.25,0,0,test,1.1717315400324362,1.6853628376855467,6.5559140674004555,0.013061595257151618,2.857094377717983,0.2779937268745523,0
ds4,13,34.75,0,0,test,1.9000576469060648,1.548155690689711,3.246529726885816,0.01693607206630967,3.4482133375957758,0.36876231230582385,0
ds4,13,35.25,0,0,test,1.077949063036253,1.3002784841807338,8.114974354811508,0.012628514158105909,2.3782275472169867,0.2052880061970475,0
ds4,13,35.75,0,0,test,1.7930781093951103,0.5835378164302382,4.021060571452903,0.009163994639614322,2.3766159258253485,0.20504869633538442,0
ds4,13,36.25,0,0,test,1.567278039120288,0.5442488414925927,2.6606305712636535,0.011549775172832495,2.111526880612881,0.16649208128848322,0
ds4,13,36.75,0,0,test,0.6931624235600355,0.7948375698282123,2.962450718925532,0.010240372881281486,1.487999993388248,0.08554955603193627,0
ds4,13,37.25,0,0,test,4.34149984678481,0.2976541404028042,0.2773826812398204,0.008883735203593875,4.639153987187615,0.5385163401205734,0
ds4,13,37.75,0,0,test,0.7076101226011097,1.510473472281487,1.229409671348998,0.00945623761267532,2.2180835948825965,0.18178034872709542,0
ds4,13,38.25,0,0,test,0.9108585913180764,0.5762358490073787,1.5426838961381153,0.012944448261803411,1.4870944403254551,0.08544570948159586,0
ds4,13,38.75,0,0,test,0.6028871282287537,0.954759021840994,2.850585462915051,0.01102601552222002,1.5576461500697478,0.09367687272686784,0
ds4,13,39.25,0,0,test,2.186521044952156,0.502018231077308,1.4171551855636189,0.012482757390451273,2.688539276029464,0.2521292613749463,0
ds4,13,39.75,0,0,test,1.494938690203381,1.3195625141707905,0.9253206963210109,0.014204129651639686,2.8145012043741717,0.27144208822092797,0
ds4,13,40.25,0,0,test,5.711628898235949,0.9517813606568767,0.8225734041938861,0.012748997028457647,6.663410258892825,0.7530998139765706,0
ds4,13,40.75,0,0,test,0.21315750551136545,0.7182837894816226,0.6756065535639983,0.010094365363528023,0.9314412949929881,0.03209617624360274,0
ds4,13,41.25,0,0,test,0.007034726336134085,1.503800694077814,1.2296761809646186,0.011148262569068824,1.510835420413948,0.08818396714832966,0
ds4,13,41.75,0,0,test,1.5785088234190654,1.2351679275475507,0.4194154650554142,0.009074800293018166,2.813676750966616,0.27131535513601873,0
ds4,13,42.25,0,0,test,1.6058022818894127,2.2834664439786354,1.6531860848876356,0.011206016450044112,3.889268725868048,0.4345336966780077,0
ds4,13,42.75,0,0,test,0.15284610126659925,0.7242783562887857,0.22067002039677086,0.010325879792211671,0.8771244575553849,0.028144412482786218,0
ds4,13,43.25,0,0,test,2.1848961974745746,0.9869482208427311,0.2096732248412471,0.011719553595148046,3.171844418317306,0.32648807648424144,0
ds4,13,43.75,0,0,test,2.888532318361109,1.1884743631537638,0.1115839882555283,0.008116774083581644,4.077006681514873,0.46161695509737405,0
ds4,13,44.25,0,0,test,0.3403899464060123,1.1598938835381178,0.15863416377025175,0.014886421176970095,1.5002838299441301,0.08696294168190989,0
ds4,13,44.75,0,0,test,1.119330449743723,0.5780532103655863,0.9861066680974183,0.009027408310448137,1.6973836601093093,0.11077079121365965,0
ds4,13,45.25,0,0,test,1.0204725072378207,0.4871318415939691,0.7679011725542806,0.01002214390859973,1.5076043488317898,0.08780939010582317,0
ds4,13,45.75,0,0,test,0.07944598592781536,0.9314358157332624,1.328667708676896,0.011917558623582368,1.0108818016610777,0.03831668598349013,0
ds4,13,46.25,0,0,test,1.991397806694357,0.04640531515656301,0.4719942925744378,0.013876382067414952,2.03780312185092,0.1561100798213953,0
ds4,13,46.75,0,0,test,0.29499010384488406,0.38153390081573924,0.6323079200113256,0.011859303971276509,0.6765240046606233,0.015767793904580153,0
ds4,13,47.25,0,0,test,1.4214363488389885,0.5192417562709758,0.5676579495596001,0.013497675219105046,1.9406781051099644,0.1427090216433619,0
ds4,13,47.75,0,0,test,1.834074952036376,0.2181911394595823,0.22944750976738268,0.009946812135694157,2.0522660914959583,0.15813320383284868,0
ds4,13,48.25,0,0,test,0.37453944688320695,1.6863115430961275,0.5666773661903626,0.00670878274401043,2.0608509899793344,0.1593372944546619,0
ds4,13,48.75,0,0,test,1.5008701165557405,0.8914988795441924,0.8072769939866704,0.010914495783481516,2.392368996099933,0.20739001691860706,0
ds4,13,49.25,0,0,test,3.9459757500623005,0.744384881705069,0.6750210854004367,0.010928911578811795,4.690360631767369,0.5451754743803932,0
ds4,13,49.75,0,0,test,1.065367011956904,1.0735848829253898,0.6991304924972737,0.010654480139974524,2.138951894882294,0.1703964753599893,0
ds4,13,50.25,0,0,test,1.4192225847002244,0.7686831827130866,0.5875487599352939,0.008309852475013575,2.187905767413311,0.17741902640535928,0
ds4,13,50.75,0,0,test,2.6653951759749237,0.41500289023171855,0.3877224570724236,0.014393173451997164,3.080398066206642,0.3124077685033124,0
ds4,13,51.25,0,0,test,2.0936580584354867,0.8071654816553281,12.162889745141275,0.008432247866494208,2.9008235400908147,0.2847273520602991,0
ds4,13,51.75,0,0,test,2.672102344325628,1.3906502202189563,0.3232669812906715,0.009043611907988266,4.062752564544585,0.45958301538968416,0
ds4,13,52.25,0,0,test,1.4487128667811402,1.0751338722306407,7.211061562487006,0.005474225367421546,2.523846739011781,0.22710049939628657,0
ds4,13,52.75,0,0,test,1.6665206236473866,0.3592697321903411,0.29495665662879544,0.012216799104612824,2.025790355837728,0.15443493499350697,0
ds4,13,53.25,0,0,test,3.3448255010389993,0.7419466362754102,0.9823975401611194,0.011433101339662298,4.0867721373144095,0.4630081950242378,0
ds4,13,53.75,0,0,test,2.6723076822693472,0.8571129516226664,0.19760309671981752,0.010325073177770096,3.5294206338920135,0.381059336879658,0
ds4,13,54.25,0,0,test,1.8561134402600865,1.4068018225964238,0.3292493232281361,0.008171924639826408,3.2629152628565103,0.3404760546687683,0
ds4,13,54.75,0,0,test,3.2468135422966573,1.8387053866816154,0.24515921560927556,0.010776562755079693,5.0855189289782725,0.5944671778363715,0
ds4,13,55.25,0,0,test,2.085891352924969,0.5130185271271372,0.3995007031128262,0.008750236465201804,2.598909880052106,0.23846910861402293,0
ds4,13,55.75,0,0,test,2.8111290960619115,0.8342533879027088,1.0626311642666917,0.011684577691799062,3.64538248396462,0.39848754957378574,0
ds4,13,56.25,0,0,test,2.716194501651593,1.9700100016069988,0.7393970554834619,0.011563048345034172,4.686204503258592,0.544637265558713,0
ds4,13,56.75,0,0,test,2.925485553206844,0.7202616917207177,0.34388168555933396,0.011754807183559542,3.645747244927562,0.39854210275200086,0
ds4,13,57.25,0,0,test,3.331195002825967,0.6997246802763669,0.49206551692289097,0.0079537687289005,4.030919683102334,0.45502708040051126,0
ds4,13,57.75,0,0,test,4.529916937425813,0.2643060788298677,0.29504891220981383,0.006406272387949943,4.79422301625568,0.5584937345381911,0
ds4,13,58.25,0,0,test,3.6410394751208157,1.3283704225248374,1.3631207476926963,0.005952893058548983,4.969409897645653,0.5803751421635713,0
ds4,13,58.75,0,0,test,3.8799116745996387,1.3398345916369367,0.5641879601588449,0.013912070987882628,5.219746266236576,0.610344944019487,0
ds4,13,59.25,0,0,test,3.6411142317141296,2.2365062972874945,0.36809924685023004,0.01162295136491159,5.877620529001624,0.6816902726471967,0
ds4,13,59.75,0,0,test,4.26981224808128,0.7689336633968755,0.4494389887340911,0.008665447113297536,5.038745911478156,0.5888300784870782,0
ds4,13,60.25,0,0,test,4.932884428100657,0.5195465765341718,0.5958322557620517,0.009593080533641241,5.452431004634828,0.6368098068778141,0
ds4,13,60.75,0,0,test,5.787376065104471,3.8737838232061055,0.7084088505388298,0.006434659384628121,9.661159888310577,0.9145744419058032,0
ds4,13,61.25,0,0,test,6.309191085916456,1.3779995156084917,0.7759842113966724,0.0066410618586496,7.687190601524948,0.8256613171910628,0
ds4,13,61.75,0,0,test,8.65379862895483,2.506518629762079,1.5614459639299385,0.011540187846784514,11.160317258716908,0.9517075972944771,0
ds4,13,62.25,0,0,test,7.484282582766961,1.336116393810465,1.35388582733634,0.011015914838667148,8.820398976577426,0.883554136886157,0
ds4,13,62.75,0,0,test,9.206009449408485,3.630968019751848,1.7701431848568001,0.007817448815697906,12.836977469160333,0.9750446869061236,0
ds4,13,63.25,0,0,test,8.193235771057616,1.7494729361320867,1.3143453222533708,0.011246289650414128,9.942708707189702,0.9231250593751019,0
ds4,13,63.75,0,0,test,8.727565859725413,2.2680444419366954,0.7638577070668044,0.006835086829456751,10.995610301662108,0.9485329122328349,0
ds4,13,64.25,0,0,test,8.274488823818492,1.9456581406997684,0.9900938764268408,0.006473013128504439,10.22014696451826,0.9307675552518111,0
ds4,13,64.75,0,0,test,9.388367916206976,1.9128222934894343,1.4863304311374488,0.008719058025284583,11.30119020969641,0.9542753106514344,0
ds4,13,65.25,0,0,test,8.706163489883439,0.6165605882712084,0.27553232595663835,0.007712240616296777,9.322724078154646,0.9031362721100942,0
ds4,13,65.75,0,0,test,9.265359665851053,3.074375712342703,0.5416123517037845,0.004632572047872004,12.339735378193755,0.9695822091975674,0
ds4,13,66.25,0,0,test,10.20448241605754,1.2551379514620937,1.3208739557801208,0.005025776975578641,11.459620367519634,0.9570086651550728,0
ds4,13,66.75,0,0,test,10.406202090095437,1.7330541617532629,0.3466634964788464,0.010160363392554638,12.1392562518487,0.9670713240810564,0
ds4,13,67.25,0,0,test,10.276685486487734,0.8103938476658631,1.0187716247170144,0.005834280841593196,11.087079334153596,0.9503194677034063,0
ds4,13,67.75,0,0,test,11.247892323690593,0.6713883065590253,3.1573696762424657,0.008440543794369489,11.919280630249618,0.9640892805067347,0
ds4,13,68.25,0,0,test,12.617198429737254,1.5015712048306802,0.7150169186035521,0.007267536296237466,14.118769634567935,0.9851276808848568,0
ds4,13,68.75,0,0,test,10.639618415603536,1.338506561670248,1.7890960528720516,0.009978075993146603,11.978124977273785,0.9649112486365083,0
ds4,13,69.25,0,0,test,10.67931963673417,1.0836122546754983,0.3232755036482202,0.007453591256895621,11.76293189140967,0.9618154139642978,0
ds4,13,69.75,0,0,test,10.811791299064405,1.8347877299947932,0.394445693475365,0.011515868616668814,12.646579029059199,0.9730743292458819,0
ds4,13,70.25,0,0,test,12.055043201410875,1.7072709711772096,1.6273409513055976,0.009143261230414451,13.762314172588084,0.9828081531690676,0
ds4,13,70.75,0,0,test,9.589571192939491,0.6549050978237811,0.6311841478868233,0.008830288954991583,10.244476290763272,0.9314028312925837,0
ds4,13,71.25,0,0,test,11.557783358485386,0.6920372438902272,8.147184273115021,0.008302409123479449,12.249820602375614,0.9684795450707587,0
ds4,13,71.75,0,0,test,9.71226721660944,0.6100737351934996,0.670219668755145,0.00857230577115229,10.32234095180294,0.9333996251929515,0
ds4,13,72.25,0,0,test,10.285883980697497,0.3198936562665752,0.19246892491253711,0.0065215265254214404,10.605777636964072,0.9402185912230616,0
ds4,13,72.75,0,0,test,10.21609697654347,0.36051637238327094,0.21159860663889177,0.006496978940376291,10.576613348926742,0.9395483817567537,0
ds4,13,73.25,0,0,test,10.328256532591578,0.25746160006220287,1.1447629969083082,0.0068811801985434375,10.585718132653781,0.9397583665991617,0
ds4,13,73.75,0,0,test,9.931802838670173,0.39876092144903735,0.579776929861725,0.009547416592144718,10.33056376011921,0.9336072958776753,0
ds4,13,74.25,0,0,test,8.764277111858965,0.6652541822397594,0.9742745982630433,0.009689001547005084,9.429531294098725,0.9068898441971787,0
ds4,13,74.75,0,0,test,9.586906197331462,0.17945344983234315,0.23177965690264346,0.009441389772254088,9.766359647163805,0.9178674226641015,0
ds4,13,75.25,0,0,test,7.947213140890354,0.6845398335495696,1.262134842269818,0.009506657181223427,8.631752974439923,0.875315066521476,0
ds4,13,75.75,0,0,test,6.559308350314308,2.2832674813846596,0.49642743920349747,0.00886001965092322,8.842575831698968,0.8844895581258787,0
ds4,13,76.25,0,0,test,8.283515372945988,0.8389313650744094,0.4397366197699217,0.008560518805398584,9.122446738020397,0.8957212836821974,0
ds4,13,76.75,0,0,test,6.285332869160214,1.076722517959466,0.3580239636047228,0.014262411112891258,7.36205538711968,0.8049240750898037,0
ds4,13,77.25,0,0,test,19.211580614801445,0.5161528169647805,0.35045860201544193,0.011098738323435227,19.727733431766225,0.9985944105601289,0
ds4,13,77.75,0,0,test,4.654042418049813,1.196020628758983,1.2143516597246493,0.007650895361093461,5.8500630468087955,0.6789170491768631,0
ds4,13,78.25,0,0,test,4.783599052480859,0.6343928615611113,1.3206191554902837,0.007024703859013511,5.417991914041971,0.6329778203933085,0
ds4,13,78.75,0,0,test,3.971148042116404,0.7561926996215319,0.665667325020328,0.015096581857410704,4.727340741737936,0.5499465312670353,0
ds4,13,79.25,0,0,test,2.9341912577683553,1.755065861955904,1.0426728892787438,0.007682111231956231,4.689257119724259,0.5450326114527062,0
ds4,13,79.75,0,0,test,3.8528424567631383,1.0566934973892994,0.8635979368749198,0.01147917873452578,4.909535954152438,0.5729798866719973,0
ds4,13,80.25,0,0,test,2.6608528309554513,0.47079544308997534,0.270442771000256,0.011974311812610204,3.1316482740454266,0.3203021796447192,0
ds4,13,80.75,0,0,test,2.111350106586886,0.7080954301047949,0.7110773252131097,0.016274804313713465,2.819445536691681,0.27220219131043855,0
ds4,13,81.25,0,0,test,2.290315655885135,0.4685378384267767,0.27553454704166513,0.010026826959328682,2.758853494311912,0.2628966153421332,0
ds4,13,81.75,0,0,test,13.82223300954748,0.35867584330978697,0.36559922082844504,0.010254663540336698,14.180908852857266,0.9854998099795853,0
ds4,13,82.25,0,0,test,4.623727268158825,0.8833549810270922,0.27935632167225977,0.01566695213399791,5.507082249185917,0.6428300885030591,0
ds4,13,82.75,0,0,test,0.5346411299191527,0.7703737756288019,0.2454219566578508,0.015837218128274662,1.3050149055479547,0.06558519621406937,0
ds4,13,83.25,0,0,test,0.5556554668920036,0.729618863740412,0.868726332662795,0.009237875857114185,1.2852743306324155,0.06356037970098864,0
ds4,13,83.75,0,0,test,0.3079635233038456,0.7770492055354737,0.7971090927171359,0.010936650354303629,1.0850127288393194,0.04457833861187217,0
ds4,13,84.25,0,0,test,2.1657062146163115,1.9749203093031218,0.853496296796841,0.009982338850061716,4.140626523919433,0.470647899577817,0
ds4,13,84.75,0,0,test,0.2776210884216559,2.3983348533763618,0.745675533693045,0.01513174196591141,2.6759559417980174,0.2502066584955524,0
ds4,13,85.25,0,0,test,1.9039977791911376,0.5657535302824844,0.59157569383862,0.011755519391604798,2.469751309473622,0.21895646610334377,0
ds4,13,85.75,0,0,test,3.564224898882768,0.8101349028722442,0.8470836215852028,0.010912984289741468,4.374359801755013,0.5031324698957635,0
ds4,13,86.25,0,0,test,0.32972098158076274,0.9119926416199107,0.5018909507644441,0.012182274633095225,1.2417136232006734,0.05918653639806578,0
ds4,13,86.75,0,0,test,0.4227460321357614,0.40657992803485365,1.1734596211427764,0.010856423965567207,0.8293259601706151,0.02487474700457077,0
ds4,13,87.25,0,0,test,0.10727452041515366,0.7991296147287601,0.9908913373917789,0.012563554594209731,0.9064041351439137,0.03024373169630833,0
ds4,13,87.75,0,0,test,0.15979867500174025,0.2466279160396784,0.3132092245084968,0.012527724366623902,0.40642659104141865,0.0048492678821434035,0
ds4,13,88.25,0,0,test,0.6226447163058514,1.2133651879482092,0.6905661952618131,0.01016470992235487,1.8360099042540607,0.12866115643271844,0
ds4,13,88.75,0,0,test,0.26736927367186764,1.0897616178382883,0.3541682270753591,0.009629706946763765,1.3571308915101559,0.07105537385526424,0
ds4,13,89.25,0,0,test,1.285025639041395,0.9186810725259943,0.800153755483284,0.01927561271303568,2.2037067115673894,0.1796996223664256,0
ds4,13,89.75,0,0,test,1.3992150159288135,0.4646252060930521,0.5173124151971986,0.0167127093705447,1.8638402220218655,0.1323537139461651,0
ds4,13,90.25,0,0,test,0.022705357068059963,0.38469295314005836,0.45591514129897487,0.012266195899110963,0.40739831020811834,0.004876634501439524,0
ds4,13,90.75,0,0,test,0.5407264596268868,0.2290180694794235,0.4447094930719514,0.011876338907650323,0.7697445291063103,0.021077138360768882,0
ds4,13,91.25,0,0,test,2.247436673823913,1.2712430228837535,0.4725405700761372,0.014654827966071498,3.5186796967076663,0.3794369437450372,0
ds4,13,91.75,0,0,test,0.1309964918932166,0.4268538437074427,0.44120726846868724,0.015281768546857895,0.5578503356006593,0.010148334632472047,0
ds4,13,92.25,0,0,test,0.4754047045669363,0.7217287063732777,0.4553648546825152,0.01592696124809122,1.1971334109402139,0.054847920208897095,0
ds4,13,92.75,0,0,test,2.1074062343065414,2.445368368655758,0.5051463454939846,0.015983715419703535,4.5527746029623,0.5271464203672602,0
ds4,13,93.25,0,0,test,0.6583435939802665,3.765174810726685,0.3995447583913254,0.014418280101564738,4.423518404706951,0.5098188412689447,0
ds4,13,93.75,0,0,test,1.7290479812638424,0.7794001602567516,0.5108144003983819,0.01188601714002228,2.508448141520594,0.22477776978878022,0
ds4,13,94.25,0,0,test,0.4889021207532434,3.0710874307228413,0.4599137927600521,0.012952404752974838,3.5599895514760846,0.3856694776447248,0
ds4,13,94.75,0,0,test,0.8152036490090475,1.6313240066345518,0.747495891046299,0.011422193258563893,2.4465276556435995,0.21547430681699872,0
ds4,13,95.25,0,0,test,1.1127496027650734,0.8967111408111934,0.8174174747823272,0.014600528268894448,2.009460743576267,0.15216558111751996,0
ds4,13,95.75,0,0,test,0.9522692476598767,0.8688255034013157,1.5401410176658543,0.012135026539438145,1.8210947510611923,0.12669548406235417,0
ds4,13,96.25,0,0,test,1.0807218991291394,0.4988819760962134,0.5249212176018485,0.018201965733813413,1.5796038752253527,0.09629522914407536,0
ds4,13,96.75,0,0,test,10.43335969013179,2.914465910099233,0.48770093173401685,0.011709857455262178,13.347825600231022,0.9796715922592699,0
ds4,13,97.25,0,0,test,2.6412597281113546,0.47442674482083097,0.4489590090138275,0.012155350881561437,3.1156864729321856,0.31784423883901364,0
ds4,13,97.75,0,0,test,2.5103119388762223,0.29008504086095627,1.3402173553454617,0.008818047254454774,2.8003969797371786,0.26927450711411954,0
ds4,13,98.25,0,0,test,2.7154976507365536,1.070210472683906,0.45916088724759363,0.01670298628356838,3.7857081234204593,0.41933744369314213,0
ds4,13,98.75,0,0,test,3.452367476923298,0.3072454262634992,0.4206598044749734,0.013753375420559122,3.759612903186797,0.4154817957095559,0
ds4,13,99.25,0,0,test,3.1238613053087017,0.4773793102712308,0.3863097174470312,0.010481126195639743,3.6012406155799326,0.3918729712057731,0
ds4,13,99.75,0,0,test,7.750198624899483,1.2515712453579142,0.8340478108438513,0.013024547671672335,9.001769870257398,0.8910064154000925,0
ds4,13,100.25,0,0,test,4.811538614357926,0.761570228857011,0.7270424924893111,0.01356579566945002,5.573108843214937,0.6500041883372929,0
ds4,13,100.75,0,0,test,5.137312516690064,0.10351168917559293,0.5254500816561373,0.014287129553984089,5.240824205865657,0.612797748577546,0
ds4,13,101.25,0,0,test,5.87141649528627,1.4294377148506632,0.9246325262805375,0.014091604745628344,7.300854210136933,0.8007904349226039,0
ds4,13,101.75,0,0,test,5.58673045221384,0.37337620700384627,0.43407755292396255,0.013023932943339292,5.960106659217686,0.6898799077568439,0
ds4,13,102.25,0,0,test,5.668238888845111,2.1067333652201996,0.42946752421614387,0.011331638864117992,7.774972254065311,0.8309188196929724,0
ds4,13,102.75,0,0,test,10.115853545369575,4.404774218739037,1.3886323856753433,0.016262228392868956,14.520627764108612,0.9873804378733837,0
ds4,13,103.25,0,0,test,6.812465283866445,1.4592058649684891,0.5243332459608571,0.012254620230497646,8.271671148834933,0.8581147750602743,0
ds4,13,103.75,0,0,test,7.439389147547505,1.2298982649064143,0.8059253066156992,0.01457056946390406,8.669287412453919,0.8769952150687483,0
ds4,13,104.25,0,0,test,7.80508648510439,2.177022493912346,0.7709157521489212,0.014670981711964097,9.982108979016736,0.9242562296445879,0
ds4,13,104.75,0,0,test,7.11139735490669,2.963389870032398,0.5371339503667807,0.01352920909499105,10.074787224939088,0.9268562942837961,0
ds4,13,105.25,0,0,test,6.3949625380820025,0.7657247973656377,0.7228569703471591,0.01378555047849053,7.160687335447641,0.7910385314239974,0
ds4,13,105.75,0,0,test,6.267364916141011,1.422397300772619,0.38879349094381305,0.012425014546047924,7.68976221691363,0.8258173528376564,0
ds4,13,106.25,0,0,test,6.3596457253765655,1.3513174382637827,0.7790660447833535,0.010861511680027436,7.710963163640348,0.8270990897065107,0
ds4,13,106.75,0,0,test,7.486221797853661,2.338312455390487,0.45606612621018083,0.011174495922693296,9.824534253244147,0.9196375755581809,0
ds4,13,107.25,0,0,test,7.907572650014296,1.1862968060876782,0.43054877915384815,0.010996888897232467,9.093869456101974,0.8946219094226457,0
ds4,13,107.75,0,0,test,6.8570654360906795,1.6767780402708088,1.174501098458339,0.01891876505062301,8.533843476361488,0.8708344182716997,0
ds4,13,108.25,0,0,test,6.736229548516417,1.2955284518048813,0.41319967196150453,0.009075460428357676,8.031758000321298,0.8455059548776398,0
ds4,13,108.75,0,0,test,5.792978903784138,1.0309685667653474,0.43050641518953675,0.01587327299657154,6.823947470549485,0.7659337282362517,0
ds4,13,109.25,0,0,test,5.654670954980199,0.7622557267471001,0.4075196163504429,0.016754362029068378,6.4169266817273,0.7322634171592335,0
ds4,13,109.75,0,0,test,5.103354058942384,0.956028829466024,0.5637625758049388,0.013425042747781515,6.0593828884084076,0.6995164760938744,0
ds4,13,225.25,1,0,test,14.37360340619773,1151.6915210746845,1.9348603507227333,0.019133853846152113,1166.0651244808823,1.0,1
ds4,13,225.75,1,0,test,17.779514395029818,1133.2638603334995,1.4793520298806393,0.010997895849188644,1151.0433747285292,1.0,1
ds4,13,226.25,1,0,test,15.95105351019426,1181.2734742504447,0.8415331050627683,0.01055743175659907,1197.224527760639,1.0,1
ds4,13,226.75,1,0,test,14.779175153671664,1167.0249546226514,1.2742974434783083,0.01616200073406263,1181.8041297763232,1.0,1
ds4,13,227.25,1,0,test,23.38206697932112,1139.6482432349267,1.3303061811701058,0.012501738801675917,1163.0303102142477,1.0,1
ds4,13,227.75,1,0,test,12.714145573453788,1144.5691277213837,1.1056064287510683,0.015003617884472091,1157.2832732948375,1.0,1
ds4,13,228.25,1,0,test,12.325582027035155,1138.8011658360754,0.8471171576489761,0.010217859555739242,1151.1267478631105,1.0,1
ds4,13,228.75,1,0,test,13.437111778458936,1167.855695393542,0.7586629755272766,0.013002109389437598,1181.292807172001,1.0,1
ds4,13,229.25,1,0,test,10.485263708265226,1159.0854088072524,1.880503515948272,0.011298895190708329,1169.5706725155176,1.0,1
ds4,13,229.75,1,0,test,7.521831001160777,1106.7878183195016,1.9064996389105442,0.013596605824313648,1114.3096493206624,1.0,1
ds4,13,230.25,1,0,test,6.6844651181850825,1083.9114631533257,1.2073049878518125,0.01539543708299265,1090.5959282715107,1.0,1
ds4,13,230.75,1,0,test,7.091918054926016,1079.726380934532,1.2232397371526371,0.01573018003956839,1086.818298989458,1.0,1
ds4,13,231.25,1,0,test,7.681723239010589,1051.1030046350475,1.6693051370943126,0.010391509904154017,1058.784727874058,1.0,1
ds4,13,231.75,1,0,test,8.446040695632032,1008.050236319155,0.7866807036275877,0.013197711648939096,1016.4962770147871,1.0,1
ds4,13,232.25,1,0,test,6.79114270751935,1016.6041690394418,0.8286524271053736,0.011468934435986875,1023.3953117469612,1.0,1
ds4,13,232.75,1,0,test,5.2591819636970145,927.8777197001435,0.9459520690170541,0.01568393346399517,933.1369016638405,1.0,1
ds4,13,233.25,1,0,test,4.937119473171434,866.2111191941041,0.6893521019985894,0.013983615539539787,871.1482386672755,1.0,1
ds4,13,233.75,1,0,test,6.561609996791766,807.1647249231128,0.5052792591655976,0.012422561772125884,813.7263349199045,1.0,1
ds4,13,234.25,1,0,test,5.682139202897258,719.7674750776491,0.6739266209620651,0.00917954993956464,725.4496142805464,1.0,1
ds4,13,234.75,1,0,test,3.010776276979305,638.8574208239924,4.733830031496134,0.010334434982226073,641.8681971009717,1.0,1
ds4,13,235.25,1,0,test,3.1243671624409557,532.1115212674841,0.4451235900642275,0.01696321507953801,535.2358884299251,1.0,1
ds4,13,235.75,1,0,test,3.528218416252583,469.7543868679232,0.4099137866705267,0.016776276975417875,473.28260528417576,1.0,1
ds4,13,236.25,1,0,test,1.0169915754351362,404.392710316798,0.4220817109804212,0.011861927824561183,405.40970189223316,1.0,1
ds4,13,236.75,1,0,test,0.9047973599193125,319.67141985072124,0.5977685875376013,0.014450477713094972,320.57621721064055,1.0,1
ds4,13,237.25,1,0,test,0.7849891066470088,260.8156045456896,0.47140084814840744,0.012650204026252398,261.6005936523366,1.0,1
ds4,13,237.75,1,0,test,0.5379253025296142,226.75097242663117,0.5096412872202319,0.010904036747448812,227.28889772916077,1.0,1
ds4,13,238.25,1,0,test,0.43040829412625564,223.26284621897156,0.9057113495225283,0.010568460575946159,223.69325451309783,1.0,1
ds4,13,238.75,1,0,test,8.094782426657442,212.38682681480051,1.9212254173584629,0.011552704621785204,220.48160924145796,1.0,1
ds4,13,239.25,1,0,test,10.659100282103402,211.85000781850783,0.47070766072042897,0.01780834201764983,222.50910810061123,1.0,1
ds4,13,239.75,1,0,test,0.8076803568291256,258.85291938891277,0.4327716784662441,0.00898233898498474,259.6605997457419,1.0,1
ds4,13,240.25,1,0,test,0.6795866352033185,329.88907309330693,0.8934833321082931,0.011686149312166121,330.5686597285102,1.0,1
ds4,13,240.75,1,0,test,0.2127846527133517,444.11960683497347,1.4046104665247132,0.005826199099043676,444.33239148768683,1.0,1
ds4,13,241.25,1,0,test,2.2231255103197873,514.6136294444697,0.35888013773948496,0.01134598647879953,516.8367549547894,1.0,1
ds4,13,241.75,1,0,test,0.7331607391279963,484.118233731908,0.4297438898276733,0.009890268920493512,484.851394471036,1.0,1
ds4,13,242.25,1,0,test,1.17611450974702,455.9625371279867,0.41540195677067726,0.01097632829896171,457.13865163773374,1.0,1
ds4,13,242.75,1,0,test,1.1294636101833224,386.0186097910506,1.4393697873059987,0.011313623058431192,387.14807340123394,1.0,1
ds4,13,243.25,1,0,test,1.1872099533751983,332.0954491822881,0.5014070949244642,0.011949067098136385,333.2826591356633,1.0,1
ds4,13,243.75,1,0,test,6.451442657540515,279.45444304790703,0.39695918336985453,0.004912243259951518,285.90588570544753,1.0,1
ds4,13,244.25,1,0,test,2.0553238901107505,218.43881534740137,0.9655966933185691,0.008711098159206664,220.49413923751212,1.0,1
ds4,13,244.75,1,0,test,1.932124926785908,182.68879327945618,0.41061905762573614,0.011581225644126475,184.6209182062421,1.0,1
ds4,13,245.25,1,0,test,2.205795125799608,132.1896026297489,0.34683999674698873,0.010660900207884409,134.3953977555485,1.0,1
ds4,13,245.75,1,0,test,2.2644479042689665,115.63532668467805,0.4698968879114098,0.013738221431534095,117.89977458894701,1.0,1
ds4,13,246.25,1,0,test,2.213294909143106,81.27647005260351,0.5604149409444448,0.014037857280501708,83.48976496174662,0.9999999999999999,1
ds4,13,246.75,1,0,test,1.8947247107318368,71.95561777257457,0.5378254027604219,0.011419431461053401,73.8503424833064,0.9999999999999838,1
ds4,13,247.25,1,0,test,1.3897488090081629,57.06352977902908,0.5570026835178875,0.010841927515047664,58.45327858803724,0.9999999999746395,0
ds4,13,247.75,1,0,test,1.5012784585915409,35.979244976225424,0.7488836668613635,0.009560554910954429,37.480523434816966,0.9999995202531522,0
ds4,13,248.25,1,0,test,1.1919624283909027,22.727908133590976,0.3424072976544787,0.013673550038752022,23.919870561981877,0.9997750528060523,0
ds4,13,248.75,1,0,test,1.628108240087446,23.160892212401844,1.0443811268305312,0.007951357493892584,24.78900045248929,0.999846969783235,0
ds4,13,249.25,1,0,test,1.1468923136143443,14.250685925565923,0.352364427628849,0.00387886832489826,15.397578239180268,0.9912079950051839,0
ds4,13,249.75,1,0,test,2.1517903832491734,15.112465810541158,0.3513530885187492,0.011300059385489938,17.26425619379033,0.9959750406034587,0
ds4,13,250.25,1,0,test,1.910981376525405,8.365707945321148,0.9977755810941212,0.008019663048207826,10.276689321846552,0.9322355978634445,0
ds4,13,250.75,1,0,test,3.140610862929042,6.352194995725911,0.6869202427961507,0.011413338433813324,9.492805858654954,0.9090499535017327,0
ds4,13,251.25,1,0,test,2.831500410454955,3.5615281619502697,3.4684686715606294,0.010788741017479097,6.393028572405225,0.7301687939449901,0
ds4,13,251.75,1,0,test,1.1261593953532607,3.9216240157966538,0.3656416386424977,0.010733751492307863,5.047783411149915,0.589923464999059,0
ds4,13,252.25,1,0,test,5.548473726936761,6.836095882983824,1.702363701714376,0.004417110572905619,12.384569609920586,0.9701181751974954,0
ds4,13,252.75,1,0,test,1.8181335447174256,3.0994064535631694,0.5751309357706877,0.01752309297649048,4.917539998280595,0.5739735254179583,0
ds4,13,253.25,1,0,test,0.7341395153440333,6.894028986360988,1.1584786644272276,0.01626901789317361,7.628168501705021,0.8220463073720373,0
ds4,13,253.75,1,0,test,0.4762712724373847,7.593750152063007,1.2842277532224307,0.007186072187500459,8.070021424500391,0.8475814033951636,0
ds4,13,254.25,1,0,test,0.6972467120250893,9.478515246013185,0.5042709545546302,0.008763042980818208,10.175761958038274,0.9295944392675026,0
ds4,13,254.75,1,0,test,1.3006140575157494,13.426908532609117,0.39627568144633624,0.00881336279858834,14.727522590124867,0.9884076978942551,0
ds4,13,255.25,1,0,test,1.7291599040595251,21.842044427926435,0.32038304865241723,0.01072629093536769,23.57120433198596,0.9997375807435,0
ds4,13,255.75,1,0,test,0.7638438167017305,25.380322585715138,0.46776929280711027,0.011765622009903755,26.144166402416868,0.9999163295698505,0
ds4,13,256.25,1,0,test,0.9584897509383116,30.131690242812187,0.39095684206366627,0.013508914570717295,31.0901799937505,0.9999910090758463,0
ds4,13,256.75,1,0,test,0.6253587416676242,49.19918411969548,0.4015726976775683,0.016635705244296084,49.824542861363106,0.9999999984947815,0
ds4,13,257.25,1,0,test,0.7910042557281161,72.83599108986951,0.4499718747960262,0.008220506494115858,73.62699534559762,0.999999999999982,1
ds4,13,257.75,1,0,test,0.6273547676537977,98.23545944349591,0.32368327547583253,0.009438524681745412,98.86281421114971,1.0,1
ds4,13,258.25,1,0,test,0.29799652854069464,115.678844669339,0.5579466224106725,0.01067689249382703,115.9768411978797,1.0,1
ds4,13,258.75,1,0,test,0.975718869534032,131.9367379706615,0.48066726161696427,0.01773913786039094,132.91245684019555,1.0,1
ds4,13,259.25,1,0,test,1.9834977713241677,207.77134001051914,0.34989745414530005,0.010174639325633993,209.75483778184332,1.0,1
ds4,13,259.75,1,0,test,2.161210269890582,235.90047340980195,0.35570298240682247,0.012197047082924893,238.06168367969252,1.0,1
ds4,13,260.25,1,0,test,0.906038908892074,267.4390820930084,0.4254226038759366,0.011269949286490173,268.34512100190045,1.0,1
ds4,13,260.75,1,0,test,1.0634795781839588,320.93417703884217,0.39532984326214987,0.013706307619571718,321.9976566170261,1.0,1
ds4,13,261.25,1,0,test,1.1239569723989298,396.63912771269554,0.7087359219543041,0.008020793491128081,397.7630846850945,1.0,1
ds4,13,261.75,1,0,test,2.2147603385857684,455.8954226868246,0.6100419912212355,0.012677291907814983,458.1101830254104,1.0,1
ds4,13,262.25,1,0,test,0.9614923128864283,528.2815225048481,0.5888806987205721,0.015243575382540066,529.2430148177345,1.0,1
ds4,13,262.75,1,0,test,0.7239986697811793,605.6658984593616,0.42559370721703854,0.008253442139654,606.3898971291428,1.0,1
ds4,13,263.25,1,0,test,1.1202380767945488,648.9910369432689,0.694032781275803,0.01341438763616056,650.1112750200634,1.0,1
ds4,13,263.75,1,0,test,1.6630213337395348,797.6198061346793,0.4381367096231466,0.014038708656258584,799.2828274684188,1.0,1
ds4,13,264.25,1,0,test,2.0393618188616465,762.7541295683332,0.43733805608722187,0.007435339820939426,764.7934913871948,1.0,1
ds4,13,264.75,1,0,test,0.6748496328460628,857.2264432309504,1.6568053010784336,0.01216582368973608,857.9012928637965,1.0,1
ds4,13,265.25,1,0,test,1.5351577911502148,1035.196027457388,0.42211203139476006,0.019222253967075657,1036.7311852485382,1.0,1
ds4,13,265.75,1,0,test,0.8766499957984258,985.9881042255963,1.0907094875456393,0.010645788675599075,986.8647542213947,1.0,1
ds4,13,266.25,1,0,test,0.8049851816046673,938.6264396912062,0.6139546075832785,0.009484866022697663,939.4314248728109,1.0,1
ds4,13,266.75,1,0,test,0.9496300047105948,987.1120471549999,0.33082494199044443,0.014453161235818779,988.0616771597105,1.0,1
ds4,13,267.25,1,0,test,0.9516108447502569,995.8422523487418,0.5209481585788251,0.013616971649507351,996.793863193492,1.0,1
ds4,13,267.75,1,0,test,1.1062342537860828,927.2073332981813,0.5861722188755941,0.007281935640118465,928.3135675519674,1.0,1
ds4,13,268.25,1,0,test,1.2300204698147006,785.0241169696789,0.47633101423328433,0.015048194435200233,786.2541374394935,1.0,1
ds4,13,268.75,1,0,test,1.6381371207295485,682.8785489759907,1.259409723391755,0.014501382018476979,684.5166860967203,1.0,1
ds4,13,269.25,1,0,test,1.4108518947241677,613.3296679775009,0.3814474900201647,0.012379367910513934,614.740519872225,1.0,1
ds4,13,269.75,1,0,test,1.9597598763860173,471.96822064635484,0.33925302240483673,0.007983240386087899,473.9279805227409,1.0,1
ds4,13,270.25,1,0,test,1.2498347250075446,377.67828052073395,0.8427397470047686,0.00857839953604052,378.9281152457415,1.0,1
ds4,13,270.75,1,0,test,1.8619252787055767,275.6852532505469,0.7295409141892645,0.010305532595458609,277.5471785292525,1.0,1
ds4,13,271.25,1,0,test,0.7834311300121869,216.7439667883231,0.36152043892132146,0.016246866956494296,217.52739791833528,1.0,1
ds4,13,271.75,1,0,test,2.6574974509621114,169.70496944579122,0.8801600460856979,0.010776348063540756,172.36246689675335,1.0,1
ds4,13,272.25,1,0,test,0.8108097177853061,152.0673751932265,0.41863828830266,0.011058304143961058,152.8781849110118,1.0,1
ds4,13,272.75,1,0,test,0.3477316550748167,111.17462501250867,0.5647758625243351,0.016093313137144898,111.52235666758348,1.0,1
ds4,13,273.25,1,0,test,2.185219657193356,116.17956827155759,0.5207194582360098,0.01679957503759656,118.36478792875094,1.0,1
ds4,13,273.75,1,0,test,1.9584798230856129,114.64812849595506,0.7126651977898503,0.013337126552557076,116.60660831904067,1.0,1
ds4,13,274.25,1,0,test,0.9915353139593088,110.21129383405477,0.5457959612197644,0.018959168424803274,111.20282914801408,1.0,1
ds4,13,274.75,1,0,test,0.48184355147515284,116.51144348137039,0.3354224247377188,0.010712214974041408,116.99328703284554,1.0,1
ds4,13,275.25,1,0,test,0.16262422081249167,112.14863475702298,0.38941558675852367,0.00905142736158688,112.31125897783546,1.0,1
ds4,13,275.75,1,0,test,0.19611677558695914,115.60232629057465,0.40420464620513724,0.007372686344927954,115.79844306616161,1.0,1
ds4,13,276.25,1,0,test,1.2967326434147957,123.5748401680929,0.5326274760746054,0.005640175350522569,124.8715728115077,1.0,1
ds4,13,276.75,1,0,test,0.5909728851683002,122.70480672065422,0.46127662672895386,0.01049957944091135,123.29577960582252,1.0,1
ds4,13,277.25,1,0,test,2.00216124427631,120.04699137362275,0.7388443816262338,0.011386813660609297,122.04915261789905,1.0,1
ds4,13,277.75,1,0,test,1.169009451270118,117.66139586140945,0.5707522262133216,0.007342854913979659,118.83040531267956,1.0,1
ds4,13,278.25,1,0,test,0.27346923042787535,121.07242663314331,0.4073704161486392,0.010922586712525795,121.34589586357119,1.0,1
ds4,13,278.75,1,0,test,0.34470250686358117,124.52442486610575,0.7130423361275156,0.011477926387632183,124.86912737296933,1.0,1
ds4,13,279.25,1,0,test,1.4177665641019386,132.37288359099907,0.6516756419132363,0.012612428150485189,133.790650155101,1.0,1
ds4,13,279.75,1,0,test,0.09398899809205412,107.98986908190035,0.34983701009574797,0.009314981278687894,108.08385807999241,1.0,1
ds4,13,280.25,1,0,test,0.22400098693422252,110.79024898641734,0.3286050404470818,0.007241852441658946,111.01424997335157,1.0,1
ds4,13,280.75,1,0,test,1.366029980065276,124.57037642882744,0.26565606627147054,0.00862165262495882,125.93640640889272,1.0,1
ds4,13,281.25,1,0,test,0.505505145525638,120.39283001196097,2.87987918282225,0.005845971906359928,120.8983351574866,1.0,1
ds4,13,281.75,1,0,test,1.1006601188714213,119.37077560164069,0.5609930255387365,0.012666487568680773,120.4714357205121,1.0,1
ds4,13,282.25,1,0,test,0.7041542141242254,111.43045987080777,0.5939021192703439,0.013399349372179797,112.134614084932,1.0,1
ds4,13,282.75,1,0,test,2.0946681152655833,122.40404690139901,0.2900286326404272,0.014107287455498765,124.49871501666459,1.0,1
ds4,13,283.25,1,0,test,0.6381782846778581,118.90632891531814,0.48051127711546926,0.012045948632638729,119.544507199996,1.0,1
ds4,13,283.75,1,0,test,1.001385465177745,118.78043943689612,0.762477317318299,0.013094421100719856,119.78182490207386,1.0,1
ds4,13,284.25,1,0,test,0.774996163987399,127.49007875205515,0.5017449396778638,0.010449637883531987,128.26507491604255,1.0,1
ds4,13,284.75,1,0,test,1.2501846945445363,108.94666332806985,0.26125278250471773,0.009697272204357609,110.19684802261438,1.0,1
ds4,13,285.25,1,0,test,1.2665145631213124,113.54984843902304,0.2872832703090994,0.011794999197364061,114.81636300214436,1.0,1
ds4,13,285.75,1,0,test,1.1227596160376248,113.57266721659914,0.3999371660251674,0.005972106352993818,114.69542683263677,1.0,1
ds4,13,286.25,1,0,test,0.8898905638162067,114.97293831479037,0.5325149232639275,0.011197385189626433,115.86282887860658,1.0,1
ds4,13,286.75,1,0,test,2.320880685286135,121.41938493144613,0.316539143002828,0.013250780162528519,123.74026561673227,1.0,1
ds4,13,287.25,1,0,test,0.6351705479160482,119.73226640048878,0.7604726214331757,0.011305542107668732,120.36743694840483,1.0,1
ds4,13,287.75,1,0,test,0.5146834390160367,115.41999071635678,0.27520032635040936,0.015284439377919618,115.93467415537282,1.0,1
ds4,13,288.25,1,0,test,0.8500245644602232,116.6806485798546,1.0930681721520348,0.007944652340600602,117.53067314431483,1.0,1
ds4,13,288.75,1,0,test,0.35181425083941553,104.27978854113005,0.3917786876934248,0.019216935774855396,104.63160279196946,1.0,1
ds4,13,289.25,1,0,test,0.5552247213838076,110.09622683827857,1.595421491674371,0.009358845449073764,110.65145155966238,1.0,1
ds4,13,289.75,1,0,test,1.1343570017719458,122.05224417831045,0.3343697686486686,0.010543387605111204,123.18660118008239,1.0,1
ds4,13,290.25,1,0,test,0.7686681228914277,109.62991554688541,0.2605561049999356,0.010811163730967197,110.39858366977684,1.0,1
ds4,13,290.75,1,0,test,1.4059946442783144,111.32647370649171,0.7398486804860283,0.013375941885394402,112.73246835077002,1.0,1
ds4,13,291.25,1,0,test,1.8609291060675606,123.13708269353869,0.5874400177792374,0.010919668800822123,124.99801179960625,1.0,1
ds4,13,291.75,1,0,test,0.8268550520662147,112.94257846442325,0.3139473484849767,0.013070428187180762,113.76943351648947,1.0,1
ds4,13,292.25,1,0,test,0.8480206912564591,112.7578978237082,0.48157937341899165,0.013510857214038033,113.60591851496467,1.0,1
ds4,13,292.75,1,0,test,1.567173207548362,109.41348003767833,0.5817752458700187,0.010581350016846331,110.98065324522669,1.0,1
ds4,13,293.25,1,0,test,0.3977185811091815,131.15014618736436,0.5724816703544428,0.008332116519500868,131.54786476847354,1.0,1
ds4,13,293.75,1,0,test,0.2595015510728556,123.89797242794947,0.41571689156579356,0.013646170398931949,124.15747397902233,1.0,1
ds4,13,294.25,1,0,test,2.9928612588266756,111.04176955707105,0.5075085970853088,0.010871368295188935,114.03463081589773,1.0,1
ds4,13,294.75,1,0,test,0.9513124184895854,119.13037842615016,0.42970036411961815,0.012959918966552825,120.08169084463974,1.0,1
ds4,13,295.25,1,0,test,2.1178501834795513,120.65929423070688,0.6407835917062031,0.012558301491014199,122.77714441418642,1.0,1
ds4,13,295.75,1,0,test,1.12443107752669,123.12140049381885,0.6271755927910784,0.011913994406725264,124.24583157134555,1.0,1
ds4,13,296.25,1,0,test,0.5246452649298152,116.91699833787484,0.5338625829613332,0.015007500659207983,117.44164360280466,1.0,1
ds4,13,296.75,1,0,test,0.32451717381995215,119.77537372212596,0.8295675049309245,0.009524367018238052,120.09989089594592,1.0,1
ds4,13,297.25,1,0,test,1.0069132446850317,98.35842703051877,0.29388634898664445,0.013430427599778989,99.3653402752038,1.0,1
ds4,13,297.75,1,0,test,0.638565125521618,123.92515361437663,0.33396199583423514,0.01238180567465119,124.56371873989825,1.0,1
ds4,13,298.25,1,0,test,1.1051514473928463,128.29813686553405,0.39042085968920065,0.012520406441240554,129.4032883129269,1.0,1
ds4,13,298.75,1,0,test,2.3946438748314836,132.43574519293716,7.087029541558658,0.008390585520853856,134.83038906776864,1.0,1
ds4,13,299.25,1,0,test,1.038242457882035,116.81577693170983,0.7072378103494205,0.011330048531007086,117.85401938959187,1.0,1
ds4,13,299.75,1,0,test,0.5935612234691532,95.04090919380636,0.5183363802076925,0.011113405624666109,95.63447041727551,1.0,1
ds4,13,300.25,1,0,test,0.8213981352597733,122.58730106959176,0.5161042484915329,0.009023783216532357,123.40869920485153,1.0,1
ds4,13,300.75,1,0,test,0.7082930376503134,110.7268703943176,0.37487772494317223,0.010410216911639826,111.43516343196791,1.0,1
ds4,13,301.25,1,0,test,1.0311040261074556,109.48787991331874,0.7118687499175652,0.010830358773101506,110.51898393942619,1.0,1
ds4,13,301.75,1,0,test,0.44752615240485993,119.00238963341977,1.0497480211996437,0.013673138776528055,119.44991578582463,1.0,1
ds4,13,302.25,1,0,test,0.5159996385671278,107.84830800233554,0.8096553083937499,0.009221132664838075,108.36430764090267,1.0,1
ds4,13,302.75,1,0,test,2.4622668592959513,117.8885931663299,1.1993031158227654,0.009684568329527361,120.35086002562585,1.0,1
ds4,13,303.25,1,0,test,1.1191366977862183,117.91207509804258,0.6688018112966924,0.013584137586820361,119.0312117958288,1.0,1
ds4,13,303.75,1,0,test,1.2981694512223998,119.92882243486417,1.4696494341316588,0.01154439217716482,121.22699188608658,1.0,1
ds4,13,304.25,1,0,test,1.1626191019489343,110.72941093436317,0.6091925687702751,0.011125816975512147,111.89203003631211,1.0,1
ds4,13,304.75,1,0,test,0.48780291668970555,105.73876142776119,0.24151893818246942,0.011573226076993423,106.22656434445089,1.0,1
ds4,13,305.25,1,0,test,0.6070426672296023,129.13088426184734,0.2929398985389343,0.013572275971758854,129.73792692907693,1.0,1
ds4,13,305.75,1,0,test,1.523218053101435,115.87443006185906,0.9380836372066389,0.010341611082417875,117.39764811496049,1.0,1
ds4,13,306.25,1,0,test,0.5692886902591444,113.01149425879187,0.30422020171317216,0.01346621596675399,113.58078294905101,1.0,1
ds4,13,306.75,1,0,test,1.0911332209122393,128.8595244128906,0.37561104624823993,0.01290230785386619,129.95065763380285,1.0,1
ds4,13,307.25,1,0,test,0.6883280264197414,123.13105763075124,0.415182408879321,0.011593321895253875,123.81938565717098,1.0,1
ds4,13,307.75,1,0,test,1.4402720419104282,109.45321790368673,0.4431728971015829,0.010835196547405291,110.89348994559717,1.0,1
ds4,13,308.25,1,0,test,1.9721130098170574,115.44871664241947,1.053624838979897,0.010762031238777985,117.42082965223652,1.0,1
ds4,13,308.75,1,0,test,1.7790749907719021,98.99820252050446,0.5488259998054698,0.012399155681682627,100.77727751127637,1.0,1
ds4,13,309.25,1,0,test,1.3835973914003412,124.28083691306198,0.6878941388439322,0.01577780462846166,125.66443430446232,1.0,1
ds4,13,309.75,1,0,test,1.2158945652126791,119.39949793525194,0.38856613127991746,0.01169196402534233,120.61539250046462,1.0,1
ds4,13,310.25,1,0,test,0.8852917345000567,108.76586949207841,0.6689115183306994,0.010639736686709065,109.65116122657847,1.0,1
ds4,13,310.75,1,0,test,1.4822362799754418,121.03775361073812,0.2704633334576352,0.011232680289821134,122.51998989071356,1.0,1
ds4,13,311.25,1,0,test,0.49110543395712203,115.20709331740906,0.49765503000381944,0.011549936575946888,115.69819875136618,1.0,1
ds4,13,311.75,1,0,test,4.317110977943216,117.61813231958965,0.8959834427345783,0.010727360584671136,121.93524329753286,1.0,1
ds4,13,312.25,1,0,test,0.6337161975803028,115.46169673291456,0.4421658526378746,0.008391546427095236,116.09541293049486,1.0,1
ds4,13,312.75,1,0,test,0.7971158040994436,116.60175366287534,0.33464440339755863,0.014375804959738893,117.39886946697479,1.0,1
ds4,13,313.25,1,0,test,1.5585139252589209,112.71768971898865,0.8990598071276166,0.01618739943096095,114.27620364424757,1.0,1
ds4,13,313.75,1,0,test,0.9609156088498971,133.2586125118685,0.2414671903087495,0.012438487628732285,134.2195281207184,1.0,1
ds4,13,314.25,1,0,test,0.8343114907805476,122.85267555802012,0.6407822815810587,0.009037143195439568,123.68698704880067,1.0,1
ds4,13,314.75,1,0,test,0.23892555516425243,111.78158775352756,0.5153539317447345,0.013293524444817933,112.02051330869182,1.0,1
ds4,13,315.25,1,0,test,0.2697356417958213,110.5029508492769,0.4479078801039342,0.01517143764475263,110.77268649107272,1.0,1
ds4,13,315.75,1,0,test,0.09323599197308181,112.51733043909616,2.432929816565644,0.010727139338557618,112.61056643106924,1.0,1
ds4,13,316.25,1,0,test,0.1321194361388215,114.3682369647147,0.4277690561868018,0.011966798148210216,114.50035640085352,1.0,1
ds4,13,316.75,1,0,test,0.32783150479457435,121.78368292663204,0.43488559647284303,0.014165902384212505,122.11151443142661,1.0,1
ds4,13,317.25,1,0,test,0.5252253058282237,118.63169714329455,0.5408418945360136,0.008175597240066319,119.15692244912277,1.0,1
ds4,13,317.75,1,0,test,1.3775188878635096,123.24886347919643,0.4493065368876991,0.00952750202331656,124.62638236705995,1.0,1
ds4,13,318.25,1,0,test,1.0887066890497303,113.06539969932159,0.5811322685333216,0.0136443361408786,114.15410638837132,1.0,1
ds4,13,318.75,1,0,test,1.1736438629711292,118.53355012908789,0.268782257994877,0.017605971184194904,119.70719399205902,1.0,1
ds4,13,319.25,1,0,test,1.0216687750975886,116.19035073497744,0.5413748072165128,0.00962332313735319,117.21201951007504,1.0,1
ds4,13,319.75,1,0,test,4.658795622835008,112.49097185123316,0.5453841833585323,0.008644683811708595,117.14976747406817,1.0,1
ds4,13,320.25,1,0,test,0.7065177871888948,118.34068452897085,0.40711835649453726,0.007634308920692712,119.04720231615975,1.0,1
ds4,13,320.75,1,0,test,1.3058984849429263,123.87662431012099,0.4926017412616584,0.011312377212479815,125.18252279506392,1.0,1
ds4,13,321.25,1,0,test,1.5334523634206447,113.04954286569885,0.23791728140776627,0.012321787450338503,114.5829952291195,1.0,1
ds4,13,321.75,1,0,test,0.6616188534369795,123.1211025242861,0.25913943228195035,0.008794273012139102,123.78272137772308,1.0,1
ds4,13,322.25,1,0,test,0.5866035243159008,119.2820365242092,0.700747259674644,0.008159367153322787,119.86864004852511,1.0,1
ds4,13,322.75,1,0,test,2.295792312316368,125.0284866192555,0.2628111133466387,0.010448090467350747,127.32427893157187,1.0,1
ds4,13,323.25,1,0,test,8.307130866120797,103.02341810856073,0.31257841306624595,0.008648295372458373,111.33054897468153,1.0,1
ds4,13,323.75,1,0,test,0.28750156306314806,127.26556487341173,0.8841840984884969,0.01390196020090273,127.55306643647488,1.0,1
ds4,13,324.25,1,0,test,2.018226262032871,105.32644551919489,0.33201012539775615,0.008261649198706264,107.34467178122776,1.0,1
ds4,13,324.75,1,0,test,0.7479254420155586,99.50791088550639,0.3761912148551525,0.01194917733284758,100.25583632752195,1.0,1
ds4,13,325.25,1,0,test,0.20615598744137417,121.04807598461596,0.4686381545114291,0.01200846892600733,121.25423197205734,1.0,1
ds4,13,325.75,1,0,test,0.011969896140414568,112.57965323163076,2.8501383727481255,0.010931975149048274,112.59162312777117,1.0,1
ds4,13,326.25,1,0,test,0.43858217513254644,125.90232054592448,0.741582153151389,0.01575662398793013,126.34090272105703,1.0,1
ds4,13,326.75,1,0,test,0.8923586119277088,116.0651099072143,0.3683386080251418,0.01032961599777518,116.95746851914201,1.0,1
ds4,13,327.25,1,0,test,0.8952715795134975,103.85466978593152,0.3205493977300482,0.010809999048636672,104.74994136544501,1.0,1
ds4,13,327.75,1,0,test,0.9278448799194917,108.03517007345044,0.6577696964603804,0.011768713772529816,108.96301495336994,1.0,1
ds4,13,328.25,1,0,test,0.1295676351074718,116.33295914300768,0.32839564233988205,0.009515414342714646,116.46252677811516,1.0,1
ds4,13,328.75,1,0,test,0.2793096258684041,104.32100820714429,1.179384825886959,0.01270697892977586,104.6003178330127,1.0,1
ds4,13,329.25,1,0,test,1.0020936060375918,124.29312520656501,1.0934441893198736,0.015003988012393275,125.2952188126026,1.0,1
ds4,13,329.75,1,0,test,1.104076070966075,121.55420342489143,0.55922562143214,0.015336946876294501,122.6582794958575,1.0,1
ds4,13,330.25,1,0,test,0.8201296756251286,128.84135998580481,0.4156382985517496,0.01049225446195776,129.66148966142995,1.0,1
ds4,13,330.75,1,0,test,0.29283905409846106,118.99888259897837,0.29970575898684926,0.01101849505590234,119.29172165307683,1.0,1
ds4,13,331.25,1,0,test,0.4925511164938821,109.63967693108121,0.6596094133959856,0.010404221932180102,110.1322280475751,1.0,1
ds4,13,331.75,1,0,test,0.5948282334844242,110.15510359530363,0.4438358053597004,0.007237746087402229,110.74993182878805,1.0,1
ds4,13,332.25,1,0,test,0.8180349523609232,120.56035759660664,0.5940892784927522,0.01200281359563486,121.37839254896755,1.0,1
ds4,13,332.75,1,0,test,1.0462826927196065,133.20629719369558,0.38781813352209926,0.014147739349433138,134.2525798864152,1.0,1
ds4,13,333.25,1,0,test,0.6232856778271447,114.52555362979953,0.687291351722979,0.0068980163398664465,115.14883930762667,1.0,1
ds4,13,333.75,1,0,test,0.3532328879741766,114.0070940656674,0.5127120846661185,0.011874620109642698,114.36032695364158,1.0,1
ds4,13,334.25,1,0,test,1.093835587684902,113.91647849756552,0.5333900881028392,0.011235521070948466,115.01031408525043,1.0,1
ds4,13,334.75,1,0,test,1.1344744729905547,114.85032415501807,0.34916780931533975,0.010585089185126082,115.98479862800863,1.0,1
ds4,13,335.25,1,0,test,0.13706201403707655,118.68238613878167,2.822801782219637,0.008978924743011988,118.81944815281874,1.0,1
ds4,13,335.75,1,0,test,0.6848769230285741,124.44450385318717,12.406541429081406,0.011003374806408735,125.12938077621574,1.0,1
ds4,13,336.25,1,0,test,0.20526883311967983,135.98839456112376,0.4620509974348443,0.009881965130562258,136.19366339424343,1.0,1
ds4,13,336.75,1,0,test,1.0249404347920288,113.18976320628136,0.5687418103993841,0.012960536964636369,114.21470364107338,1.0,1
ds4,13,337.25,1,0,test,0.5640271493356499,114.76046372674674,0.9663299781248225,0.01705139461204201,115.32449087608238,1.0,1
ds4,13,337.75,1,0,test,0.09736737416346337,121.24520078251837,0.4293883646826095,0.012471874806527523,121.34256815668184,1.0,1
ds4,13,338.25,1,0,test,0.1419845860919838,114.10436506861129,0.7575171737231334,0.01257716410113569,114.24634965470327,1.0,1
ds4,13,338.75,1,0,test,0.1160456603196124,115.69404506305027,0.22745985686406542,0.010087441835666068,115.81009072336988,1.0,1
ds4,13,339.25,1,0,test,1.2128402031641219,115.67646461595595,1.3758390036166182,0.012311977482061993,116.88930481912007,1.0,1
ds4,13,339.75,1,0,test,1.7736879770549285,116.50734855471485,0.4364449065223712,0.009906864967058917,118.28103653176979,1.0,1
ds4,13,340.25,1,0,test,1.7256253592368058,118.72104805139182,0.7469249570890746,0.01150981218251537,120.44667341062862,1.0,1
ds4,13,340.75,1,0,test,0.2550589253222937,124.6705269011149,0.39567145013225735,0.014322584144225594,124.92558582643719,1.0,1
ds4,13,341.25,1,0,test,0.5076775177763414,119.29977598312306,0.6929158476804577,0.015536819465680838,119.8074535008994,1.0,1
ds4,13,341.75,1,0,test,1.290644786240198,118.34763636187043,0.2871875401626715,0.01357927533550737,119.63828114811062,1.0,1
ds4,13,342.25,1,0,test,0.3044253260623548,121.45432273278489,0.3910793163491133,0.012609133728285237,121.75874805884725,1.0,1
ds4,13,342.75,1,0,test,1.4465730575512756,107.24830809706356,0.3313243677621587,0.014717348042708562,108.69488115461483,1.0,1
ds4,13,343.25,1,0,test,1.9336535984224479,115.54441283434298,9.913537258241725,0.009873331652646799,117.47806643276543,1.0,1
ds4,13,343.75,1,0,test,0.9911184343582331,127.99455863537891,0.24638580056379486,0.011061796259695063,128.98567706973714,1.0,1
ds4,13,344.25,1,0,test,1.1793638185203488,128.78813512460562,0.4775369819648607,0.01692073730908201,129.96749894312597,1.0,1
ds4,13,344.75,1,0,test,1.3563780690819718,124.64459687734629,0.23175527211523803,0.01048910634064236,126.00097494642826,1.0,1
ds4,13,345.25,1,0,test,1.239034353310685,122.50415767143814,1.1448625122072025,0.016896219990721422,123.74319202474882,1.0,1
ds4,13,345.75,1,0,test,1.3051103897859766,111.7277204375376,0.6932307767502569,0.007172821955572073,113.03283082732358,1.0,1
ds4,13,346.25,1,0,test,1.248413855076388,115.83813525465624,0.3086305149847126,0.007295816747516759,117.08654910973263,1.0,1
ds4,13,346.75,1,0,test,0.6570327894104859,123.12136014996642,0.3923190906682477,0.015330630980939541,123.7783929393769,1.0,1
ds4,13,347.25,1,0,test,0.7298319482357145,141.33483652200292,0.28339554057487315,0.008599387092563516,142.06466847023864,1.0,1
ds4,13,347.75,1,0,test,1.1937151517555185,144.01935424433861,0.6500773136058883,0.010928395735390164,145.21306939609414,1.0,1
ds4,13,348.25,1,0,test,1.3663645739731014,128.3668787626864,0.42725987083574346,0.009798212839344799,129.7332433366595,1.0,1
ds4,13,348.75,1,0,test,0.5964952311511426,110.85711489179556,13.337936686191,0.018058623408656257,111.4536101229467,1.0,1
ds4,13,349.25,1,0,test,0.7143864616288668,113.23477160682255,0.2619817310688056,0.008680987707851754,113.94915806845141,1.0,1
ds4,13,349.75,1,0,test,0.8632111953199537,126.24396210890777,0.7458866187081988,0.01146367338193956,127.10717330422771,1.0,1
ds4,13,350.25,1,0,test,1.0831348131761482,110.25065027577932,0.6509249779125501,0.013696860513544755,111.33378508895547,1.0,1
ds4,13,350.75,1,0,test,1.1431424342154808,134.52715938109355,0.7501646926307076,0.01575121306222919,135.67030181530905,1.0,1
ds4,13,351.25,1,0,test,2.1575312133986553,112.32968037035923,0.5292936685161753,0.011585540209487707,114.48721158375788,1.0,1
ds4,13,351.75,1,0,test,1.6838599522536686,102.41589009847722,1.053639631854514,0.011733858261339125,104.09975005073089,1.0,1
ds4,13,352.25,1,0,test,1.7031870514283707,116.13574115623352,0.44614396406856277,0.012527395341501843,117.8389282076619,1.0,1
ds4,13,352.75,1,0,test,1.2828110382512228,108.02638232591222,0.22009453333745096,0.009033329107157841,109.30919336416345,1.0,1
ds4,13,353.25,1,0,test,2.4027811793856553,120.93642855198779,0.2950467834420131,0.012953388713947099,123.33920973137344,1.0,1
ds4,13,353.75,1,0,test,1.757247970867614,106.09667045982064,0.26650788853446555,0.009950688375458986,107.85391843068825,1.0,1
ds4,13,354.25,1,0,test,1.5711135779531857,118.53076366963322,0.333102596143059,0.00622007783344772,120.1018772475864,1.0,1
ds4,13,354.75,1,0,test,1.9376519601639937,119.7290061835298,0.8329450159582372,0.010007485578773142,121.6666581436938,1.0,1
ds4,13,355.25,1,0,test,3.793602197612584,113.408356618297,0.3440696489268987,0.015424329362990171,117.20195881590959,1.0,1
ds4,13,355.75,1,0,test,2.402999444459539,106.40212309665152,0.4175807238739894,0.011841118153690273,108.80512254111106,1.0,1
ds4,13,356.25,1,0,test,2.2506377000225712,119.0070252776656,0.48249320539670826,0.011091705634173657,121.25766297768817,1.0,1
ds4,13,356.75,1,0,test,3.011429103212264,108.28072301225156,0.4882656771577562,0.010766681031045978,111.29215211546382,1.0,1
ds4,13,357.25,1,0,test,3.8321846371617894,123.54171779266407,1.2349925753398836,0.013107135440283269,127.37390242982586,1.0,1
ds4,13,357.75,1,0,test,3.562407915462645,115.34221636185708,0.3766682352042045,0.011990708524587603,118.90462427731973,1.0,1
ds4,13,358.25,1,0,test,1.9950023175493836,126.71111253509885,0.4825318295580952,0.009705923884201594,128.70611485264823,1.0,1
ds4,13,358.75,1,0,test,2.3102931086025915,102.96342377683244,0.47025209484026853,0.010796807344201461,105.27371688543504,1.0,1
ds4,13,359.25,1,0,test,2.368503409496087,117.1339672830897,0.5388343042107077,0.014019255617786794,119.50247069258579,1.0,1
ds4,13,359.75,1,0,test,1.2461244087141923,115.50858012475442,0.6292233704889517,0.012438048865541246,116.75470453346861,1.0,1
ds4,13,360.25,1,0,test,0.8001416752870883,122.21797680377502,1.1110983466474713,0.010211580467468836,123.01811847906211,1.0,1
ds4,13,360.75,1,0,test,0.6577591018952914,115.14877360176061,2.5120084908623537,0.010146182100383153,115.8065327036559,1.0,1
ds4,13,361.25,1,0,test,2.5245289632079118,122.24608013904009,0.3079775683851533,0.011590301678598508,124.770609102248,1.0,1
ds4,13,361.75,1,0,test,0.9126381183920549,111.40415492182996,0.7637929238999842,0.008754442885791618,112.31679304022201,1.0,1
ds4,13,362.25,1,0,test,2.3511134909253566,112.46394852259596,0.5548424064449221,0.011979124696487601,114.81506201352131,1.0,1
ds4,13,362.75,1,0,test,1.0237627049150992,106.20695511624454,0.4128869832413325,0.013414311859398226,107.23071782115964,1.0,1
ds4,13,363.25,1,0,test,4.429479335683098,115.75600436005591,0.7057574230388034,0.010792439684673989,120.18548369573901,1.0,1
ds4,13,363.75,1,0,test,0.4813337050588393,127.749843641959,0.46670881229632377,0.013418237932613368,128.23117734701785,1.0,1
ds4,13,364.25,1,0,test,1.0466075125843783,108.50196036276947,0.5635504024940756,0.013732079400930325,109.54856787535384,1.0,1
ds4,13,364.75,1,0,test,0.7200906732838531,115.50319591398681,0.6506779478618996,0.013865668325547151,116.22328658727066,1.0,1
ds4,13,365.25,1,0,test,1.1778483605985297,128.89791613414596,0.7614933626828508,0.011060995427444556,130.07576449474448,1.0,1
ds4,13,365.75,1,0,test,0.5805932631251066,108.42384389717418,0.3564477453150518,0.012534360563559473,109.00443716029929,1.0,1
ds4,13,366.25,1,0,test,0.7000862752829289,115.42866295556335,0.706676543240539,0.010325817812929183,116.12874923084628,1.0,1
ds4,13,366.75,1,0,test,0.7592930027377941,118.99154990156386,0.36713942699137375,0.012002768046646437,119.75084290430165,1.0,1
ds4,13,367.25,1,0,test,5.267845881587394,111.89392790673851,0.40963118541169574,0.009964682817209433,117.1617737883259,1.0,1
ds4,13,367.75,1,0,test,1.5629261029427506,121.47069197214954,1.07399329420846,0.007167475453460531,123.03361807509229,1.0,1
ds4,13,368.25,1,0,test,2.891755773803759,109.63844668987973,0.3215087750880913,0.010323657893936666,112.5302024636835,1.0,1
ds4,13,368.75,1,0,test,1.372092056976332,129.2548906325805,0.3624017340589937,0.013808940703970662,130.62698268955683,1.0,1
ds4,13,369.25,1,0,test,1.4598098349012445,107.59946881739663,0.3132618126134043,0.012192813060846948,109.05927865229788,1.0,1
ds4,13,369.75,1,0,test,1.1267515861184312,117.30270687752164,0.49050808798617107,0.009156679206914185,118.42945846364007,1.0,1
ds4,13,370.25,1,0,test,0.563145252382426,110.15543400535383,0.3239005065759244,0.012686004431340943,110.71857925773625,1.0,1
ds4,13,370.75,1,0,test,2.568926462801706,114.83595240250868,1.906236011838393,0.010342974834635983,117.4048788653104,1.0,1
ds4,13,371.25,1,0,test,0.6868861165725316,116.35907486910479,0.31408801578735285,0.012496954339147812,117.04596098567733,1.0,1
ds4,13,371.75,1,0,test,0.5218310664680518,120.71823876594871,0.6769210148063103,0.009832929421980972,121.24006983241676,1.0,1
ds4,13,372.25,1,0,test,0.11831424516438946,121.04073886263606,0.3675074252451062,0.008975052119928814,121.15905310780045,1.0,1
ds4,13,372.75,1,0,test,1.7387059162862042,107.2753809495127,0.6904956345911331,0.01419457353517821,109.0140868657989,1.0,1
ds4,13,373.25,1,0,test,0.08961050570672892,117.41694919641742,0.35685071202742774,0.007776695928462295,117.50655970212415,1.0,1
ds4,13,373.75,1,0,test,1.0542110918874092,122.51668971117236,0.3524492729342794,0.01666251478109626,123.57090080305977,1.0,1
ds4,13,374.25,1,0,test,0.2908536238945615,104.93682126475225,1.888494909921939,0.01049640184085159,105.22767488864682,1.0,1
ds4,13,374.75,1,0,test,1.22689180583943,124.06670350260737,0.4249340507377839,0.013173680982421127,125.2935953084468,1.0,1
ds4,13,375.25,1,0,test,1.414010263713406,118.15785735557034,0.6177951700052845,0.009019598373798251,119.57186761928375,1.0,1
ds4,13,375.75,1,0,test,2.105849452760179,124.17586359767012,0.6879014318326969,0.014690574682889873,126.2817130504303,1.0,1
ds4,13,376.25,1,0,test,0.15587930042576592,122.00754502745377,0.4387058088543315,0.009838798991925739,122.16342432787954,1.0,1
ds4,13,376.75,1,0,test,0.43426835768671385,120.29116769955802,1.0096937292261,0.009017270676080663,120.72543605724474,1.0,1
ds4,13,377.25,1,0,test,2.471267490281166,121.95915274913146,0.44337083078453005,0.008078965237433892,124.43042023941263,1.0,1
ds4,13,377.75,1,0,test,0.11571445883365507,121.03531914857456,0.49717758403054124,0.010146329869918636,121.15103360740821,1.0,1
ds4,13,378.25,1,0,test,1.1038164557822683,126.74190113197912,0.27257017175876647,0.01148305973631325,127.84571758776138,1.0,1
ds4,13,378.75,1,0,test,0.8750725879716316,127.27725599596849,0.2884464556843816,0.018042789896826332,128.15232858394012,1.0,1
ds4,13,379.25,1,0,test,0.23620096523684,117.51619587391217,0.5509856468922223,0.011267779801337429,117.75239683914901,1.0,1
ds4,13,379.75,1,0,test,1.2152849217654007,107.9670285578906,0.8389125725456394,0.014111124479870906,109.182313479656,1.0,1
ds4,13,380.25,1,0,test,0.8894390958529246,124.05597938565,0.44680786258216343,0.013709388443504852,124.94541848150293,1.0,1
ds4,13,380.75,1,0,test,0.7146450029916729,97.87447155212193,0.9292175205450581,0.010169848377026157,98.5891165551136,1.0,1
ds4,13,381.25,1,0,test,0.08786930808171971,103.73351154204839,0.355906617820048,0.013534223139575223,103.82138085013011,1.0,1
ds4,13,381.75,1,0,test,1.3548447617404444,113.90145880567574,0.7299297710069195,0.013207178732813834,115.25630356741618,1.0,1
ds4,13,382.25,1,0,test,0.2616499775177277,116.53562709912251,0.6225444690015681,0.011547603812932499,116.79727707664024,1.0,1
ds4,13,382.75,1,0,test,1.2314253980181185,118.587672677848,0.2911732481357487,0.014423245898237347,119.81909807586612,1.0,1
ds4,13,383.25,1,0,test,1.4304160160354369,103.31849422260284,0.298055133101069,0.013505023822382249,104.74891023863827,1.0,1
ds4,13,383.75,1,0,test,0.267842767248872,114.10122672715819,0.35661557225420853,0.011753497253470576,114.36906949440706,1.0,1
ds4,13,384.25,1,0,test,0.2947069739868554,123.46608097241,0.6784240369938002,0.00784750902179579,123.76078794639686,1.0,1
ds4,13,384.75,1,0,test,1.4396730767203274,116.58661087748273,0.3492543231659946,0.016010680634025193,118.02628395420305,1.0,1
ds4,13,385.25,1,0,test,0.2786535612626456,122.08349281346736,1.3421399239940834,0.007198666615208339,122.36214637473,1.0,1
ds4,13,385.75,1,0,test,0.2622984087518147,119.55238736219893,0.5617123504974448,0.012751515819720055,119.81468577095075,1.0,1
ds4,13,386.25,1,0,test,0.14278616769050068,115.03589163019622,0.3649782964723179,0.012037423270494962,115.17867779788672,1.0,1
ds4,13,386.75,1,0,test,0.20494737445269248,124.28854035634062,0.4432090742071168,0.014117049027399893,124.4934877307933,1.0,1
ds4,13,387.25,1,0,test,0.8392935161562176,117.03954447860286,0.48460714589993387,0.011539343545620313,117.87883799475908,1.0,1
ds4,13,387.75,1,0,test,3.4709674160695347,123.95998052268492,0.8592318500767934,0.012292565276386202,127.43094793875446,1.0,1
ds4,13,388.25,1,0,test,0.24226469007755952,127.69700955134512,0.735180190846027,0.010668192500793497,127.93927424142268,1.0,1
ds4,13,388.75,1,0,test,0.31757426741695866,103.0100002709228,0.7131493766124612,0.01302174215575411,103.32757453833976,1.0,1
ds4,13,389.25,1,0,test,1.75130084710615,115.77412336588498,0.639476078546163,0.01748055243318483,117.52542421299113,1.0,1
ds4,13,389.75,1,0,test,2.0982458829230843,127.2179567671481,0.42002853081040054,0.01139715271949432,129.31620265007118,1.0,1
ds4,13,390.25,1,0,test,0.47077520579673454,112.53082532101332,0.3771013995637185,0.010258371180485348,113.00160052681007,1.0,1
ds4,13,390.75,1,0,test,0.19184945121775615,113.79155127048666,0.591562937623315,0.010375886217336488,113.98340072170443,1.0,1
ds4,13,391.25,1,0,test,1.6075768363574725,129.49229124723973,0.4814451238375972,0.010934966088799875,131.09986808359722,1.0,1
ds4,13,391.75,1,0,test,0.3511502117251696,117.15146367718309,0.7421220054564781,0.010371666565109693,117.50261388890826,1.0,1
ds4,13,392.25,1,0,test,0.6372112953389654,114.10001868702709,0.5164975940422444,0.011620509034804122,114.73722998236606,1.0,1
ds4,13,392.75,1,0,test,0.40520809565485927,115.758692512026,0.9024372923996584,0.013062410378643701,116.16390060768086,1.0,1
ds4,13,393.25,1,0,test,0.9860324259259009,123.28418405506886,0.4388148525598881,0.013278242395343674,124.27021648099476,1.0,1
ds4,13,393.75,1,0,test,0.026033161511919173,115.55702873335534,0.6824096502581117,0.009893856216074302,115.58306189486726,1.0,1
ds4,13,394.25,1,0,test,0.6543049646243047,100.63018482471315,0.3358000889054235,0.011030300080285153,101.28448978933746,1.0,1
ds4,13,394.75,1,0,test,1.1241701013965502,113.59890915319856,0.4630188699769743,0.01325221388455924,114.7230792545951,1.0,1
ds4,13,395.25,1,0,test,0.9719373012474548,119.91767262525589,1.0488462163446595,0.015903298846172705,120.88960992650334,1.0,1
ds4,13,395.75,1,0,test,0.022208392469587623,117.74228558644717,0.42997822498871824,0.010885785164280123,117.76449397891676,1.0,1
ds4,13,396.25,1,0,test,0.2005923295310412,117.6629006677494,1.5196920384578254,0.016463009841466425,117.86349299728045,1.0,1
ds4,13,396.75,1,0,test,1.023388414121462,118.84684977167855,0.3778295892228132,0.009608236607868437,119.8702381858,1.0,1
ds4,13,397.25,1,0,test,0.016925289535748882,113.8430407759987,0.30597680075680345,0.01232368809545301,113.85996606553445,1.0,1
ds4,13,397.75,1,0,test,0.7034899349075606,115.15486377212414,0.3269369370070604,0.011863362307006546,115.85835370703171,1.0,1
ds4,13,398.25,1,0,test,0.07181855208117814,113.77587409297735,0.362919105299811,0.007496498532718325,113.84769264505853,1.0,1
ds4,13,398.75,1,0,test,0.1977007964171672,118.09378244908159,0.3842786539697984,0.014339607467724617,118.29148324549875,1.0,1
ds4,13,399.25,1,0,test,0.11151928758480359,115.869528083577,0.4531914512274593,0.013188871186487039,115.9810473711618,1.0,1
ds4,13,399.75,1,0,test,0.33152190535619,112.75281370471302,0.30917120433577505,0.00815981371263438,113.0843356100692,1.0,1
ds4,13,400.25,1,0,test,0.19540910306542916,103.73233236944998,0.40835721907356387,0.011090236554669194,103.92774147251541,1.0,1
ds4,13,400.75,1,0,test,0.9169432950032418,99.91948803374987,0.34456020989048813,0.016790524575728306,100.83643132875311,1.0,1
ds4,13,401.25,1,0,test,0.5451005000238953,115.03308593415122,0.7076538079767695,0.010839343780491227,115.57818643417511,1.0,1
ds4,13,401.75,1,0,test,1.0664435687913238,111.82232918863184,0.3362625295855607,0.006088887335624527,112.88877275742317,1.0,1
ds4,13,402.25,1,0,test,0.9286894169589317,110.21605365907648,0.4059314446326737,0.007917602702461408,111.14474307603541,1.0,1
ds4,13,402.75,1,0,test,1.4941274990895623,119.26220064152656,0.5155978239638428,0.01555688098397874,120.75632814061612,1.0,1
ds4,13,403.25,1,0,test,1.5374396643155406,122.32965387887461,0.43584239025545773,0.014244865453024256,123.86709354319015,1.0,1
ds4,13,403.75,1,0,test,0.3063872370087875,120.24930866928082,0.4225075231297593,0.010851927869511882,120.55569590628961,1.0,1
ds4,13,404.25,1,0,test,0.5006416063121214,115.77890789323612,0.6473633186718694,0.00955740777024796,116.27954949954824,1.0,1
ds4,13,404.75,1,0,test,0.2924547269498542,114.70944677222036,0.3491834277851002,0.010101997911847556,115.00190149917022,1.0,1
ds4,13,405.25,1,0,test,0.22825121945414628,117.22501081140203,0.34561857598701157,0.011625722012182167,117.45326203085618,1.0,1
ds4,13,405.75,1,0,test,0.5155677950065671,120.3383681564599,0.5354783939928766,0.014014526251441065,120.85393595146645,1.0,1
ds4,13,406.25,1,0,test,0.4788365635866041,113.63322429211544,1.0030749506056316,0.01485685695612263,114.11206085570204,1.0,1
ds4,13,406.75,1,0,test,0.16286592654455587,115.88401359091426,0.520992263457925,0.014484601259448723,116.04687951745882,1.0,1
ds4,13,407.25,1,0,test,1.1693799205015016,115.90099882207822,0.42868407038752265,0.015341302667839389,117.07037874257972,1.0,1
ds4,13,407.75,1,0,test,0.13199718536372163,124.83983474006324,4.866675363041652,0.009854401620277823,124.97183192542695,1.0,1
ds4,13,408.25,1,0,test,0.20572407990761418,127.33786805667509,0.8988185957000828,0.013619806206013713,127.5435921365827,1.0,1
ds4,13,408.75,1,0,test,7.2972983731796575,107.06923982688554,0.4483463958686517,0.01594042622106452,114.3665382000652,1.0,1
ds4,13,409.25,1,0,test,0.5884773435842211,125.32992803956809,0.33587124641232724,0.010203507035691978,125.9184053831523,1.0,1
ds4,13,409.75,1,0,test,0.03327911834535778,128.20210586110042,0.41324309553059757,0.011441141491251793,128.23538497944577,1.0,1
ds4,13,410.25,1,0,test,0.18675389495679456,117.15788571401838,0.4079122351904543,0.012950004178293761,117.34463960897517,1.0,1
ds4,13,410.75,1,0,test,0.6072820315324731,121.0013900177532,1.0452484023245516,0.017895811742648156,121.60867204928567,1.0,1
ds4,13,411.25,1,0,test,0.7632869549716204,114.45239905724317,1.063647810218583,0.008647397203935935,115.21568601221479,1.0,1
ds4,13,411.75,1,0,test,0.043293483217275636,107.5223252770907,0.4077277751354728,0.010241118006540744,107.56561876030797,1.0,1
ds4,13,412.25,1,0,test,0.07761194006724664,112.48332745979961,0.29808976628026096,0.014301423249369935,112.56093939986685,1.0,1
ds4,13,412.75,1,0,test,0.19998704715646737,113.66734175849993,0.536069028672898,0.011693388247814296,113.8673288056564,1.0,1
ds4,13,413.25,1,0,test,1.000448857311344,116.28594914938412,0.7019285536575802,0.011951137394764342,117.28639800669546,1.0,1
ds4,13,413.75,1,0,test,0.07725836513712318,120.4941880730149,1.009515766751537,0.010266356468682014,120.57144643815202,1.0,1
ds4,13,414.25,1,0,test,0.5808488372857488,118.08917743858473,0.887374672723957,0.010249382005901567,118.67002627587047,1.0,1
ds4,13,414.75,1,0,test,0.061160864983586714,121.05638007885588,0.6323920486613047,0.01180105887824258,121.11754094383947,1.0,1
ds4,13,415.25,1,0,test,1.3384446124133635,106.00343127218821,0.5094705027199421,0.011159660876827932,107.34187588460158,1.0,1
ds4,13,415.75,1,0,test,0.0017218041434646988,113.05983677583988,0.38231314790493426,0.008260907857735292,113.06155857998336,1.0,1
ds4,13,416.25,1,0,test,1.1322698308286487,116.97235418221331,0.40163600555679213,0.009815739491715846,118.10462401304196,1.0,1
ds4,13,416.75,1,0,test,0.13961540525509972,109.2762557869519,0.723895567494038,0.017501164884378074,109.41587119220699,1.0,1
ds4,13,417.25,1,0,test,0.04916707124959254,126.83593592972741,0.48735419197742097,0.013346250275946202,126.88510300097701,1.0,1
ds4,13,417.75,1,0,test,0.10753417870279416,104.08348638413501,0.5239902848343223,0.014148678469240176,104.1910205628378,1.0,1
ds4,13,418.25,1,0,test,0.29820254252586553,123.87009286639427,1.600920562151313,0.015450066506521334,124.16829540892014,1.0,1
ds4,13,418.75,1,0,test,1.049860739180259,123.19309839972668,0.24102247241106647,0.010696617513485825,124.24295913890694,1.0,1
ds4,13,419.25,1,0,test,0.35678488556595583,115.8300498587788,0.5790041502588682,0.009479472208926209,116.18683474434476,1.0,1
ds4,13,419.75,1,0,test,0.28843703444980395,109.01366589588811,0.8346381719753277,0.010961316860028566,109.30210293033791,1.0,1
ds4,13,420.25,1,0,test,1.9104150389920769,121.58983431342853,0.4302185314459364,0.011137670610940072,123.5002493524206,1.0,1
ds4,13,420.75,1,0,test,1.0599744655182106,113.98986175731538,0.4326578807397571,0.012266481488878756,115.04983622283359,1.0,1
ds4,13,421.25,1,0,test,2.6944015311454286,113.5786176364996,0.4624744668298346,0.012872696185614929,116.27301916764503,1.0,1
ds4,13,421.75,1,0,test,0.6358978218505957,113.64843231824325,0.8354489241198206,0.014633377640584519,114.28433014009384,1.0,1
ds4,13,422.25,1,0,test,6.967932963162277,102.15349795204071,0.7586623066668037,0.015729764388679915,109.12143091520299,1.0,1
ds4,13,422.75,1,0,test,0.6333754996368349,117.5632780767215,0.9008843305346754,0.013241352262796437,118.19665357635834,1.0,1
ds4,13,423.25,1,0,test,0.523355380120699,105.84237507398481,0.5510845470562882,0.01421407257887092,106.36573045410552,1.0,1
ds4,13,423.75,1,0,test,0.7728059562124806,105.26426805102021,0.340256330828945,0.012186734033750738,106.03707400723269,1.0,1
ds4,13,424.25,1,0,test,0.389470098715476,120.39991783516788,0.5537264977733272,0.015468882560537644,120.78938793388336,1.0,1
ds4,13,424.75,1,0,test,0.8289328929871809,105.34151694034281,1.078660704417738,0.00990392140423405,106.17044983333,1.0,1
ds4,13,425.25,1,0,test,0.3602873668496801,108.72614880897088,0.393231044348792,0.012239214486538932,109.08643617582055,1.0,1
ds4,13,425.75,1,0,test,5.231196302575412,129.49029214927347,0.7976221746903619,0.011622667903021142,134.72148845184887,1.0,1
ds4,13,426.25,1,0,test,0.39873842184318165,105.05743954628694,0.5920794613677505,0.011147207770516539,105.45617796813012,1.0,1
ds4,13,426.75,1,0,test,0.28613931320856495,114.25664559910491,0.6012373492039217,0.011810123355502855,114.54278491231348,1.0,1
ds4,13,427.25,1,0,test,0.4729819747544549,127.27983559663662,0.667107699936022,0.016001199484728553,127.75281757139108,1.0,1
ds4,13,427.75,1,0,test,0.2292225440217741,130.0470522008902,0.46207014769494864,0.01136778951143735,130.27627474491197,1.0,1
ds4,13,428.25,1,0,test,0.013620953188568465,135.92312365017239,0.4116739018246135,0.013458066959654959,135.93674460336095,1.0,1
ds4,13,428.75,1,0,test,0.7629564831038831,118.70957428659585,0.4570084237163659,0.014232951473312971,119.47253076969973,1.0,1
ds4,13,429.25,1,0,test,1.317147688380495,126.39177950595867,1.2596178977464878,0.011554310533482041,127.70892719433917,1.0,1
ds4,13,429.75,1,0,test,0.19624070492286813,110.13616062613653,0.42362037267104513,0.012028630458144916,110.3324013310594,1.0,1
ds4,13,430.25,1,0,test,0.20747877505054413,117.59747882992846,2.047459873733677,0.010144086496968458,117.80495760497901,1.0,1
ds4,13,430.75,1,0,test,0.5089405902453074,114.84419888435855,0.6161330687121075,0.01757081808424863,115.35313947460385,1.0,1
ds4,13,431.25,1,0,test,0.3423109576651098,111.35642221228115,0.9725585067817605,0.014613844368178768,111.69873316994625,1.0,1
ds4,13,431.75,1,0,test,0.14321723127528446,109.41880110328599,0.6121379350498016,0.011080448555363514,109.56201833456127,1.0,1
ds4,13,432.25,1,0,test,0.1607231774769336,124.38508798344598,0.4032728759989904,0.007320970053146128,124.54581116092292,1.0,1
ds4,13,432.75,1,0,test,1.1573057930773902,116.91232732222113,1.2222526983213275,0.015861193612019823,118.06963311529852,1.0,1
ds4,13,433.25,1,0,test,0.4017847580466055,112.32926550456571,0.4923429308613942,0.013107658977379916,112.73105026261231,1.0,1
ds4,13,433.75,1,0,test,0.6781215314551954,125.71454173145467,0.335934761308235,0.01179706094171652,126.39266326290986,1.0,1
ds4,13,434.25,1,0,test,0.05035964146268076,120.1243869169522,0.6554949000823214,0.01285640446650324,120.17474655841488,1.0,1
ds4,13,434.75,1,0,test,0.05874571169431738,119.22828436844061,1.026548585164943,0.012649022789654678,119.28703008013493,1.0,1
ds4,13,435.25,1,0,test,0.053601335282789826,119.20644727835064,0.40705982847878336,0.012954478079900725,119.26004861363343,1.0,1
ds4,13,435.75,1,0,test,0.6186985830295592,123.76525266807585,1.0789105266782322,0.0115617688748042,124.3839512511054,1.0,1
ds4,13,436.25,1,0,test,0.07834997675419327,110.20361310501386,1.3534267360913377,0.013630777753760691,110.28196308176805,1.0,1
ds4,13,436.75,1,0,test,0.47096587698142356,104.52225453693099,0.3754682657740548,0.014734922284357554,104.99322041391241,1.0,1
ds4,13,437.25,1,0,test,1.0120371659928433,118.22104392946761,0.45218027413233475,0.014367134568965158,119.23308109546045,1.0,1
ds4,13,437.75,1,0,test,0.46306727503465656,129.3730051886649,0.6123632253879302,0.015058144004859312,129.83607246369957,1.0,1
ds4,13,438.25,1,0,test,0.6603569816460864,107.63517792130457,0.41207487526549696,0.011935289653163449,108.29553490295066,1.0,1
ds4,13,438.75,1,0,test,0.7999446191038103,115.98665366591854,0.7599789430586534,0.01745164094995647,116.78659828502235,1.0,1
ds4,13,439.25,1,0,test,1.1233198055379294,117.40553883437333,1.8244960436070599,0.011888774068451098,118.52885863991126,1.0,1
ds4,13,439.75,1,0,test,0.19262606366761154,112.41875787394494,0.360598835683677,0.010710276136158992,112.61138393761256,1.0,1
ds4,13,440.25,1,0,test,0.499847251794809,120.39823744086074,1.745748432755989,0.013048784327213707,120.89808469265554,1.0,1
ds4,13,440.75,1,0,test,0.31214729505579597,108.28966640576735,0.5369705099278256,0.01388258263261341,108.60181370082314,1.0,1
ds4,13,441.25,1,0,test,2.0454079105915968,115.97507174732388,0.38895283994141083,0.011583548395419151,118.02047965791547,1.0,1
ds4,13,441.75,1,0,test,1.6833383765709558,123.03267608404835,0.5923368303832118,0.011146159400014628,124.7160144606193,1.0,1
ds4,13,442.25,1,0,test,1.0312744690580276,115.09938549567048,0.3510373793015082,0.016996515146722745,116.13065996472851,1.0,1
ds4,13,442.75,1,0,test,0.6119885339521053,126.8637310927657,0.3746305360598298,0.014501057831531461,127.4757196267178,1.0,1
ds4,13,443.25,1,0,test,0.03427273659328397,102.41853246754688,0.37339197060902496,0.010015075327441239,102.45280520414016,1.0,1
ds4,13,443.75,1,0,test,0.6812850186541078,116.65510274424176,0.49884440024482957,0.008858725182187655,117.33638776289587,1.0,1
ds4,13,444.25,1,0,test,0.13025724872453157,120.61176812414395,1.1810355236398362,0.01079004563082041,120.74202537286848,1.0,1
ds4,13,444.75,1,0,test,0.09067098358407485,120.36044125661785,0.7111428782925608,0.01534877511252147,120.45111224020192,1.0,1
ds4,13,445.25,1,0,test,0.5266649551701874,114.00497014681274,0.3169681178193008,0.01868689136194596,114.53163510198293,1.0,1
ds4,13,445.75,1,0,test,0.06947697448656677,115.40083807920736,0.9849813270787314,0.01283055431015262,115.47031505369392,1.0,1
ds4,13,446.25,1,0,test,1.1820681853475656,118.00470707081726,0.4268226206493572,0.011028409277543526,119.18677525616482,1.0,1
ds4,13,446.75,1,0,test,0.2779866013394406,113.16346526951733,0.33469000197700755,0.011947377484091914,113.44145187085677,1.0,1
ds4,13,447.25,1,0,test,0.1608314594529196,120.82324228091964,0.7635168257122776,0.012683669050216633,120.98407374037257,1.0,1
ds4,13,447.75,1,0,test,0.28733769729166786,124.14403959762451,1.048236925700665,0.00963002409426098,124.43137729491617,1.0,1
ds4,13,448.25,1,0,test,1.9602823441283437,128.3707434575463,0.523433860381262,0.008191363621513624,130.33102580167463,1.0,1
ds4,13,448.75,1,0,test,0.584073030032109,101.96551219996259,0.6115347009622055,0.01048105981732748,102.5495852299947,1.0,1
ds4,13,449.25,1,0,test,0.07194351862459386,124.04325713462835,0.4613540487963075,0.009241015384703228,124.11520065325294,1.0,1
ds4,13,449.75,1,0,test,0.4284605015275672,128.713363415151,0.6180374991782749,0.011597602886504129,129.14182391667856,1.0,1
ds4,13,450.25,1,0,test,0.11373233075554938,122.36298936377061,0.31281307928701557,0.014279084142802713,122.47672169452616,1.0,1
ds4,13,450.75,1,0,test,0.4613457908102319,120.1361058557894,0.4983863711343682,0.014949458263482561,120.59745164659962,1.0,1
ds4,13,451.25,1,0,test,0.30057180289579194,125.09991793339987,0.4093507090747696,0.015329963036321264,125.40048973629565,1.0,1
ds4,13,451.75,1,0,test,0.23287542511860645,126.08297383870466,0.46049661797739905,0.011969768615134945,126.31584926382327,1.0,1
ds4,13,452.25,1,0,test,0.8652527287633677,112.48130755604178,0.7126595525127349,0.011805038015998904,113.34656028480515,1.0,1
ds4,13,452.75,1,0,test,0.19801554266685922,123.74707865798342,0.45628319277716395,0.012282977449386496,123.94509420065029,1.0,1
ds4,13,453.25,1,0,test,0.09744029079159779,123.1309383422384,0.44014568705617063,0.007498767186018519,123.22837863302999,1.0,1
ds4,13,453.75,1,0,test,0.05747127743384419,121.60222219853112,0.46812833639534823,0.013442730656083824,121.65969347596497,1.0,1
ds4,13,454.25,1,0,test,0.8768169035924193,117.9748827825574,1.7141727824386457,0.0127373980564077,118.85169968614981,1.0,1
ds4,13,454.75,1,0,test,0.16791068255476616,128.44787225735422,0.6578676274210936,0.014970200985502521,128.615782939909,1.0,1
ds4,13,455.25,1,0,test,0.10088519680960634,114.68094796541077,0.4025744953969466,0.008406944372791115,114.78183316222037,1.0,1
ds4,13,455.75,1,0,test,1.3981402172457489,113.2816433093542,0.5615562776578586,0.011601631608423002,114.67978352659995,1.0,1
ds4,13,456.25,1,0,test,0.16505527124518107,119.70341682065478,0.37842515318235487,0.009746109527728967,119.86847209189996,1.0,1
ds4,13,456.75,1,0,test,0.1609354900138941,104.34761419058825,0.5058601852283869,0.013441909361902402,104.50854968060214,1.0,1
ds4,13,457.25,1,0,test,0.7281807259514821,102.05166457393162,0.7010407461205573,0.014848514982614504,102.7798452998831,1.0,1
ds4,13,457.75,1,0,test,1.0483818066179158,125.52616967689295,0.47267730480884723,0.00909935268195938,126.57455148351086,1.0,1
ds4,13,458.25,1,0,test,1.8961688756766109,133.498771112252,0.6915968694158601,0.01998968462392549,135.3949399879286,1.0,1
ds4,16,0.75,0,0,test,2062.1149554949393,8307.696323533713,18529212.20480956,120.0712380388059,10369.811279028652,1.0,1
ds4,16,1.25,0,0,test,68.32460056131505,8741.00282034065,3403299.3186864024,0.12777891258087662,8809.327420901964,1.0,1
ds4,16,1.75,0,0,test,12.94548460548935,8739.123047295878,10607853.878803113,3.6845596840369516e-05,8752.068531901366,1.0,1
ds4,16,2.25,0,0,test,11.812755045135585,8756.972030611963,1344321.3558381465,3.778776656380694e-05,8768.784785657099,1.0,1
ds4,16,2.75,0,0,test,17.783358965829343,8803.035754075503,254648.00804376474,0.00019960244696641934,8820.819113041332,1.0,1
ds4,16,3.25,0,0,test,87.34511746452812,8755.757634174746,96450.83270717203,0.00010150155326084498,8843.102751639275,1.0,1
ds4,16,3.75,0,0,test,9.164631812571276,8776.281549242194,97719.56318950852,1.3679616919561967e-05,8785.446181054765,1.0,1
ds4,16,4.25,0,0,test,29.96053783249621,8978.340463402114,32688.92554799866,4.3970560862201375e-05,9008.30100123461,1.0,1
ds4,16,4.75,0,0,test,31.710998652310035,8954.338021300679,10450.308242476365,0.00024121246528230046,8986.049019952989,1.0,1
ds4,16,5.25,0,0,test,109.18266046058247,8862.373877576863,12531.705543490125,2.323444450901064e-07,8971.556538037446,1.0,1
ds4,16,5.75,0,0,test,43.32513616100992,8876.425501245978,12610.252660166618,0.0001169681816554316,8919.750637406987,1.0,1
ds4,16,6.25,0,0,test,11.119118892121811,8849.650419437969,24169.585044877163,0.23562223435650415,8860.76953833009,1.0,1
ds4,16,6.75,0,0,test,14.667956288798067,8681.13949846728,871611.8430352245,2.3781968320306617,8695.80745475608,1.0,1
ds4,16,7.25,0,0,test,16.288881058901787,5.014798952495415,3383.7280937632936,0.008796576245700613,21.3036800113972,0.9992902783160009,0
ds4,16,7.75,0,0,test,13.06959520580463,1.6714620123706334,3403.762760295206,0.014224708864050693,14.741057218175264,0.9884719990908452,0
ds4,16,8.25,0,0,test,24.268004031169447,3.3876283090550063,4339.634918849212,0.01738334645318577,27.655632340224454,0.9999575027874245,0
ds4,16,8.75,0,0,test,26.271949315440633,2.9589723243240553,3411.908155721334,0.01876686146147713,29.230921639764688,0.9999791100930059,0
ds4,16,9.25,0,0,test,12.973751358296957,2.1783009050414615,2570.153860147076,0.015215192932378203,15.152052263338419,0.9902679788915587,0
ds4,16,9.75,0,0,test,6.94902853550341,2.2213846197956872,2355.786172035148,0.020689078334651986,9.170413155299098,0.8975430196681274,0
ds4,16,10.25,0,0,test,3.8123295259132526,1.248952958710663,2209.489943436228,0.015542164590679787,5.0612824846239155,0.5915528975154114,0
ds4,16,10.75,0,0,test,3.4794924777705103,3.556578807794667,1729.8107334666875,0.018172131650768548,7.0360712855651775,0.7820285651471008,0
ds4,16,11.25,0,0,test,3.1467342160761036,1.1967290985799095,1505.7254529431113,0.022855276147499704,4.343463314656013,0.4989034625645489,0
ds4,16,11.75,0,0,test,10.687279387121622,1.4142255776879804,1227.1564671949398,0.018862939065242907,12.101504964809603,0.9665769096490852,0
ds4,16,12.25,0,0,test,1.9619387997063777,0.7442681787464788,1005.669734110673,0.01451401077045153,2.7062069784528564,0.2548310548441072,0
ds4,16,12.75,0,0,test,1.6942331337996734,0.3778860890843674,808.1992427383353,0.020777812272692698,2.072119222884041,0.16092131502168186,0
ds4,16,13.25,0,0,test,1.6200372619943824,0.646373270472691,646.2979831010624,0.02002363649064494,2.2664105324670736,0.18881259573019585,0
ds4,16,13.75,0,0,test,9.580986955271015,0.5658538728643906,549.5052480266055,0.015163596743546559,10.146840828135407,0.9288201002118807,0
ds4,16,14.25,0,0,test,0.8017197930096956,3.5559552774703023,421.24344783830327,0.014429144996130612,4.357675070479998,0.500851249148658,0
ds4,16,14.75,0,0,test,0.9107340029665836,0.3908882282320573,358.51377095976255,0.017614999500799443,1.301622231198641,0.06523533585822493,0
ds4,16,15.25,0,0,test,1.615849257419138,0.2960098363156621,290.07406074958976,0.019180361315094763,1.9118590937348001,0.13879832311994988,0
ds4,16,15.75,0,0,test,0.7168028655213823,2.181147391278564,249.71828571382977,0.015411752871996072,2.8979502567999464,0.28428473043913877,0
ds4,16,16.25,0,0,test,0.2076851502376539,2.0981232688027767,184.25503388981366,0.016932796863905957,2.3058084190404307,0.19458660571174352,0
ds4,16,16.75,0,0,test,0.1116745866344302,0.8826248974748199,161.54884465663218,0.01714115635760096,0.9942994841092501,0.03697575251794068,0
ds4,16,17.25,0,0,test,0.2748706791746615,0.5167795019990935,129.5680581914882,0.01932569755764433,0.7916501811737551,0.022437138504641095,0
ds4,16,17.75,0,0,test,0.07265295819385324,0.9402792699421295,107.97739127435126,0.01966565410704564,1.0129322281359827,0.03848403033864961,0
ds4,16,18.25,0,0,test,0.04446851466810035,0.19104376798851608,80.22479715115419,0.016454265586474923,0.23551228265661642,0.0013167123951940316,0
ds4,16,18.75,0,0,test,0.022014144918871714,0.35822587037897785,70.98635830654625,0.01649389793401671,0.38024001529784957,0.0041435789600490335,0
ds4,16,19.25,0,0,test,1.4595097310000116,0.575586826619168,55.2680529808159,0.023284930573257,2.0350965576191795,0.15573223957070628,0
ds4,16,19.75,0,0,test,0.7264814195863232,0.6823077404864796,45.93568533446771,0.02133304112342576,1.4087891600728026,0.07665057593411717,0
ds4,16,20.25,0,0,test,0.04705604752773498,0.7364611558519666,40.798523660611835,0.01563311599214213,0.7835172033797015,0.021927266330630874,0
ds4,16,20.75,0,0,test,5.538215267806033,0.6368712806715063,35.10000757481329,0.01878436186797253,6.175086548477539,0.7104468243386163,0
ds4,16,21.25,0,0,test,0.12266225435756625,0.8161200916197101,27.764533545842326,0.019550806295909478,0.9387823459772764,0.032649252399633344,0
ds4,16,21.75,0,0,test,0.37604390026624784,0.37001585474925386,17.183234462625972,0.01885039156720566,0.7460597550155017,0.019654491525419083,0
ds4,16,22.25,0,0,test,0.8624891788894271,0.8157231181879749,19.503237360794884,0.02007314892368374,1.678212297077402,0.10836687501221043,0
ds4,16,22.75,0,0,test,0.7296708824225235,3.9580895108603658,13.460426015335276,0.02047514926501344,4.68776039328289,0.5448387968045164,0
ds4,16,23.25,0,0,test,1.2026778559520572,1.8052602430299582,8.839095168961903,0.021815374860248163,3.0079380989820157,0.3012380607009889,0
ds4,16,23.75,0,0,test,2.4039761594238227,2.294844628552853,9.495953407420295,0.01847606927324886,4.6988207879766755,0.5462697994023906,0
ds4,16,24.25,0,0,test,1.6456529959078652,1.9659151285514962,9.283648712916788,0.018266248903479616,3.611568124459361,0.39342276904632223,0
ds4,16,24.75,0,0,test,0.4577079183309133,1.1190122452646916,3.4574976373033177,0.019917665731193246,1.576720163595605,0.09594986723799256,0
ds4,16,25.25,0,0,test,0.6823980108815418,2.257580804485872,5.379053533367196,0.022138768274264604,2.939978815367414,0.2907610134330235,0
ds4,16,25.75,0,0,test,0.644883665591033,2.9443519388466766,8.07908071829222,0.020923467902836897,3.5892356044377096,0.3900697602154747,0
ds4,16,26.25,0,0,test,1.0691073160728817,1.7517030129658238,5.24766571272359,0.0215595468434969,2.8208103290387054,0.2724120251844968,0
ds4,16,26.75,0,0,test,1.788550889475894,3.3586744544029137,3.1871512620396216,0.01747817386350863,5.147225343878808,0.6018217128456312,0
ds4,16,27.25,0,0,test,0.29699951307618966,2.5716203591250792,3.9449478840903387,0.02164716248290865,2.868619872201269,0.2797678588589563,0
ds4,16,27.75,0,0,test,2.7237885786567864,1.8746260767295615,2.016047534564208,0.02512221028399362,4.598414655386348,0.53317516551389,0
ds4,16,28.25,0,0,test,0.6324599854573358,3.4404790018965428,2.9009516402369386,0.01769173413858977,4.072938987353878,0.46103691896214577,0
ds4,16,28.75,0,0,test,7.3532255546190335,1.1983475465683944,2.072501549048896,0.023064805677855023,8.551573101187428,0.8716563895986738,0
ds4,16,29.25,0,0,test,3.067674098681716,0.9094170174778959,0.8034680572635294,0.021354665062541238,3.977091116159612,0.44728102134258496,0
ds4,16,29.75,0,0,test,3.126804393662774,1.1948916856323613,0.5842234883867293,0.021624248873489273,4.321696079295135,0.4959118612539058,0
ds4,16,30.25,0,0,test,2.1509669119245487,1.4464920494360125,1.804257586891183,0.022059625293179404,3.5974589613605614,0.39130514189841603,0
ds4,16,30.75,0,0,test,2.650500436262442,2.7713631667080825,1.2043627465118318,0.018570336766960183,5.421863602970524,0.6334100924429542,0
ds4,16,31.25,0,0,test,1.5620766812728584,2.025886363008751,0.25973953539080374,0.02432158402547566,3.5879630442816093,0.38987851078805214,0
ds4,16,31.75,0,0,test,1.76174082514152,3.513440453620456,0.5193509148047103,0.023556909685568915,5.275181278761976,0.61677218191778,0
ds4,16,32.25,0,0,test,1.0007670601490741,1.3460585323109482,0.6735546114424459,0.019679845749624156,2.3468255924600223,0.20063439656314724,0
ds4,16,32.75,0,0,test,1.7870475951019291,1.7754915835361902,0.9805392296220966,0.019573613284979724,3.5625391786381195,0.3860534969565531,0
ds4,16,33.25,0,0,test,1.688822539926452,1.7670770526082877,0.3714190355733961,0.02386299491333294,3.45589959253474,0.3699291642804274,0
ds4,16,33.75,0,0,test,1.6210369958496744,2.209428580836084,0.7927173013316593,0.022312332020278394,3.8304655766857585,0.4259260802351902,0
ds4,16,34.25,0,0,test,2.4026891650679114,3.3898789377492675,2.2792378582298185,0.022052955427117944,5.792568102817179,0.6730709196946434,0
ds4,16,34.75,0,0,test,1.4800108283999864,2.624553332012588,1.5922590060689892,0.019584993353599374,4.104564160412574,0.46553829590482065,0
ds4,16,35.25,0,0,test,1.6679038018036936,5.624728543620354,1.0837713293780276,0.018443947686204283,7.292632345424048,0.8002294061453774,0
ds4,16,35.75,0,0,test,6.835190472021177,3.342278857781473,1.0842083901979953,0.01962425279540037,10.17746932980265,0.9296399064414234,0
ds4,16,36.25,0,0,test,1.7273637562714996,2.020037698562713,0.34985229711899773,0.01630029515857106,3.7474014548342125,0.4136740061394912,0
ds4,16,36.75,0,0,test,1.757147242511435,4.3948210387922435,1.446362311023524,0.020417550488242363,6.151968281303678,0.7082886060418322,0
ds4,16,37.25,0,0,test,1.4680711089150569,3.0269826057481,0.38934256076518803,0.015750391571706702,4.495053714663157,0.5194544931869429,0
ds4,16,37.75,0,0,test,2.768262601495462,2.1450652640007313,1.4263359389263113,0.016395900986468776,4.913327865496193,0.5734508155063762,0
ds4,16,38.25,0,0,test,1.8305598938269585,2.3003878912303968,0.9877298849716508,0.021028210481037667,4.130947785057355,0.4692790051138814,0
ds4,16,38.75,0,0,test,1.3372966280893486,1.0670500700999663,1.223859889191756,0.01723920010940767,2.4043466981893147,0.2091733639636572,0
ds4,16,39.25,0,0,test,1.9305011172039719,1.312038512507798,0.2846826484751249,0.025217551951059354,3.2425396297117697,0.3373503381285014,0
ds4,16,39.75,0,0,test,0.79531976503556,1.813873748542378,0.5649135177840575,0.016871058866745402,2.609193513577938,0.2400320646129616,0
ds4,16,40.25,0,0,test,0.8188284385653899,1.7925137917187743,0.38646816973330245,0.01842424603936035,2.6113422302841642,0.2403587901677345,0
ds4,16,40.75,0,0,test,2.260729256025917,1.4755942950047531,0.6520082872404311,0.023502511890157177,3.73632355103067,0.41203212088098295,0
ds4,16,41.25,0,0,test,1.6326590781756667,3.1696191536200238,0.614442560151744,0.025777043955820485,4.8022782317956905,0.5595159994393136,0
ds4,16,41.75,0,0,test,0.8815438971971723,1.4989165782988272,0.3749883847419691,0.02029044531967678,2.3804604754959993,0.20561965728948425,0
ds4,16,42.25,0,0,test,1.4267056558668265,2.545035947326052,0.37199124250182636,0.021553680725229993,3.9717416031928785,0.4465083772114995,0
ds4,16,42.75,0,0,test,2.413722827722595,0.931392206413417,0.43928857513605246,0.016221819927639845,3.345115034136012,0.3530580102911974,0
ds4,16,43.25,0,0,test,1.3332913170014233,2.1944931500725673,0.49339222733087573,0.019828513216054378,3.5277844670739906,0.38081228156913144,0
ds4,16,43.75,0,0,test,2.1975664928103598,2.8580575217987794,0.5985099838838909,0.018006027211667212,5.055624014609139,0.59087042484589,0
ds4,16,44.25,0,0,test,1.0807706381743107,3.071291952801253,0.8991679833332646,0.02447611728490803,4.1520625909755635,0.4722629874108262,0
ds4,16,44.75,0,0,test,1.5908297732037027,2.395052780669354,0.6192809340289943,0.01897581150191187,3.9858825538730565,0.44854968835760844,0
ds4,16,45.25,0,0,test,1.8992494829750366,1.741685193545383,0.4122263130735307,0.02511922902322448,3.64093467652042,0.3978221997742841,0
ds4,16,45.75,0,0,test,2.490790361022715,2.132400953675218,0.44021594302881994,0.01745666374698717,4.623191314697933,0.5364280812777706,0
ds4,16,46.25,0,0,test,1.1250871099670892,1.2993552604128562,0.5002008969115379,0.02046038963232882,2.4244423703799454,0.2121713031791958,0
ds4,16,46.75,0,0,test,1.243925839289729,1.7679524462131848,0.4161016289898662,0.014426990100045528,3.011878285502914,0.30184555493417603,0
ds4,16,47.25,0,0,test,1.3772566191652005,0.5146099285654694,0.52467788463812,0.01804283387241886,1.89186654773067,0.1361040660127967,0
ds4,16,47.75,0,0,test,1.7913109344260056,0.8518466625792457,0.5751111645515676,0.02323576554515743,2.6431575970052514,0.24520245257233406,0
ds4,16,48.25,0,0,test,1.6193234314277285,0.8239990960389447,0.5607481858177009,0.019974696100951136,2.443322527466673,0.21499443663200365,0
ds4,16,48.75,0,0,test,5.221162168713695,0.7739288757954853,0.4523156258574058,0.01757193401124193,5.995091044509181,0.6933031257368893,0
ds4,16,49.25,0,0,test,0.37112786448596113,0.7015502394203109,2.635413328864985,0.01571735429549454,1.072678103906272,0.043506612235601476,0
ds4,16,49.75,0,0,test,0.8193639913702234,0.8701825205016994,0.511382368082773,0.017331929207253093,1.6895465118719228,0.10978591974478755,0
ds4,16,50.25,0,0,test,1.3190803239689375,0.9991522283245146,0.5336234027814596,0.01638357052605982,2.318232552293452,0.19641467577686503,0
ds4,16,50.75,0,0,test,0.4207846640997394,0.858608177320964,0.4927522237242865,0.017080043602343813,1.2793928414207034,0.06296221311250558,0
ds4,16,51.25,0,0,test,1.0896775697340897,0.5110648936507247,0.7962261018856291,0.01621035091809888,1.6007424633848144,0.09884045599866266,0
ds4,16,51.75,0,0,test,0.3958404194827293,1.4085681613087346,0.5772310082542416,0.018812714106283292,1.8044085807914638,0.12450763594749406,0
ds4,16,52.25,0,0,test,1.0968976609330063,1.4403141347121253,0.3893373585857848,0.016855205778722963,2.5372117956451317,0.22911923054180822,0
ds4,16,52.75,0,0,test,2.3971296288638344,0.7352708446301626,0.49212633360515745,0.017828456943624463,3.132400473493997,0.32041799044656816,0
ds4,16,53.25,0,0,test,1.0734612337012128,1.0550062217345166,0.4412867432447554,0.022659544096738347,2.1284674554357297,0.1689012478657605,0
ds4,16,53.75,0,0,test,0.2427831043471567,0.20684051345945362,0.48170969113496126,0.017900853523852348,0.4496236178066103,0.006148032420441136,0
ds4,16,54.25,0,0,test,0.35662703467635753,0.4063529926341231,0.44968509534468243,0.018235791714880233,0.7629800273104806,0.020665740530715966,0
ds4,16,54.75,0,0,test,0.7796173396913167,0.6724222870132006,1.2193577156499245,0.020651076811489744,1.4520396267045173,0.0814628156248134,0
ds4,16,55.25,0,0,test,0.2744518363922741,0.40998153881260396,0.7091383068012833,0.018660925226730574,0.6844333752048781,0.016187928145839636,0
ds4,16,55.75,0,0,test,1.7192612318606386,0.9369576172396664,0.3783924255912101,0.024167936806492814,2.656218849100305,0.24719400917003273,0
ds4,16,56.25,0,0,test,1.4134320457795948,0.16122092842777389,0.8313129142008576,0.020266286997667367,1.5746529742073687,0.09570257083143131,0
ds4,16,56.75,0,0,test,1.646655498511925,1.0760335773061696,0.9397522595849165,0.020346240346464293,2.722689075818095,0.25735388315293833,0
ds4,16,57.25,0,0,test,1.184086189329301,2.21934576919324,0.45316572628464963,0.017653534886975793,3.4034319585225408,0.3619527193093527,0
ds4,16,57.75,0,0,test,0.6791415186453773,3.090540584868456,0.3886237800562942,0.020604134219957205,3.7696821035138335,0.41697077026239826,0
ds4,16,58.25,0,0,test,1.2323439909939278,1.6372920361419878,0.420561232147458,0.01838765587302249,2.8696360271359156,0.27992429979084027,0
ds4,16,58.75,0,0,test,0.6362496377947339,2.910599437926742,0.6988836879295696,0.017146764476829307,3.5468490757214757,0.38368907254513795,0
ds4,16,59.25,0,0,test,0.48175241771913463,4.558596545802933,0.5239249604726972,0.01599336822126074,5.040348963522068,0.5890241670378004,0
ds4,16,59.75,0,0,test,0.36142527859635937,4.5131875946139886,0.45535055125251017,0.017537059575428216,4.8746128732103475,0.5686263728867342,0
ds4,16,60.25,0,0,test,0.20656642557142232,4.9192243870404555,0.37024158622917613,0.021432560871261823,5.125790812611878,0.5992776601972485,0
ds4,16,60.75,0,0,test,0.1109593973843891,3.205888222674924,1.1429136665717754,0.013222366406615541,3.3168476200593133,0.3487366759881048,0
ds4,16,61.25,0,0,test,0.5065346579101707,2.8222906501217584,0.23088720443125788,0.016687323325658966,3.328825308031929,0.3505684847877439,0
ds4,16,61.75,0,0,test,1.6082572213936819,4.568095976681717,0.40409167989224415,0.0230544679238972,6.176353198075399,0.7105647032598512,0
ds4,16,62.25,0,0,test,0.18418239805647596,2.1326392737017748,0.5336377353698919,0.019162083265258898,2.316821671758251,0.19620691112491626,0
ds4,16,62.75,0,0,test,1.6244275443621792,3.1826604012617796,0.582653072684027,0.0189473038959946,4.807087945623959,0.5601256507061345,0
ds4,16,63.25,0,0,test,0.8709218621383631,2.0336293062838178,0.5345401271800664,0.019372303118296394,2.9045511684221808,0.2853016155573415,0
ds4,16,63.75,0,0,test,1.2742235423707622,5.847916902889563,0.7708452207387932,0.016769141886367172,7.1221404452603245,0.7882860930086972,0
ds4,16,64.25,0,0,test,1.7689129857331776,2.5394275174925873,0.4097455390288771,0.020443199478470075,4.3083405032257645,0.49407138212781304,0
ds4,16,64.75,0,0,test,0.767159207703939,3.410631287003416,2.552863793750195,0.020288208191326065,4.177790494707355,0.47588709534334966,0
ds4,16,65.25,0,0,test,0.22886339278049686,3.0882123051559587,0.26432047669392666,0.01669005508523558,3.3170756979364557,0.34877156700103285,0
ds4,16,65.75,0,0,test,0.00586400216905416,4.2972761592053015,2.9261866790593603,0.018688415675117753,4.303140161374356,0.4933537319520546,0
ds4,16,66.25,0,0,test,0.7634686942197874,4.627800307673872,0.35013688168656,0.017115062329967533,5.391269001893659,0.6299840327935309,0
ds4,16,66.75,0,0,test,2.106065871674443,3.094943032816136,0.4293994229475627,0.014879404606783952,5.201008904490578,0.6081552578985465,0
ds4,16,67.25,0,0,test,0.9672340031508685,3.1385354522458426,0.4704080291076281,0.01956257160352469,4.105769455396711,0.4657094757880037,0
ds4,16,67.75,0,0,test,0.8719769787064715,4.091144114399565,0.3489998275508786,0.016267602066112392,4.963121093106037,0.5796024776941188,0
ds4,16,68.25,0,0,test,1.2066778144770574,3.296478538439887,0.27127275278234136,0.017411000572029912,4.503156352916944,0.5205387599854976,0
ds4,16,68.75,0,0,test,0.41416626199258993,3.229119097724662,0.6080106982131775,0.02325630829455847,3.643285359717252,0.3981738722287411,0
ds4,16,69.25,0,0,test,0.3524980962995382,2.363810171820691,0.5888434008576081,0.016302019255784884,2.7163082681202293,0.25637694749155504,0
ds4,16,69.75,0,0,test,0.5048219753752357,3.2759976716557824,0.5344564518973183,0.019590984840615066,3.7808196470310182,0.4186159427054933,0
ds4,16,70.25,0,0,test,2.474473128038111,1.9696896727292081,0.6000344815713444,0.02046629334119072,4.4441628007673195,0.5126111566405236,0
ds4,16,70.75,0,0,test,13.914313492277982,1.5479348507220494,2.8490502773696744,0.019181223806953886,15.46224834300003,0.9914405289179734,0
ds4,16,71.25,0,0,test,0.9804074229716488,4.089354455987922,0.2544734300564109,0.013805310098638385,5.0697618789595715,0.5925741327449254,0
ds4,16,71.75,0,0,test,0.3493291217474623,2.415962952204213,0.484135868634794,0.017726925521055703,2.7652920739516755,0.2638843832918944,0
ds4,16,72.25,0,0,test,0.29231784723764326,1.3126701085590842,0.7505095734664092,0.01776462369200492,1.6049879557967275,0.09935450497377889,0
ds4,16,72.75,0,0,test,0.4211966093980289,2.541890953529049,0.5276596875098293,0.01755351478842982,2.963087562927078,0.2943232091266562,0
ds4,16,73.25,0,0,test,2.352220510034725,1.2116382292185017,0.6275371466438551,0.020594729927767036,3.563858739253227,0.38625221597739146,0
ds4,16,73.75,0,0,test,0.22269972237301086,3.0608464292182056,0.36906950565807145,0.02540428659550931,3.2835461515912163,0.34363831478915163,0
ds4,16,74.25,0,0,test,0.18536690983305065,1.733439417526633,0.3245239002024802,0.018655732980155357,1.9188063273596836,0.1397381709710649,0
ds4,16,74.75,0,0,test,1.2221826477676354,1.5086840935530605,0.33090368301939554,0.022801658916577573,2.730866741320696,0.2586063904450728,0
ds4,16,75.25,0,0,test,0.48820302743116434,1.7242449081578206,0.3096713134950058,0.018383511234986764,2.212447935588985,0.18096407975540832,0
ds4,16,75.75,0,0,test,0.38152376691795264,2.6207485852464663,1.1747972247166305,0.01679459106324529,3.002272352164419,0.3003645160772799,0
ds4,16,76.25,0,0,test,0.2926806456579428,1.495465851229763,3.359991352095787,0.017509332855017223,1.7881464968877057,0.12238699682766563,0
ds4,16,76.75,0,0,test,1.8925849014123697,0.6049799784885146,0.30935938269708585,0.01897235377998336,2.4975648799008843,0.22313823966983692,0
ds4,16,77.25,0,0,test,1.9875281695016582,2.0580821778861353,0.8438419622535608,0.025652034716183457,4.045610347387793,0.45713194454051187,0
ds4,16,77.75,0,0,test,0.5230352853550606,1.189358111217737,1.4007179649253785,0.020316831623622814,1.7123933965727975,0.11266528203383368,0
ds4,16,78.25,0,0,test,0.8559991014621657,0.7280438762175813,0.3809846004080682,0.017325685995594794,1.584042977679747,0.09682774463933753,0
ds4,16,78.75,0,0,test,0.4486579601709152,1.9141151521875164,0.35754572327683776,0.02309069392425137,2.3627731123584317,0.20299527423293914,0
ds4,16,79.25,0,0,test,1.6216988299071589,2.18769231190987,0.37966528228663526,0.017544425527025922,3.809391141817029,0.4228276627264564,0
ds4,16,79.75,0,0,test,0.18348056480407643,1.1554573291704762,0.44130695900732964,0.019494710408013653,1.3389378939745527,0.06912554015400661,0
ds4,16,80.25,0,0,test,0.1565641221237258,0.33163805561910326,0.4080825058166121,0.020153812372314138,0.48820217774282904,0.00745108639307226,0
ds4,16,80.75,0,0,test,0.07031348043163058,1.2411484419063863,0.8832480763914422,0.019000021547898368,1.3114619223380168,0.06625215231769618,0
ds4,16,81.25,0,0,test,0.18432537320659412,3.710264403284183,1.034994595027617,0.024766529753478518,3.894589776490777,0.43530978627901573,0
ds4,16,81.75,0,0,test,0.06579188837582772,1.4861753161331708,0.3874914394699603,0.01726593133257289,1.5519672045089985,0.09300397525600933,0
ds4,16,82.25,0,0,test,0.10501759549655726,0.3607798756250488,6.045941928299364,0.021787767176724693,0.4657974711216061,0.0066778187195271526,0
ds4,16,82.75,0,0,test,0.2254223183520915,2.249332110653267,0.8631706370226953,0.018878929955295286,2.4747544290053582,0.21970778797016197,0
ds4,16,83.25,0,0,test,0.04691001199446672,1.095908746306003,0.2924025321359653,0.020055400353317102,1.1428187583004699,0.04975592050182779,0
ds4,16,83.75,0,0,test,0.33592246433908163,0.12305522140233988,0.3339062141123392,0.02025108293979354,0.4589776857414215,0.006451529949283871,0
ds4,16,84.25,0,0,test,0.6945771180663632,2.760389196555105,0.31587269930648526,0.021178025117694472,3.454966314621468,0.36978751454388525,0
ds4,16,84.75,0,0,test,1.164011769589898,0.3296675489122391,0.5083058946276922,0.017816483570940386,1.493679318502137,0.08620193504877091,0
ds4,16,85.25,0,0,test,0.4631271982785181,0.6848371845276158,0.6360611544298753,0.017728149080133333,1.1479643828061339,0.05022900533271306,0
ds4,16,85.75,0,0,test,7.229482621115839,1.559579228812849,0.4591644778315709,0.023496844510276886,8.789061849928688,0.8822206131539154,0
ds4,16,86.25,0,0,test,0.0465140627624068,1.0671212731264308,0.36509788753144984,0.0232455189888968,1.1136353358888376,0.0471103408231789,0
ds4,16,86.75,0,0,test,1.3313481322713083,0.9486568854004327,0.5192753483658898,0.0220352121625756,2.280005017671741,0.19080092632404405,0
ds4,16,87.25,0,0,test,1.7461964077580017,0.9681507027779807,0.5318146568044476,0.017026361443683437,2.714347110535982,0.25607674883429354,0
ds4,16,87.75,0,0,test,0.09478509239726131,0.5567044333035587,0.5813565550929826,0.01793997274982948,0.65148952570082,0.014475398529543696,0
ds4,16,88.25,0,0,test,0.08558993327285953,3.3073355574273293,0.47681242733655144,0.018784708868164596,3.392925490700189,0.360352389541261,0
ds4,16,88.75,0,0,test,0.19545752927217164,0.9405247961156901,0.8629089737568901,0.017278250590659548,1.1359823253878618,0.04913043837743483,0
ds4,16,89.25,0,0,test,0.6469430461795141,1.7520157495007191,0.5468932114160514,0.017118460625353264,2.398958795680233,0.2083708336169417,0
ds4,16,89.75,0,0,test,0.9249370278795948,0.6141132284296844,0.6646218094633105,0.0182884613930963,1.5390502563092792,0.09148009185356523,0
ds4,16,90.25,0,0,test,0.008353969125260026,0.823376290361622,0.3354345786205721,0.015164803091154115,0.831730259486882,0.025034504745781366,0
ds4,16,90.75,0,0,test,7.207664880082644,0.5184848623579781,0.3916822194233888,0.014875114759056235,7.726149742440622,0.8280121299779253,0
ds4,16,91.25,0,0,test,0.658693835064255,1.0368840306102343,0.40187655711117126,0.019734020822390508,1.6955778656744893,0.11054359850395072,0
ds4,16,91.75,0,0,test,0.625240736464504,1.2341598705853571,0.6666395334654621,0.020490967214070517,1.859400607049861,0.13176252683135042,0
ds4,16,92.25,0,0,test,0.8378243968679219,0.20649761057218508,0.3963619643249551,0.015318152585715495,1.044322007440107,0.04108773417293064,0
ds4,16,92.75,0,0,test,0.0035740806808208857,2.1742038650764917,1.0491281446270875,0.015285039285758991,2.1777779457573128,0.17596075063582833,0
ds4,16,93.25,0,0,test,0.11602159998677716,0.28203455430462404,0.3919116488000796,0.018429790688828024,0.3980561542914012,0.004617035434745185,0
ds4,16,93.75,0,0,test,0.40329635530388136,1.2538894803108855,0.4641571973631052,0.020581747955480845,1.6571858356147668,0.10575114905731156,0
ds4,16,94.25,0,0,test,0.8188995853294206,0.21227439565874703,0.4222811151039294,0.02124255295244124,1.0311739809881677,0.03998761037497709,0
ds4,16,94.75,0,0,test,0.10805222586552514,2.2798998589590385,0.4353158499068454,0.011273055386189935,2.3879520848245637,0.20673306854582912,0
ds4,16,95.25,0,0,test,0.28776915336536724,0.7967397675946502,0.4248838885053709,0.022335219609936296,1.0845089209600174,0.04453433362122901,0
ds4,16,95.75,0,0,test,0.6985073959609642,0.843948412598347,0.4713478196481279,0.01932155258668712,1.5424558085593112,0.09188096369421765,0
ds4,16,96.25,0,0,test,0.2615477298095279,0.7053076759908848,0.7761338104013151,0.018278119664102786,0.9668554058004127,0.034805432315494454,0
ds4,16,96.75,0,0,test,1.0816494189401888,3.047764241988596,1.0135710977079542,0.018028919190321124,4.129413660928785,0.46906186225915764,0
ds4,16,97.25,0,0,test,0.2185216815372343,2.320074243640419,0.5432428631051136,0.02135528567856522,2.538595925177653,0.22932843910981923,0
ds4,16,97.75,0,0,test,0.4610399482638829,0.28274516070548333,0.43114961231026705,0.017693878849045504,0.7437851089693662,0.019520489511078494,0
ds4,16,98.25,0,0,test,1.2459342699747984,0.5280008550994193,0.36091880008489835,0.01795217077891991,1.7739351250742177,0.12054331395410574,0
ds4,16,98.75,0,0,test,0.12449748902760306,1.3432745592474449,0.3905162292301844,0.023173778688399434,1.467772048275048,0.08324132116930506,0
ds4,16,99.25,0,0,test,0.16034788516936493,0.8831422656192457,0.4052194089007614,0.022328988996766958,1.0434901507886107,0.04101772610156586,0
ds4,16,99.75,0,0,test,0.11096741512412293,0.19994633060181308,0.49190152265646037,0.023833827705487653,0.310913745725936,0.0025672265161394638,0
ds4,16,100.25,0,0,test,0.6002423524230968,1.2289510607523184,0.43146895974788746,0.01889805032570016,1.8291934131754153,0.12776164412395072,0
ds4,16,100.75,0,0,test,1.5164316464134333,1.727982976643783,0.41846942608767373,0.016400386091982997,3.2444146230572164,0.33763807312221683,0
ds4,16,101.25,0,0,test,0.0023095477918517824,2.71090268684987,0.6422374038291258,0.019425058659965373,2.7132122346417216,0.2559030450472535,0
ds4,16,101.75,0,0,test,0.04699683371333547,1.4356056475272587,2.2739832219610987,0.01661290774398736,1.4826024812405942,0.08493129059777924,0
ds4,16,102.25,0,0,test,3.696840050468847,0.6211282726713673,0.40792700918369323,0.02106813317336798,4.317968323140214,0.4953985308767918,0
ds4,16,102.75,0,0,test,1.4755890468766195,1.7572123249650997,0.5035918943618835,0.024153672321326165,3.2328013718417195,0.33585559145876454,0
ds4,16,103.25,0,0,test,0.14204803250862766,2.5380047270372446,0.485097517402533,0.01665977116014634,2.6800527595458723,0.25083245200471244,0
ds4,16,103.75,0,0,test,0.0019541192213446113,2.92000096811813,0.5099771439944609,0.020191997117354976,2.921955087339475,0.28798323624946665,0
ds4,16,104.25,0,0,test,0.8428032393296848,2.1906962738716063,0.4206294641767148,0.015897784895688365,3.033499513201291,0.3051789700064713,0
ds4,16,104.75,0,0,test,0.8912414991069771,0.5445370097123424,0.5959048990079305,0.018772144243398695,1.4357785088193196,0.07964015399296534,0
ds4,16,105.25,0,0,test,0.07377595841921199,2.1821031088020306,0.5309935646997994,0.018390077522696037,2.2558790672212425,0.1872752615535152,0
ds4,16,105.75,0,0,test,1.241585219222769,1.5176946975326489,0.4075495442033851,0.023096935409703274,2.7592799167554176,0.262962025988832,0
ds4,16,106.25,0,0,test,1.2091700984687923,1.6540653034484345,0.5276328428336495,0.017561554223198758,2.863235401917227,0.2789389605536431,0
ds4,16,106.75,0,0,test,0.07244963110236408,1.1533079837357976,11.454101269276903,0.022423832232394917,1.2257576148381617,0.057617468431257944,0
ds4,16,107.25,0,0,test,8.92317006895258,2.4999176414412454,0.6534086309594314,0.020952481767187555,11.423087710393824,0.9563924522968688,0
ds4,16,107.75,0,0,test,1.1051690875625073,1.699438100755729,0.46097315833285285,0.01902418378775914,2.8046071883182364,0.2699214347191995,0
ds4,16,108.25,0,0,test,0.8634466957214925,3.480174927535367,0.4493587092518345,0.018665628130226278,4.343621623256859,0.49892518313198897,0
ds4,16,108.75,0,0,test,1.3071155588517418,3.253334030203108,0.5708110835766783,0.019869418721334665,4.5604495890548495,0.528163543907476,0
ds4,16,109.25,0,0,test,1.5049622255552104,1.8219443594192892,1.1094903114734158,0.0187339396357699,3.3269065849744996,0.35027511666370403,0
ds4,16,109.75,0,0,test,0.8873255538545571,4.419162060891193,0.9459208017077646,0.020704805201353253,5.30648761474575,0.620368160447025,0
ds4,16,225.25,1,0,test,4.632858921976305,1082.8917263348467,0.46579842115173276,0.01557676046296806,1087.524585256823,1.0,1
ds4,16,225.75,1,0,test,5.026312228078761,992.3727436390029,0.4462461546560732,0.0203579569581968,997.3990558670816,1.0,1
ds4,16,226.25,1,0,test,3.788953213836768,987.0736323721006,0.40998383036578717,0.016508565392679288,990.8625855859374,1.0,1
ds4,16,226.75,1,0,test,7.50816826295486,884.5024361506776,0.5736226809817023,0.0169069126696974,892.0106044136324,1.0,1
ds4,16,227.25,1,0,test,4.206664192979773,855.750751828099,0.4626815080483671,0.019269342016092452,859.9574160210789,1.0,1
ds4,16,227.75,1,0,test,10.309132906782207,733.6092863818242,0.44098895291099816,0.019786418474197622,743.9184192886064,1.0,1
ds4,16,228.25,1,0,test,2.348073007446193,626.5513135028426,0.4426306707298509,0.011526160279272649,628.8993865102888,1.0,1
ds4,16,228.75,1,0,test,1.613583107700878,471.7685472063511,1.2689478210433283,0.017942948072492058,473.382130314052,1.0,1
ds4,16,229.25,1,0,test,0.3334491018665928,413.134963642463,0.9007084721779035,0.018194445442192047,413.4684127443296,1.0,1
ds4,16,229.75,1,0,test,0.8676362071692019,353.15384953896825,0.5322780928309071,0.011996609983987563,354.02148574613744,1.0,1
ds4,16,230.25,1,0,test,0.8976086730680786,278.6200745828665,0.8892430305809563,0.019995909173666802,279.51768325593457,1.0,1
ds4,16,230.75,1,0,test,10.435560855284981,240.11624083797187,0.3785644240291847,0.02025476391983454,250.55180169325686,1.0,1
ds4,16,231.25,1,0,test,3.013045877655747,212.55427762874476,1.452528051326459,0.0160772940996214,215.5673235064005,1.0,1
ds4,16,231.75,1,0,test,2.76751303349155,225.68264162980086,2.9274609568395458,0.012226477356103745,228.4501546632924,1.0,1
ds4,16,232.25,1,0,test,7.271686164045527,282.1532850935938,0.8631227920122428,0.01295631961715838,289.42497125763936,1.0,1
ds4,16,232.75,1,0,test,0.9200648730061547,339.1676874286321,1.6136720922960237,0.01604306459036158,340.08775230163826,1.0,1
ds4,16,233.25,1,0,test,4.51668895606371,457.07416243044804,3.603606324984563,0.014172826884053013,461.59085138651176,1.0,1
ds4,16,233.75,1,0,test,2.468830462620394,554.3204362823151,6.088350324969862,0.012745145248496874,556.7892667449355,1.0,1
ds4,16,234.25,1,0,test,3.1798720331243016,687.8321682805482,1.0919036382720397,0.011259943913173141,691.0120403136725,1.0,1
ds4,16,234.75,1,0,test,11.488071976152462,768.4177756483285,2.4150789478624017,0.002711409839548354,779.905847624481,1.0,1
ds4,16,235.25,1,0,test,13.458988947134099,645.5877517853378,1.6007858905363235,0.018304569011401053,659.0467407324719,1.0,1
ds4,16,235.75,1,0,test,6.192562871990107,568.887342225025,1.7754640059287905,0.010764009103628347,575.0799050970152,1.0,1
ds4,16,236.25,1,0,test,8.269328341907922,438.44076829084923,0.27730250236500326,0.010974227244421769,446.71009663275714,1.0,1
ds4,16,236.75,1,0,test,8.59872937741281,393.6506032672728,0.3683726359296227,0.016239001870779524,402.24933264468564,1.0,1
ds4,16,237.25,1,0,test,8.998973345639724,349.35138459989014,0.2378122216685606,0.010090555258704085,358.3503579455299,1.0,1
ds4,16,237.75,1,0,test,10.138431326160807,261.498961743107,0.8680827709194321,0.010672564280325854,271.6373930692678,1.0,1
ds4,16,238.25,1,0,test,11.951155705702478,252.5838949694085,0.5137651119923315,0.01620924461230087,264.535050675111,1.0,1
ds4,16,238.75,1,0,test,11.452552940956714,197.3067677842552,0.7650342676806083,0.012061896782765013,208.7593207252119,1.0,1
ds4,16,239.25,1,0,test,10.924503895247526,194.9077344720009,2.5795295516832364,0.012796564998572648,205.8322383672484,1.0,1
ds4,16,239.75,1,0,test,19.50410948488387,131.73268242659884,4.213586829126828,0.009897774792733816,151.23679191148273,1.0,1
ds4,16,240.25,1,0,test,14.228300689752952,120.1139382476163,0.31092581726082297,0.010398061187881377,134.34223893736925,1.0,1
ds4,16,240.75,1,0,test,13.371547954168006,121.71127782801715,0.14400469345467232,0.005209240610244223,135.08282578218515,1.0,1
ds4,16,241.25,1,0,test,14.075316116273905,127.42416671487013,2.3513279851927607,0.006569826922216708,141.49948283114404,1.0,1
ds4,16,241.75,1,0,test,15.110532857625898,90.38768986263385,0.24873218353550586,0.005770853875349586,105.49822272025975,1.0,1
ds4,16,242.25,1,0,test,16.435082996120396,97.82682480895889,0.2953098185244923,0.010677496811497208,114.26190780507929,1.0,1
ds4,16,242.75,1,0,test,15.46490153256336,74.67402044411732,0.12888571156108308,0.015025956736575235,90.13892197668068,1.0,1
ds4,16,243.25,1,0,test,15.322488936175711,52.89776242395021,0.8806587078322223,0.0178861022149864,68.22025136012593,0.9999999999997596,1
ds4,16,243.75,1,0,test,16.486643170520196,64.58917210356911,0.15899988464446255,0.01658628857531539,81.07581527408931,0.9999999999999994,1
ds4,16,244.25,1,0,test,16.63721038537876,67.8920595732978,0.5589944101515654,0.014534458159551353,84.52926995867657,0.9999999999999999,1
ds4,16,244.75,1,0,test,15.329673519933225,60.63821965766618,0.9578466595266678,0.018377819749476117,75.96789317759941,0.9999999999999941,1
ds4,16,245.25,1,0,test,18.094287277464286,65.52070491783225,1.5034179396163372,0.014543272283887042,83.61499219529654,0.9999999999999999,1
ds4,16,245.75,1,0,test,14.629559699500929,59.52067451223087,0.5616543258662265,0.014156658685802525,74.1502342117318,0.999999999999986,1
ds4,16,246.25,1,0,test,14.887923852873215,60.5975681918961,0.5929042019233224,0.012447888168378952,75.48549204476932,0.9999999999999927,1
ds4,16,246.75,1,0,test,12.57328328793741,74.63469432703491,0.7527698560786769,0.016102145821871704,87.20797761497232,1.0,1
ds4,16,247.25,1,0,test,12.358871380840029,80.97717946085409,0.633622030466024,0.016165755821414746,93.33605084169412,1.0,1
ds4,16,247.75,1,0,test,12.482731510971321,94.23330125632111,0.22794303023191936,0.017516881880826774,106.71603276729243,1.0,1
ds4,16,248.25,1,0,test,12.572320510913746,131.0794448007647,0.42210953004815716,0.015381525556759888,143.65176531167845,1.0,1
ds4,16,248.75,1,0,test,12.061006540269876,158.84480111954878,0.8615756068926881,0.012065358330503338,170.90580765981866,1.0,1
ds4,16,249.25,1,0,test,12.32146382359487,180.8301750544695,0.3357055099980506,0.012574712801560188,193.15163887806438,1.0,1
ds4,16,249.75,1,0,test,12.612539874370745,203.57376062213544,0.7124217001495645,0.0118642619339702,216.1863004965062,1.0,1
ds4,16,250.25,1,0,test,12.615015434269184,250.78417833470192,1.1875871903996895,0.01456283716747528,263.3991937689711,1.0,1
ds4,16,250.75,1,0,test,12.608471471610367,317.25581415020827,0.2592052444712701,0.014712634969317158,329.8642856218186,1.0,1
ds4,16,251.25,1,0,test,10.92678775704971,417.6985290384677,0.3746821012948401,0.014078660069692711,428.6253167955174,1.0,1
ds4,16,251.75,1,0,test,10.709163092946996,500.55091129853815,0.47384769559799134,0.014732555623839655,511.26007439148515,1.0,1
ds4,16,252.25,1,0,test,11.91909718952017,600.7269749520186,0.3152309203875983,0.011449934266575574,612.6460721415388,1.0,1
ds4,16,252.75,1,0,test,11.481015653182695,709.1611343217298,0.30121685404832393,0.0170821712512366,720.6421499749125,1.0,1
ds4,16,253.25,1,0,test,12.268132606609466,792.8785646220795,0.35102919648052194,0.014271303635955492,805.1466972286889,1.0,1
ds4,16,253.75,1,0,test,13.11875020717398,897.3204257517008,0.9400943237596946,0.0173215728941233,910.4391759588748,1.0,1
ds4,16,254.25,1,0,test,14.872329508922082,963.6837094533332,0.8378225177347527,0.01822332276265715,978.5560389622553,1.0,1
ds4,16,254.75,1,0,test,13.427432125021934,1055.0246068024394,0.7046335091514271,0.01415917044926008,1068.4520389274612,1.0,1
ds4,16,255.25,1,0,test,12.175279359509808,1171.691148302211,0.2783123895859253,0.011939611285394253,1183.866427661721,1.0,1
ds4,16,255.75,1,0,test,12.821553056504067,1209.0282186442162,4.302101613541556,0.017508983623695525,1221.8497717007203,1.0,1
ds4,16,256.25,1,0,test,13.320237328055697,1238.3298788697587,0.4276336715571212,0.016649236771124166,1251.6501161978144,1.0,1
ds4,16,256.75,1,0,test,12.876651493629177,1205.8196705587436,0.4358351591527885,0.01006748424186018,1218.6963220523728,1.0,1
ds4,16,257.25,1,0,test,11.905394490530876,1205.220954011999,1.5715152540982558,0.021034067218903933,1217.12634850253,1.0,1
ds4,16,257.75,1,0,test,11.957188240394625,1209.4874830685692,0.7132770031247951,0.012917801372310515,1221.4446713089637,1.0,1
ds4,16,258.25,1,0,test,10.234515890678635,1143.5093452860199,1.6776512525106453,0.017879814836870324,1153.7438611766986,1.0,1
ds4,16,258.75,1,0,test,9.922397104154372,1096.0929461275318,0.3282764740136138,0.017403655164344313,1106.0153432316863,1.0,1
ds4,16,259.25,1,0,test,11.583519886114576,1047.6772712205538,0.31618648851011993,0.01785142935616015,1059.2607911066684,1.0,1
ds4,16,259.75,1,0,test,10.34895593906017,1091.5966713291834,0.7608340337488343,0.017661631174906555,1101.9456272682437,1.0,1
ds4,16,260.25,1,0,test,8.759294640882159,1071.53593977027,5.000861930185038,0.0170643270976855,1080.2952344111523,1.0,1
ds4,16,260.75,1,0,test,10.338394105491165,1100.35378776349,1.0137739342947318,0.011899609604744815,1110.6921818689812,1.0,1
ds4,16,261.25,1,0,test,11.475485575327182,1136.055851654426,0.5641781256003644,0.008790157757743857,1147.5313372297533,1.0,1
ds4,16,261.75,1,0,test,8.998869723455746,1898.1858841830226,0.19132303625798205,0.008589771152549105,1907.1847539064784,1.0,1
ds4,16,262.25,1,0,test,9.118644810209958,1570.401681180954,0.7148890176446459,0.024767765798477115,1579.520325991164,1.0,1
ds4,16,262.75,1,0,test,9.76413097516071,415.55059870466005,0.4225370259815111,0.013032664234192816,425.31472967982074,1.0,1
ds4,16,263.25,1,0,test,8.712608502401483,345.12095085677635,0.898086830772971,0.01586344103412123,353.83355935917785,1.0,1
ds4,16,263.75,1,0,test,8.770919095076268,204.40217117362798,0.3346433073961962,0.012375473927814861,213.17309026870424,1.0,1
ds4,16,264.25,1,0,test,9.505769417073454,212.3170212438691,0.18585302655807698,0.01649668505306202,221.82279066094256,1.0,1
ds4,16,264.75,1,0,test,9.000705712954439,190.67719083397748,0.2230279061492494,0.01647987886174137,199.67789654693192,1.0,1
ds4,16,265.25,1,0,test,10.611892219711873,164.02518809701033,0.39500496574129085,0.018127298663016836,174.6370803167222,1.0,1
ds4,16,265.75,1,0,test,9.962569817256709,145.7159465622149,0.39737313254644185,0.01317027764719055,155.6785163794716,1.0,1
ds4,16,266.25,1,0,test,9.740886796515452,124.51645960447613,1.0788725037576306,0.010919958746346168,134.25734640099157,1.0,1
ds4,16,266.75,1,0,test,10.913469226871753,103.19519886175718,1.1589516986694897,0.011776449558170872,114.10866808862893,1.0,1
ds4,16,267.25,1,0,test,12.310351002740134,113.89606412917901,0.2683913272219762,0.013726315723479213,126.20641513191914,1.0,1
ds4,16,267.75,1,0,test,10.804349064011637,128.20238859326528,0.2768073505696712,0.017949806294574305,139.00673765727691,1.0,1
ds4,16,268.25,1,0,test,11.022076246157953,123.97364954185876,0.3372690476536278,0.017272526664020616,134.99572578801673,1.0,1
ds4,16,268.75,1,0,test,10.433950795599022,132.35526126345576,0.4176427387885899,0.022350642549474848,142.7892120590548,1.0,1
ds4,16,269.25,1,0,test,7.747920804891226,150.91899633233555,0.42407975213815247,0.015563295123657691,158.6669171372268,1.0,1
ds4,16,269.75,1,0,test,8.155473884966527,134.31812449830824,0.556354494408962,0.01358856560449363,142.47359838327478,1.0,1
ds4,16,270.25,1,0,test,7.524686864526158,126.17651086223351,0.4462289748300368,0.01588712459923715,133.70119772675966,1.0,1
ds4,16,270.75,1,0,test,8.054525096183514,121.99520264427258,0.41618208913120225,0.0188838895315569,130.0497277404561,1.0,1
ds4,16,271.25,1,0,test,8.750791037714226,125.0716994755616,0.5044991487171244,0.014269889111144319,133.82249051327582,1.0,1
ds4,16,271.75,1,0,test,8.007977693113245,131.96631146804324,1.4278445721233666,0.011775908397550758,139.9742891611565,1.0,1
ds4,16,272.25,1,0,test,7.881313249500077,121.4992239470479,0.32017809516721124,0.015358879401497284,129.38053719654798,1.0,1
ds4,16,272.75,1,0,test,10.096176082683268,132.9540060817456,5.840072281066436,0.014366669440786965,143.05018216442886,1.0,1
ds4,16,273.25,1,0,test,9.556958758846978,131.14016208548284,0.5488081771369433,0.012630611603271398,140.69712084432982,1.0,1
ds4,16,273.75,1,0,test,8.201243656459633,135.1225646744406,0.46362942005221086,0.017959703021475443,143.32380833090025,1.0,1
ds4,16,274.25,1,0,test,8.376915233380213,125.97662735499907,2.576452450407295,0.014843293096846597,134.35354258837927,1.0,1
ds4,16,274.75,1,0,test,9.172178419451887,129.44341417377885,0.6485193820552815,0.015450751665516673,138.61559259323073,1.0,1
ds4,16,275.25,1,0,test,8.749542523624786,105.08267208815057,0.326969692855097,0.012774463977632001,113.83221461177536,1.0,1
ds4,16,275.75,1,0,test,9.313143425486848,126.12418569536597,0.4269423452288904,0.013722212664725996,135.4373291208528,1.0,1
ds4,16,276.25,1,0,test,9.983040233615375,156.7264090563417,0.284574695375799,0.013541120805734668,166.7094492899571,1.0,1
ds4,16,276.75,1,0,test,10.764265477156927,119.67845199334255,0.2887241493424643,0.01786922719085375,130.44271747049947,1.0,1
ds4,16,277.25,1,0,test,10.876479799350795,144.4132832283152,0.19006562293672563,0.014174823504303075,155.289763027666,1.0,1
ds4,16,277.75,1,0,test,27.642548336494624,134.7789316998651,0.5060779216818834,0.01943640361910818,162.42148003635972,1.0,1
ds4,16,278.25,1,0,test,8.195131556553225,141.76418515307404,0.2052227425481538,0.017061761995497894,149.95931670962727,1.0,1
ds4,16,278.75,1,0,test,7.286614498415491,128.02544798955375,0.2543265849035962,0.016308258201159342,135.31206248796926,1.0,1
ds4,16,279.25,1,0,test,7.5076583418193445,134.88494457295985,0.20984597883906136,0.013731814005639584,142.3926029147792,1.0,1
ds4,16,279.75,1,0,test,9.212722732330871,143.21383137742367,0.3675002944381293,0.01691600683041715,152.42655410975453,1.0,1
ds4,16,280.25,1,0,test,8.641693018660298,149.64864612066884,0.3482259031868692,0.015522028947787429,158.29033913932915,1.0,1
ds4,16,280.75,1,0,test,7.330161982112421,124.24521768209893,0.5080271582269467,0.014298260473822594,131.57537966421134,1.0,1
ds4,16,281.25,1,0,test,8.359031511543998,131.72136239068362,0.38486091412479906,0.013993592129474014,140.08039390222763,1.0,1
ds4,16,281.75,1,0,test,7.751918624104536,136.76072145278098,0.2967009013036483,0.01694097973883194,144.51264007688553,1.0,1
ds4,16,282.25,1,0,test,7.4113228791099655,157.98532662446792,0.36847218277053884,0.01439804202401348,165.3966495035779,1.0,1
ds4,16,282.75,1,0,test,6.626123134944002,142.09479487948076,0.45680386128443484,0.023104568965736025,148.72091801442477,1.0,1
ds4,16,283.25,1,0,test,9.161758031935886,127.93231301189472,0.2636039642058613,0.014474971038146978,137.0940710438306,1.0,1
ds4,16,283.75,1,0,test,6.407943140643548,128.76680386315593,0.2558145656057573,0.013683051263016997,135.17474700379947,1.0,1
ds4,16,284.25,1,0,test,6.644678648229117,123.59000674418161,1.2062017305329147,0.011070587639620802,130.2346853924107,1.0,1
ds4,16,284.75,1,0,test,7.731033539598891,133.8577677408862,0.21621141982122014,0.014447921479068983,141.5888012804851,1.0,1
ds4,16,285.25,1,0,test,4.81663489466133,127.36124642889554,0.569131882172655,0.01772601957918797,132.17788132355687,1.0,1
ds4,16,285.75,1,0,test,4.811836106481464,114.53302466876161,0.6741591583691625,0.00936108268629143,119.34486077524308,1.0,1
ds4,16,286.25,1,0,test,5.612273597299625,129.7165049082787,0.4515764132946067,0.015496287646652377,135.32877850557833,1.0,1
ds4,16,286.75,1,0,test,6.995123268840104,125.49134123434204,0.3244299984717024,0.016161726099630184,132.48646450318216,1.0,1
ds4,16,287.25,1,0,test,5.285191011813731,122.42020125672705,0.3854286878833488,0.013383941001509941,127.70539226854079,1.0,1
ds4,16,287.75,1,0,test,4.3954781634076605,131.3433626256553,0.449774343024695,0.013044024880597672,135.73884078906295,1.0,1
ds4,16,288.25,1,0,test,10.404086466329767,136.33859106096438,0.9926983225186029,0.012890201849623056,146.74267752729415,1.0,1
ds4,16,288.75,1,0,test,5.740533077280351,114.15255526351625,0.48379598182137695,0.020514215543741367,119.8930883407966,1.0,1
ds4,16,289.25,1,0,test,6.0861251555438125,116.06296540950176,1.152002867101076,0.01366169762842536,122.14909056504557,1.0,1
ds4,16,289.75,1,0,test,6.393577662001282,128.0397229688863,0.8870728317374476,0.013424943731144492,134.4333006308876,1.0,1
ds4,16,290.25,1,0,test,4.856824548788955,132.64140577471196,0.3176711112539352,0.015367197670609107,137.4982303235009,1.0,1
ds4,16,290.75,1,0,test,5.23623166979785,127.24699304926135,0.32064302122480026,0.010323484199758915,132.4832247190592,1.0,1
ds4,16,291.25,1,0,test,6.119359292465694,120.57582013348002,0.2692870694612267,0.017283209038631977,126.69517942594571,1.0,1
ds4,16,291.75,1,0,test,6.2810214729244125,106.0166868430468,0.3998038393857632,0.013180645391277003,112.2977083159712,1.0,1
ds4,16,292.25,1,0,test,6.589029487543177,115.08653110990157,6.023840065327865,0.018401331929980766,121.67556059744474,1.0,1
ds4,16,292.75,1,0,test,7.045378972632882,113.47933657301473,0.5204928742431483,0.015497605354529207,120.52471554564761,1.0,1
ds4,16,293.25,1,0,test,7.628172711617653,135.93246982716968,0.2911922034368714,0.01652135217004476,143.56064253878733,1.0,1
ds4,16,293.75,1,0,test,5.465259105635089,117.96889518690959,0.2171698776855952,0.019948230479398716,123.43415429254468,1.0,1
ds4,16,294.25,1,0,test,6.60078522511814,105.06446735582705,0.3520476134267892,0.0123965782450462,111.6652525809452,1.0,1
ds4,16,294.75,1,0,test,7.4611422904723375,122.65259169877486,0.45477419720953577,0.017327807039682463,130.11373398924718,1.0,1
ds4,16,295.25,1,0,test,6.406990078751124,122.591065132237,1.9482700921411424,0.011962601264185796,128.99805521098813,1.0,1
ds4,16,295.75,1,0,test,7.166134000422299,115.46571042150299,0.31528991281946817,0.016413291304490783,122.6318444219253,1.0,1
ds4,16,296.25,1,0,test,6.9029591707018865,117.02833847646494,0.266182706600486,0.019957170514658343,123.93129764716683,1.0,1
ds4,16,296.75,1,0,test,7.2387880797081445,115.43157433790617,0.37197142070798633,0.01374992860739771,122.67036241761431,1.0,1
ds4,16,297.25,1,0,test,8.415148494116348,124.70901853994582,0.45408970458873793,0.01637415494968592,133.12416703406217,1.0,1
ds4,16,297.75,1,0,test,8.720240270849764,114.07379211966513,0.4078403582340137,0.01744616877623672,122.7940323905149,1.0,1
ds4,16,298.25,1,0,test,8.66440548083535,104.83272062752607,0.35933819912792,0.01535142827272143,113.49712610836143,1.0,1
ds4,16,298.75,1,0,test,9.470868599553715,124.38705518789403,0.3502508688228383,0.016752629652502793,133.85792378744776,1.0,1
ds4,16,299.25,1,0,test,7.546532490843879,105.80630484821536,0.43526837020220427,0.015394295463640796,113.35283733905923,1.0,1
ds4,16,299.75,1,0,test,8.213975577439712,111.33118224994426,0.4861188811978368,0.014387193970038301,119.54515782738397,1.0,1
ds4,16,300.25,1,0,test,8.305852606523635,110.45765422522688,0.5021948298953693,0.014161346669644814,118.7635068317505,1.0,1
ds4,16,300.75,1,0,test,8.631736256087878,114.81446584573985,0.6855193588068523,0.01686619387740957,123.44620210182772,1.0,1
ds4,16,301.25,1,0,test,7.065668724331295,108.77441895894846,0.45874530589930296,0.013630541792821665,115.84008768327975,1.0,1
ds4,16,301.75,1,0,test,6.939290901726038,119.28606651707013,1.8532924801842818,0.011421997534963037,126.22535741879616,1.0,1
ds4,16,302.25,1,0,test,6.9288332878685175,107.86972651634237,13.272242551146801,0.012785279054429168,114.79855980421088,1.0,1
ds4,16,302.75,1,0,test,6.843424875194994,113.46315243704521,0.14342706123192672,0.011236233359844557,120.30657731224021,1.0,1
ds4,16,303.25,1,0,test,6.352693620123345,103.46135336876938,0.572901034786122,0.015295645477833774,109.81404698889273,1.0,1
ds4,16,303.75,1,0,test,5.886283648077495,102.74719283386298,0.8538727737762151,0.012634099046824712,108.63347648194048,1.0,1
ds4,16,304.25,1,0,test,6.260596099569699,111.03365582689378,0.13886838128893247,0.012134739004448135,117.29425192646347,1.0,1
ds4,16,304.75,1,0,test,5.708780587048494,108.59674393265841,0.268965813225117,0.015740552734294085,114.3055245197069,1.0,1
ds4,16,305.25,1,0,test,6.44615986988223,120.57942145657492,0.30928343256206764,0.009773775927377597,127.02558132645714,1.0,1
ds4,16,305.75,1,0,test,6.174411646166814,112.62368951375767,0.4088882277039235,0.01726181050051793,118.79810115992449,1.0,1
ds4,16,306.25,1,0,test,5.936294617766545,101.31458384579186,1.0280435441445723,0.017162907766931045,107.25087846355841,1.0,1
ds4,16,306.75,1,0,test,7.4583918313634365,107.52290817430672,0.48105577738244915,0.01424229721673033,114.98130000567016,1.0,1
ds4,16,307.25,1,0,test,8.047175311280657,112.93249338368274,0.11272350150183859,0.01622741905615181,120.9796686949634,1.0,1
ds4,16,307.75,1,0,test,7.204139793306165,116.66196600952104,0.9626268839484176,0.013824384498018273,123.8661058028272,1.0,1
ds4,16,308.25,1,0,test,5.9120769416784835,93.40033044913548,2.4683326043562213,0.009650846208085944,99.31240739081396,1.0,1
ds4,16,308.75,1,0,test,6.482721675435893,117.06548375267245,5.0381423396069644,0.01615337687001347,123.54820542810835,1.0,1
ds4,16,309.25,1,0,test,5.730507112023545,110.44396540763685,0.49988935722198413,0.01429191747656887,116.1744725196604,1.0,1
ds4,16,309.75,1,0,test,5.548959768029186,116.68054911352526,0.2444264106988273,0.015482877830620217,122.22950888155445,1.0,1
ds4,16,310.25,1,0,test,6.189943862295505,114.14404118131728,0.4113618949181944,0.015861285037684015,120.33398504361278,1.0,1
ds4,16,310.75,1,0,test,5.805116167175358,102.73405003599319,0.322525956755563,0.01158463214013759,108.53916620316855,1.0,1
ds4,16,311.25,1,0,test,7.531490829212718,95.97627559856305,0.2094504532399723,0.016629364323664807,103.50776642777576,1.0,1
ds4,16,311.75,1,0,test,5.971236691110196,112.31000511253416,0.36834817228864086,0.018862837932170893,118.28124180364435,1.0,1
ds4,16,312.25,1,0,test,6.407384928459655,109.44709897242679,0.22671699816247876,0.020099673114539324,115.85448390088644,1.0,1
ds4,16,312.75,1,0,test,7.3706195711130515,108.77513117822802,1.4267106380162977,0.012955199232007867,116.14575074934108,1.0,1
ds4,16,313.25,1,0,test,5.8473601778591755,111.18693251493568,0.42005714831579044,0.022139274343825045,117.03429269279485,1.0,1
ds4,16,313.75,1,0,test,5.8157846782298215,119.38508080129313,0.2774715244278677,0.018096008875120806,125.20086547952295,1.0,1
ds4,16,314.25,1,0,test,6.327714925024685,111.52090845935707,0.2542582935497986,0.014821257105647781,117.84862338438175,1.0,1
ds4,16,314.75,1,0,test,6.736510155761007,102.9675874353005,0.6152172572915265,0.019102657188161284,109.70409759106151,1.0,1
ds4,16,315.25,1,0,test,5.7000230570658745,106.57885213656226,0.3329742929301682,0.017916612399289922,112.27887519362814,1.0,1
ds4,16,315.75,1,0,test,6.047590943850408,114.2161585352578,0.3142036637888799,0.017548972186370474,120.26374947910821,1.0,1
ds4,16,316.25,1,0,test,4.87971219506681,99.70636976291588,0.56122878087394,0.011524649000553683,104.5860819579827,1.0,1
ds4,16,316.75,1,0,test,4.208633264112503,120.75772125781974,0.2957537493108623,0.016364039322791856,124.96635452193225,1.0,1
ds4,16,317.25,1,0,test,6.246336466562803,96.12825486892406,0.25267153016187144,0.018388261694269183,102.37459133548687,1.0,1
ds4,16,317.75,1,0,test,6.740230825391656,108.29076219645846,24.988732243979324,0.017700759832446816,115.03099302185012,1.0,1
ds4,16,318.25,1,0,test,4.913954991964348,106.79068561488646,0.21886140127998285,0.014554799630078255,111.7046406068508,1.0,1
ds4,16,318.75,1,0,test,5.433396100216714,104.53912598383658,0.4637562527813078,0.01374300402119604,109.9725220840533,1.0,1
ds4,16,319.25,1,0,test,4.903406683140436,118.8759620501217,0.2885167317845388,0.01297443821954848,123.77936873326213,1.0,1
ds4,16,319.75,1,0,test,6.532979436527626,124.47004748871561,0.20176442595916677,0.015815327644205197,131.00302692524323,1.0,1
ds4,16,320.25,1,0,test,7.168673363462553,105.3286497514997,0.21395333296093014,0.014299868384910179,112.49732311496226,1.0,1
ds4,16,320.75,1,0,test,7.133446368140965,116.32253910110047,10.042601865982343,0.019279840861706966,123.45598546924144,1.0,1
ds4,16,321.25,1,0,test,7.267887536815814,107.55709996293965,0.13399304159747963,0.01721603518709729,114.82498749975547,1.0,1
ds4,16,321.75,1,0,test,10.742645383101378,97.24438147676018,0.18910444691200218,0.016143529344750857,107.98702685986156,1.0,1
ds4,16,322.25,1,0,test,11.67077501941128,111.17890291441326,0.30349966925663174,0.019351104290622523,122.84967793382454,1.0,1
ds4,16,322.75,1,0,test,11.187353429769745,108.35030665346379,1.686782981225068,0.008586305679379748,119.53766008323353,1.0,1
ds4,16,323.25,1,0,test,10.496147241170279,118.2886828001628,0.5105407359002136,0.015255827127456299,128.7848300413331,1.0,1
ds4,16,323.75,1,0,test,9.676793771660106,102.77267956927189,0.2077445852317134,0.014224721502884216,112.44947334093199,1.0,1
ds4,16,324.25,1,0,test,10.205346382251241,122.06208194917767,0.21245585717809476,0.014893786305185118,132.2674283314289,1.0,1
ds4,16,324.75,1,0,test,10.036799318970457,110.49925411798753,0.351584446217149,0.013230329684819967,120.53605343695799,1.0,1
ds4,16,325.25,1,0,test,8.845215826037851,117.49017111643823,0.8448504708076884,0.019137303684485938,126.33538694247608,1.0,1
ds4,16,325.75,1,0,test,10.545003692564926,102.87174734260294,0.3497878659352241,0.012323354604230143,113.41675103516786,1.0,1
ds4,16,326.25,1,0,test,8.993750539036807,119.6584896582512,0.8782654543243847,0.012847613196146903,128.652240197288,1.0,1
ds4,16,326.75,1,0,test,11.468861134564122,99.21664302022407,0.2674834731518243,0.00987085045044869,110.68550415478819,1.0,1
ds4,16,327.25,1,0,test,10.378988512915033,115.18237571920082,0.3082370764216466,0.01705779710532513,125.56136423211585,1.0,1
ds4,16,327.75,1,0,test,8.694705523905926,112.74619875205526,0.31357226460441256,0.015071948467759364,121.44090427596119,1.0,1
ds4,16,328.25,1,0,test,9.951706970971186,102.32869872811557,0.42676540854467265,0.01915943771249421,112.28040569908676,1.0,1
ds4,16,328.75,1,0,test,9.636975792388577,99.5577695713441,0.3272596967038153,0.013719854976373198,109.19474536373268,1.0,1
ds4,16,329.25,1,0,test,7.977651101088751,101.77157510633083,0.3348071569021308,0.01687625377423334,109.74922620741958,1.0,1
ds4,16,329.75,1,0,test,9.098749865154915,112.92289412456702,0.3393019456437246,0.014796601094916323,122.02164398972194,1.0,1
ds4,16,330.25,1,0,test,7.435232973888088,111.36862792632812,0.32294076663096827,0.01226465327560541,118.80386090021621,1.0,1
ds4,16,330.75,1,0,test,8.375605331007579,105.02899251913892,0.489953828825353,0.010527098942200566,113.4045978501465,1.0,1
ds4,16,331.25,1,0,test,8.344985886825544,104.9268973032823,0.35250494098399565,0.015212531432366122,113.27188319010784,1.0,1
ds4,16,331.75,1,0,test,6.383053717308585,104.8739487729636,0.21495013407437485,0.009949134271692922,111.25700249027219,1.0,1
ds4,16,332.25,1,0,test,7.903018629446376,103.94716209986157,0.5811476223513724,0.01556373916456601,111.85018072930795,1.0,1
ds4,16,332.75,1,0,test,7.575341910278065,111.4674611043728,0.8547148110843824,0.014714255874691558,119.04280301465087,1.0,1
ds4,16,333.25,1,0,test,7.954266894926364,121.54894702698878,0.5632390726863036,0.013639398048674676,129.50321392191515,1.0,1
ds4,16,333.75,1,0,test,9.537033465817816,99.43890569929204,0.28228009393138803,0.01651563568867531,108.97593916510985,1.0,1
ds4,16,334.25,1,0,test,9.988520258737276,120.23084413660987,9.401085882295463,0.015300345499522217,130.21936439534716,1.0,1
ds4,16,334.75,1,0,test,8.617613931181062,96.78855412810252,0.1873305654656566,0.012350894677165547,105.40616805928357,1.0,1
ds4,16,335.25,1,0,test,8.516889098222453,116.30434523091036,0.2531320690973569,0.016039163676011988,124.8212343291328,1.0,1
ds4,16,335.75,1,0,test,14.510902863045702,119.37301027647584,2.1455582484106808,0.011509014922632227,133.88391313952155,1.0,1
ds4,16,336.25,1,0,test,11.792515052907342,96.72857688497116,0.2264685647071492,0.013389892544343411,108.52109193787851,1.0,1
ds4,16,336.75,1,0,test,11.80948289744096,104.91996572504198,1.3502604843380566,0.013217761750557971,116.72944862248293,1.0,1
ds4,16,337.25,1,0,test,11.512871581204308,97.3197212748091,0.3759620720249347,0.009212644305443659,108.8325928560134,1.0,1
ds4,16,337.75,1,0,test,11.140640078585365,124.35200924537227,1.7239769847135022,0.01454436026694652,135.49264932395764,1.0,1
ds4,16,338.25,1,0,test,10.093826305569632,107.14081631656677,0.29163234017865647,0.017376745421522566,117.2346426221364,1.0,1
ds4,16,338.75,1,0,test,11.114739101246236,106.16972389807016,0.351628053957954,0.01424065589715931,117.28446299931639,1.0,1
ds4,16,339.25,1,0,test,13.065021315495287,109.50814966763546,0.6614547020339879,0.01528228817497017,122.57317098313075,1.0,1
ds4,16,339.75,1,0,test,14.019360488380206,117.02766022247255,1.4707848780933672,0.013853242956126178,131.04702071085276,1.0,1
ds4,16,340.25,1,0,test,13.555151464117696,111.0860346330939,0.7266828143345445,0.00894216747312051,124.6411860972116,1.0,1
ds4,16,340.75,1,0,test,13.855106669437491,111.45840097822567,0.5243749780429988,0.011311149273815053,125.31350764766316,1.0,1
ds4,16,341.25,1,0,test,18.290473375834434,126.69145494392883,0.19715462264598943,0.0161120730005457,144.98192831976326,1.0,1
ds4,16,341.75,1,0,test,17.298797666041104,102.76215553810023,15.62267499511127,0.017813559091794336,120.06095320414133,1.0,1
ds4,16,342.25,1,0,test,16.59224264197645,110.09520097019747,3.044885149025328,0.013974160135380382,126.68744361217392,1.0,1
ds4,16,342.75,1,0,test,17.51998573751649,120.9898444291857,15.083465388695243,0.011546084132848012,138.5098301667022,1.0,1
ds4,16,343.25,1,0,test,18.050456244935617,112.74958147285794,2.144326010084632,0.014109264695514026,130.80003771779354,1.0,1
ds4,16,343.75,1,0,test,19.35802941970212,122.0768837701867,1.915179400537133,0.010643162659181688,141.43491318988882,1.0,1
ds4,16,344.25,1,0,test,20.344433357289596,107.09109909577039,0.16123901100502278,0.011580954322202495,127.43553245305998,1.0,1
ds4,16,344.75,1,0,test,19.083886101742994,124.20018593859798,0.1554699403342747,0.012280377301418108,143.284072040341,1.0,1
ds4,16,345.25,1,0,test,18.09688277371584,130.3055057188414,1.8294743017058261,0.014189612539976817,148.40238849255724,1.0,1
ds4,16,345.75,1,0,test,17.64385497986039,131.01044099644545,0.7004326238156472,0.01202139691692084,148.65429597630583,1.0,1
ds4,16,346.25,1,0,test,18.702622191403584,101.70935333914214,0.27061688058592226,0.01378400584224612,120.41197553054573,1.0,1
ds4,16,346.75,1,0,test,20.06976080171281,112.22148865171658,0.3755165059816232,0.015652454035694055,132.2912494534294,1.0,1
ds4,16,347.25,1,0,test,20.818524722174445,108.14372510265379,1.747635559688496,0.009869435079715192,128.96224982482823,1.0,1
ds4,16,347.75,1,0,test,21.451880257555445,94.32691064754266,0.21997729725958914,0.011343424164232119,115.7787909050981,1.0,1
ds4,16,348.25,1,0,test,20.056910341496533,130.58000246506373,1.2693387449625815,0.01290452286435174,150.63691280656025,1.0,1
ds4,16,348.75,1,0,test,20.14727665338241,116.84319394831361,4.327273377130524,0.00691937373785725,136.99047060169602,1.0,1
ds4,16,349.25,1,0,test,20.593721685579983,123.06570792311544,0.3011361652450145,0.015753203928752423,143.65942960869543,1.0,1
ds4,16,349.75,1,0,test,19.184404875669173,109.15920563434511,0.23429397068673333,0.008406298636220097,128.3436105100143,1.0,1
ds4,16,350.25,1,0,test,21.252595801293797,85.17439489048807,0.12728947209563726,0.014224282378543309,106.42699069178187,1.0,1
ds4,16,350.75,1,0,test,19.054359111938307,110.20378197448409,1.3544084169909065,0.011920365090973295,129.2581410864224,1.0,1
ds4,16,351.25,1,0,test,20.147457785131916,102.67443331351025,0.4653287831039553,0.017170651873389647,122.82189109864217,1.0,1
ds4,16,351.75,1,0,test,20.658222180927112,108.80773390066526,0.1555191509563155,0.01287730886802467,129.46595608159237,1.0,1
ds4,16,352.25,1,0,test,16.49875605889597,115.9583392577272,0.4049195491934267,0.016291089485357138,132.45709531662317,1.0,1
ds4,16,352.75,1,0,test,16.516288712769914,110.84208779610452,0.24809893410171466,0.011715160879854861,127.35837650887444,1.0,1
ds4,16,353.25,1,0,test,15.997863087346989,107.61038837796593,0.23226065827934533,0.011778869704034543,123.60825146531292,1.0,1
ds4,16,353.75,1,0,test,17.08193161726363,114.60000630075133,0.3292226371074763,0.014054308579843303,131.68193791801497,1.0,1
ds4,16,354.25,1,0,test,17.023997615002095,116.27598974772472,22.77143035894991,0.007270061055223481,133.29998736272682,1.0,1
ds4,16,354.75,1,0,test,18.627362650082855,101.62905485663006,0.7816045636308594,0.006034884289810723,120.25641750671292,1.0,1
ds4,16,355.25,1,0,test,19.968247754472177,99.42114214872538,0.1585182275378858,0.014873590740118896,119.38938990319755,1.0,1
ds4,16,355.75,1,0,test,21.72441036248716,118.16963094805521,0.17515975475229473,0.009977518297569583,139.89404131054238,1.0,1
ds4,16,356.25,1,0,test,19.259188154592195,98.64032010105608,0.4501971413654313,0.014427913094919042,117.89950825564827,1.0,1
ds4,16,356.75,1,0,test,29.19475518946131,106.93217697045847,0.2088060451853235,0.010818916933531647,136.1269321599198,1.0,1
ds4,16,357.25,1,0,test,17.640598739706988,110.02016739063892,8.935303470434539,0.018118918043000684,127.6607661303459,1.0,1
ds4,16,357.75,1,0,test,17.816428039783194,102.96562302428353,0.32990839924082,0.01987416634669891,120.78205106406672,1.0,1
ds4,16,358.25,1,0,test,17.298312784330115,126.24777914842034,0.069780955078011,0.015705479904298478,143.54609193275044,1.0,1
ds4,16,358.75,1,0,test,22.477639649640913,115.62893919457848,0.173700652554671,0.013643076576075943,138.1065788442194,1.0,1
ds4,16,359.25,1,0,test,14.282432964560009,122.57830250507202,0.15778000867170028,0.013674778623233368,136.86073546963203,1.0,1
ds4,16,359.75,1,0,test,14.01468126530376,124.63550721295208,0.3128881840205759,0.014635567806314913,138.65018847825584,1.0,1
ds4,16,360.25,1,0,test,13.706130710286494,113.4258645050723,0.3231550306777605,0.0194922198258579,127.13199521535878,1.0,1
ds4,16,360.75,1,0,test,13.5040281440206,101.97564793931076,0.17646808356476437,0.012997098764009856,115.47967608333136,1.0,1
ds4,16,361.25,1,0,test,12.933819750405073,118.73408032855983,0.62357252292777,0.013041760885666975,131.6679000789649,1.0,1
ds4,16,361.75,1,0,test,13.76679365754339,105.22489694878534,0.30750324039943683,0.017951921227971533,118.99169060632873,1.0,1
ds4,16,362.25,1,0,test,12.022786718750842,126.73663539640467,0.6235902275865769,0.01812977324165277,138.7594221151555,1.0,1
ds4,16,362.75,1,0,test,12.648059097223218,107.89188651829308,0.3180044146473289,0.009663172705708843,120.5399456155163,1.0,1
ds4,16,363.25,1,0,test,13.253450145524553,110.19031965409106,0.6676555373724405,0.02255032229845325,123.44376979961561,1.0,1
ds4,16,363.75,1,0,test,13.470656166269848,114.02990476849018,0.43643148571771384,0.01388780749423497,127.50056093476003,1.0,1
ds4,16,364.25,1,0,test,12.925608514837192,98.92011033474631,0.5312246263602018,0.018550015451888485,111.8457188495835,1.0,1
ds4,16,364.75,1,0,test,13.635000069902068,108.24328164404032,0.15571167069315023,0.018950133596348367,121.87828171394239,1.0,1
ds4,16,365.25,1,0,test,12.29268944386872,111.12452959054356,2.3065847330518174,0.019708560721941996,123.41721903441228,1.0,1
ds4,16,365.75,1,0,test,11.98788905561028,117.69605497595269,0.47814677922404586,0.01599537674802513,129.68394403156296,1.0,1
ds4,16,366.25,1,0,test,12.743226709572651,118.7045696795951,0.1492259490740102,0.012802470359911299,131.44779638916773,1.0,1
ds4,16,366.75,1,0,test,13.868920330112338,98.08377790849885,0.1976656408561071,0.011472946615447031,111.95269823861119,1.0,1
ds4,16,367.25,1,0,test,14.10753328742969,120.36841446439215,0.19344086148503178,0.017690549976865255,134.47594775182185,1.0,1
ds4,16,367.75,1,0,test,13.723890260524593,118.69546691937346,0.23169475441417153,0.009715858384543743,132.41935717989804,1.0,1
ds4,16,368.25,1,0,test,13.54449191054758,115.76654199539465,0.7873230168448724,0.012180176094585457,129.31103390594222,1.0,1
ds4,16,368.75,1,0,test,12.888054237020008,120.91013270829887,0.3728184364913265,0.017997055887815375,133.7981869453189,1.0,1
ds4,16,369.25,1,0,test,13.278503596766633,104.15061968166329,0.4032247729923761,0.018625410852904513,117.42912327842993,1.0,1
ds4,16,369.75,1,0,test,13.981338481680663,118.7208229507452,0.8481863720206991,0.018846999625319424,132.70216143242587,1.0,1
ds4,16,370.25,1,0,test,13.299604737051373,119.90745792569615,0.3442701802052286,0.015096956281826205,133.20706266274752,1.0,1
ds4,16,370.75,1,0,test,14.729048350005833,107.46130099905483,0.6203124006656542,0.010965661723690139,122.19034934906065,1.0,1
ds4,16,371.25,1,0,test,16.28785438422302,110.00363236703683,0.3400250200317571,0.017421428969465046,126.29148675125985,1.0,1
ds4,16,371.75,1,0,test,19.172625064733577,105.88818095169992,0.3753009845039133,0.012541375720823379,125.0608060164335,1.0,1
ds4,16,372.25,1,0,test,13.483184167480712,110.21860706906348,0.37844753257692676,0.014604744758898811,123.7017912365442,1.0,1
ds4,16,372.75,1,0,test,13.595899098921029,110.23130781513335,0.5356760004727269,0.013393918051393755,123.82720691405437,1.0,1
ds4,16,373.25,1,0,test,15.243880467144454,108.78179109270228,0.40442360105349734,0.012240912708261772,124.02567155984673,1.0,1
ds4,16,373.75,1,0,test,13.188828740495875,106.25999969378599,0.24431186142046563,0.018620367209331846,119.44882843428186,1.0,1
ds4,16,374.25,1,0,test,12.131968524321243,119.55205359944544,0.3860634867955386,0.01705299884157895,131.68402212376668,1.0,1
ds4,16,374.75,1,0,test,12.79919087032761,110.23660494976383,0.5640857629090955,0.01950016513739805,123.03579582009144,1.0,1
ds4,16,375.25,1,0,test,12.667585660227024,105.1114136579701,1.1765365146630382,0.012022483647303567,117.77899931819712,1.0,1
ds4,16,375.75,1,0,test,13.089781097126034,114.617184266103,0.3839778623157837,0.013588033760777272,127.70696536322903,1.0,1
ds4,16,376.25,1,0,test,11.728334838883928,102.06075728120564,0.6838298571549684,0.01266128030105617,113.78909212008956,1.0,1
ds4,16,376.75,1,0,test,10.083754429913224,101.13992704834554,3.4314877849506904,0.015793049868730313,111.22368147825877,1.0,1
ds4,16,377.25,1,0,test,10.76756162830087,106.57262574530952,0.7379938351078027,0.016089217876902748,117.34018737361039,1.0,1
ds4,16,377.75,1,0,test,11.352212473838183,113.4339653543091,0.3895617918437729,0.01380256012173061,124.78617782814727,1.0,1
ds4,16,378.25,1,0,test,11.672691525100388,107.79311135470692,1.3241629521222817,0.01267520638240713,119.46580287980731,1.0,1
ds4,16,378.75,1,0,test,12.29514187172551,122.68913281426622,0.6456433204168556,0.017223978360432175,134.98427468599172,1.0,1
ds4,16,379.25,1,0,test,11.052558425789519,99.07626337184108,0.36377774386584605,0.0110741652933313,110.1288217976306,1.0,1
ds4,16,379.75,1,0,test,11.354123263709914,108.75768662107036,0.2300488344528047,0.011911509484705042,120.11180988478027,1.0,1
ds4,16,380.25,1,0,test,10.9125873363262,107.58348674906146,0.3655793387206902,0.020461566762689048,118.49607408538766,1.0,1
ds4,16,380.75,1,0,test,10.24451561213988,104.86229297019156,0.5315504592298191,0.010686409884062983,115.10680858233144,1.0,1
ds4,16,381.25,1,0,test,11.24158968190864,103.37309113201367,2.1626902873500824,0.013281048322387155,114.6146808139223,1.0,1
ds4,16,381.75,1,0,test,10.824381435976521,104.99546861246162,1.3982836894699995,0.010153881708399972,115.81985004843814,1.0,1
ds4,16,382.25,1,0,test,10.784635650424512,106.02433594549962,2.1653455840286338,0.017139064189809858,116.80897159592413,1.0,1
ds4,16,382.75,1,0,test,9.947139682394685,109.88239692737471,0.29709494755794214,0.014722210794617633,119.8295366097694,1.0,1
ds4,16,383.25,1,0,test,10.09184084941244,115.57474039652975,0.26547789301002866,0.01421370719135631,125.66658124594218,1.0,1
ds4,16,383.75,1,0,test,10.394308322496707,98.76959448924367,2.9993850278040877,0.014217689014482518,109.16390281174039,1.0,1
ds4,16,384.25,1,0,test,13.504535071329403,125.81115700246541,0.6289978595932865,0.013299079500188478,139.31569207379482,1.0,1
ds4,16,384.75,1,0,test,12.72948775699338,108.20506716896608,0.5779564047103325,0.014779340563417202,120.93455492595946,1.0,1
ds4,16,385.25,1,0,test,12.604980386121783,108.4383895736738,0.8039220642471531,0.008923534772543514,121.04336995979558,1.0,1
ds4,16,385.75,1,0,test,14.603231340851655,101.77457149741817,0.2707483916409863,0.01569197203066344,116.37780283826982,1.0,1
ds4,16,386.25,1,0,test,12.912409567627925,101.98843452482642,1.2541109282283762,0.009097304084490684,114.90084409245435,1.0,1
ds4,16,386.75,1,0,test,12.766431518750311,97.38409829174262,0.7553238980469065,0.011050570227658246,110.15052981049293,1.0,1
ds4,16,387.25,1,0,test,12.601095953064005,105.23608983147378,0.31537806917295247,0.015180113228541025,117.83718578453778,1.0,1
ds4,16,387.75,1,0,test,12.408399228121022,104.25264072920866,0.26007771778345684,0.009366181153220007,116.66103995732969,1.0,1
ds4,16,388.25,1,0,test,10.43147798057993,130.0726981793514,0.24245533111517414,0.015042823117056061,140.50417615993132,1.0,1
ds4,16,388.75,1,0,test,10.470228916838698,98.83319400779854,0.9839321140299048,0.011570107175214554,109.30342292463723,1.0,1
ds4,16,389.25,1,0,test,11.699625820464203,106.84296266649181,1.1475218282343502,0.011998001298991433,118.54258848695602,1.0,1
ds4,16,389.75,1,0,test,11.41038744459067,116.35727872041252,1.3073046223778775,0.011908616317455415,127.76766616500319,1.0,1
ds4,16,390.25,1,0,test,11.291290692958283,116.03623985949682,0.6535216326263484,0.01260106623031328,127.3275305524551,1.0,1
ds4,16,390.75,1,0,test,12.748409998934628,103.12643647731758,0.5106480154871282,0.011965552032481667,115.87484647625222,1.0,1
ds4,16,391.25,1,0,test,12.35354601135737,102.79841278843453,0.46163866051541846,0.015059235220898045,115.1519587997919,1.0,1
ds4,16,391.75,1,0,test,14.902190395229868,106.6078639292007,0.42286679837445923,0.017061061027625165,121.51005432443057,1.0,1
ds4,16,392.25,1,0,test,13.263748614012053,109.05364704638511,0.3492506353732985,0.014799979035010905,122.31739566039717,1.0,1
ds4,16,392.75,1,0,test,13.562941977819245,119.50390194246955,0.44345627173373064,0.008270813666841568,133.0668439202888,1.0,1
ds4,16,393.25,1,0,test,12.94930049647924,98.96807829603102,0.3500878530778533,0.014570615688914637,111.91737879251026,1.0,1
ds4,16,393.75,1,0,test,12.614015920342055,111.41616087865057,0.19317125866704887,0.014254524841244103,124.03017679899263,1.0,1
ds4,16,394.25,1,0,test,13.551214587104836,93.71364482655214,0.7286931967277739,0.01594701315952276,107.26485941365698,1.0,1
ds4,16,394.75,1,0,test,10.880526983963515,114.10976680819626,0.838249927400993,0.012006529792440839,124.99029379215978,1.0,1
ds4,16,395.25,1,0,test,10.942570806189822,110.79299682411296,12.959143936209543,0.013962724012871302,121.73556763030278,1.0,1
ds4,16,395.75,1,0,test,10.827230692540564,115.74690194964242,0.3396192010251403,0.015599670026224234,126.57413264218299,1.0,1
ds4,16,396.25,1,0,test,11.825130337732578,99.62546574699185,1.0311402673961538,0.015033125871103819,111.45059608472442,1.0,1
ds4,16,396.75,1,0,test,11.625945670576957,104.48563067939156,1.4686796456543934,0.009316794984460723,116.11157634996852,1.0,1
ds4,16,397.25,1,0,test,12.769330039356879,114.47912783215264,0.5785234118128467,0.015222998276704406,127.24845787150952,1.0,1
ds4,16,397.75,1,0,test,12.71924696696846,109.3020543233559,1.2003244442777274,0.009860443402176615,122.02130129032436,1.0,1
ds4,16,398.25,1,0,test,14.478517309074924,98.39371729655224,0.41554125013935755,0.009171555753015885,112.87223460562717,1.0,1
ds4,16,398.75,1,0,test,12.889227529633844,122.59408626991961,0.8897272382523593,0.010609726205108168,135.48331379955346,1.0,1
ds4,16,399.25,1,0,test,12.738071896496153,104.99614426365463,0.2541338052537368,0.01619464773327049,117.73421616015078,1.0,1
ds4,16,399.75,1,0,test,14.196250766270051,112.66053574810296,0.20567212788771994,0.017138054489845286,126.85678651437301,1.0,1
ds4,16,400.25,1,0,test,15.129335245253845,110.54870105635815,0.5321499327979422,0.012621678078942515,125.678036301612,1.0,1
ds4,16,400.75,1,0,test,15.842850528423527,119.57253853702221,0.5110905843295662,0.009668016715168346,135.41538906544574,1.0,1
ds4,16,401.25,1,0,test,15.092871185237259,113.37242293955654,0.5265196307519591,0.010706104399414475,128.46529412479381,1.0,1
ds4,16,401.75,1,0,test,13.992499375485998,100.79908012360777,0.25740864401248115,0.018191823979409966,114.79157949909376,1.0,1
ds4,16,402.25,1,0,test,14.625989817290986,105.93103937489123,6.157895326064052,0.010380655692679546,120.55702919218221,1.0,1
ds4,16,402.75,1,0,test,15.135313261118544,109.82521599934257,0.3644066111218668,0.013195698430622058,124.96052926046112,1.0,1
ds4,16,403.25,1,0,test,15.400751630293126,116.79344535868638,6.717640496208692,0.011624880274627807,132.1941969889795,1.0,1
ds4,16,403.75,1,0,test,17.720458752276993,100.29055153145092,0.5872743816534225,0.010440713330514715,118.01101028372791,1.0,1
ds4,16,404.25,1,0,test,17.716222534386816,120.00920446764043,0.7241887541535451,0.014090881140980836,137.72542700202723,1.0,1
ds4,16,404.75,1,0,test,18.32475751250277,110.06036946963353,0.08171462862653596,0.013262307474175276,128.38512698213628,1.0,1
ds4,16,405.25,1,0,test,19.75585689264437,108.87538898101046,0.05481628276321394,0.010472503535672294,128.63124587365482,1.0,1
ds4,16,405.75,1,0,test,30.077877849424194,104.69371002148644,0.9856196081700248,0.008276011405230767,134.77158787091062,1.0,1
ds4,16,406.25,1,0,test,29.65648220532636,115.07533725871325,0.47172428336406036,0.004533809636447214,144.7318194640396,1.0,1
ds4,16,406.75,1,0,test,26.511904717692264,113.73980304630524,0.6996141376881658,0.010695563399793318,140.2517077639975,1.0,1
ds4,16,407.25,1,0,test,24.72481630234125,118.38081524886901,42.619850121305895,0.015091749957430406,143.10563155121025,1.0,1
ds4,16,407.75,1,0,test,22.669762564426122,96.69181979098435,0.6506898705250715,0.01288146538230826,119.36158235541048,1.0,1
ds4,16,408.25,1,0,test,22.008824602950618,111.51771822905955,0.4780129432845815,0.012167075981972931,133.52654283201016,1.0,1
ds4,16,408.75,1,0,test,21.592232216639832,85.48393336144173,1.4158083543209372,0.016542001767234044,107.07616557808156,1.0,1
ds4,16,409.25,1,0,test,21.72459434640102,112.34101470106599,0.5590096265602623,0.017543773701267477,134.065609047467,1.0,1
ds4,16,409.75,1,0,test,22.74270824798561,107.66750982565458,1.429867772818112,0.010499981860042827,130.41021807364018,1.0,1
ds4,16,410.25,1,0,test,23.57452362584515,110.07000510819452,0.2379760133032157,0.013878179891611199,133.64452873403968,1.0,1
ds4,16,410.75,1,0,test,23.363057833994304,114.0969390454642,0.4075913444961984,0.012629407191009108,137.45999687945852,1.0,1
ds4,16,411.25,1,0,test,21.55177923015929,109.57649977141706,0.270411297055902,0.015275301709876371,131.12827900157635,1.0,1
ds4,16,411.75,1,0,test,20.620797020310278,118.24343239213556,0.29057926524130395,0.01537178924276984,138.86422941244584,1.0,1
ds4,16,412.25,1,0,test,20.42993270579119,107.47222520447592,1.94198776085599,0.010371180592248131,127.9021579102671,1.0,1
ds4,16,412.75,1,0,test,22.063984139861255,89.8958478231129,1.3163904649420104,0.011046096106341285,111.95983196297416,1.0,1
ds4,16,413.25,1,0,test,21.53232183563513,114.46294860463888,0.30235997180332397,0.015529634352464005,135.995270440274,1.0,1
ds4,16,413.75,1,0,test,23.440892051833227,113.57226872601353,0.30044681611728646,0.01002659060982251,137.01316077784676,1.0,1
ds4,16,414.25,1,0,test,23.562435479575484,95.55057001014892,0.22652108739781238,0.006503292052607387,119.1130054897244,1.0,1
ds4,16,414.75,1,0,test,24.621562374787505,104.62541890570247,1.343063452245407,0.015274593314485208,129.24698128049,1.0,1
ds4,16,415.25,1,0,test,25.62515811391046,104.75125903359525,0.26208433210166115,0.010178654596171908,130.37641714750572,1.0,1
ds4,16,415.75,1,0,test,26.053847699752126,108.1072959848654,0.4258620527166126,0.009955409478797235,134.1611436846175,1.0,1
ds4,16,416.25,1,0,test,26.663892692612446,111.03388754692271,0.32256462253506357,0.008921486706623455,137.69778023953515,1.0,1
ds4,16,416.75,1,0,test,25.515006384523318,101.27313688475634,0.7988032576072616,0.010393390509806812,126.78814326927966,1.0,1
ds4,16,417.25,1,0,test,25.8845180717095,104.74107946743234,0.41063118916149177,0.01128737521513446,130.62559753914184,1.0,1
ds4,16,417.75,1,0,test,24.497440471344337,106.22419092771828,0.23545994658069708,0.010071518304096645,130.72163139906263,1.0,1
ds4,16,418.25,1,0,test,24.5565711709508,98.65264655123806,0.43949526277377343,0.01113695302679186,123.20921772218887,1.0,1
ds4,16,418.75,1,0,test,25.673631501503685,112.5728790889242,0.29044917813312504,0.013775713143028489,138.24651059042787,1.0,1
ds4,16,419.25,1,0,test,25.529732520967855,113.09838939935597,0.23237182152927616,0.013602152777214969,138.62812192032382,1.0,1
ds4,16,419.75,1,0,test,24.185486693177335,117.21281340340117,0.23694952380255507,0.020347953011642116,141.3983000965785,1.0,1
ds4,16,420.25,1,0,test,24.803059304947013,95.41133744164497,4.195309598139846,0.011765420182047397,120.21439674659199,1.0,1
ds4,16,420.75,1,0,test,23.477950083092114,102.1633013683663,0.25625719080007503,0.015705777041674963,125.64125145145842,1.0,1
ds4,16,421.25,1,0,test,22.334555862161064,103.06179379428714,1.2674667805685438,0.010127526045402638,125.39634965644821,1.0,1
ds4,16,421.75,1,0,test,21.588300016977147,112.28947786066932,0.3855600462769346,0.01246318934244142,133.87777787764648,1.0,1
ds4,16,422.25,1,0,test,22.17130169847999,106.99942429201091,0.574141015248441,0.018382964338445284,129.1707259904909,1.0,1
ds4,16,422.75,1,0,test,20.187463544447432,107.15625001385766,0.3570205314831546,0.01520869586706146,127.3437135583051,1.0,1
ds4,16,423.25,1,0,test,20.616005373225725,139.53388053636994,0.22120473351056685,0.010628471102844605,160.14988590959567,1.0,1
ds4,16,423.75,1,0,test,23.08362654584088,97.90132157311906,0.15255723249118808,0.013809479862734496,120.98494811895995,1.0,1
ds4,16,424.25,1,0,test,18.877362676793915,113.38484562574406,0.14203493447359156,0.009982632115341748,132.26220830253797,1.0,1
ds4,16,424.75,1,0,test,20.112480764789805,112.3530514889919,1.356333658643472,0.013290708059905409,132.4655322537817,1.0,1
ds4,16,425.25,1,0,test,17.651363078423003,109.65049810612103,0.7460903036011423,0.017822093823918164,127.30186118454404,1.0,1
ds4,16,425.75,1,0,test,18.622371614790097,91.25367502519316,0.43181500869366873,0.011387786275245948,109.87604663998326,1.0,1
ds4,16,426.25,1,0,test,24.933836803491978,116.9094868072684,0.38728662844419104,0.014547748797409873,141.84332361076036,1.0,1
ds4,16,426.75,1,0,test,16.529263160503188,107.92703075621306,0.11836248034435064,0.014723892871299714,124.45629391671625,1.0,1
ds4,16,427.25,1,0,test,16.35039308122424,108.27790538748296,0.20889848685253867,0.012595296618207987,124.6282984687072,1.0,1
ds4,16,427.75,1,0,test,16.65542374182128,120.24363383396584,0.13982999941617988,0.00822825506075627,136.89905757578714,1.0,1
ds4,16,428.25,1,0,test,16.348284440914586,116.8489636528807,0.583033591327702,0.01536674009262794,133.19724809379528,1.0,1
ds4,16,428.75,1,0,test,15.44557436643035,98.73951013817822,0.2980832082044758,0.011831909474011639,114.18508450460857,1.0,1
ds4,16,429.25,1,0,test,14.013881039729997,108.57305757426559,0.1371675292163191,0.012419245367319852,122.58693861399559,1.0,1
ds4,16,429.75,1,0,test,13.953535453527243,118.6135784087516,0.14508365334280734,0.01224542434296858,132.56711386227883,1.0,1
ds4,16,430.25,1,0,test,12.142368726254452,104.9427804511356,1.1894159566753977,0.01502894280921425,117.08514917739005,1.0,1
ds4,16,430.75,1,0,test,12.911810299949254,105.65287213719266,0.5368589937456297,0.011093797424959742,118.56468243714191,1.0,1
ds4,16,431.25,1,0,test,11.877971931545224,96.70845782732559,0.19384066137261913,0.017276147990880408,108.5864297588708,1.0,1
ds4,16,431.75,1,0,test,11.383361101316321,107.17969483943673,0.18383320600149086,0.014105187014708337,118.56305594075306,1.0,1
ds4,16,432.25,1,0,test,12.141120043766172,110.98602433733872,0.4890346739867285,0.008870950791597994,123.1271443811049,1.0,1
ds4,16,432.75,1,0,test,12.293848403394387,115.62589996362972,0.1992515536550565,0.013928530225260536,127.91974836702411,1.0,1
ds4,16,433.25,1,0,test,11.744384679864133,103.1433920314346,0.2261162828070754,0.01336928373783506,114.88777671129873,1.0,1
ds4,16,433.75,1,0,test,11.6894100634572,102.89441206601457,0.4797736496521706,0.011455457773295322,114.58382212947177,1.0,1
ds4,16,434.25,1,0,test,10.704249335083288,108.69766950920676,0.20693057880044619,0.01219316299439558,119.40191884429005,1.0,1
ds4,16,434.75,1,0,test,9.511374396815425,112.26420979130036,0.389454127922185,0.01583980587696166,121.77558418811579,1.0,1
ds4,16,435.25,1,0,test,10.340469894399925,109.65071528912442,0.4287933226853421,0.013405117039642362,119.99118518352435,1.0,1
ds4,16,435.75,1,0,test,11.601051022773564,119.79397807917881,0.7009867185730614,0.011271216466482098,131.3950291019524,1.0,1
ds4,16,436.25,1,0,test,17.951349206878696,103.18123576125542,0.5459530017818854,0.01617065924404904,121.13258496813413,1.0,1
ds4,16,436.75,1,0,test,19.744195617356645,113.5653292692077,0.437194868539086,0.013252089877870254,133.30952488656433,1.0,1
ds4,16,437.25,1,0,test,12.378979375967305,103.4732029673842,0.5726436376986359,0.0161339418587243,115.8521823433515,1.0,1
ds4,16,437.75,1,0,test,11.682811487507115,108.01106189623346,1.0106589875317882,0.018770628278964134,119.69387338374057,1.0,1
ds4,16,438.25,1,0,test,11.311919271588604,118.28456296355301,0.7117962604047069,0.01671184698421219,129.59648223514162,1.0,1
ds4,16,438.75,1,0,test,13.515359076773276,108.27286541031778,0.6995876217617516,0.016741918710041978,121.78822448709106,1.0,1
ds4,16,439.25,1,0,test,9.924718010324154,112.78416258567971,0.45817017616940925,0.015443995283370425,122.70888059600387,1.0,1
ds4,16,439.75,1,0,test,11.160461945341853,104.59738335063842,0.257823929730453,0.018128307699027357,115.75784529598027,1.0,1
ds4,16,440.25,1,0,test,12.810650511849829,126.32900865936509,0.7965167662915681,0.014553001349003274,139.13965917121493,1.0,1
ds4,16,440.75,1,0,test,12.115003155547873,118.26821099033452,2.1436004202003858,0.016252494959343722,130.3832141458824,1.0,1
ds4,16,441.25,1,0,test,14.199500659644208,119.77190908387095,0.9719195894227277,0.01778281823034295,133.97140974351515,1.0,1
ds4,16,441.75,1,0,test,13.778936486948785,109.52368165058574,0.5855067353020813,0.010831416860277204,123.30261813753452,1.0,1
ds4,16,442.25,1,0,test,13.842794991263931,114.65604534622912,0.4834483473875345,0.00990519288185683,128.49884033749305,1.0,1
ds4,16,442.75,1,0,test,14.14741592273771,120.33296802638154,0.18956769340962387,0.009613426148120642,134.48038394911924,1.0,1
ds4,16,443.25,1,0,test,12.556365424127577,108.65427326737797,0.1737230742426396,0.01301758478155755,121.21063869150555,1.0,1
ds4,16,443.75,1,0,test,11.60655015172179,94.88255046900453,0.4792640434071984,0.012271306110794147,106.48910062072632,1.0,1
ds4,16,444.25,1,0,test,11.36976999760234,105.90882257116479,0.31871542057609836,0.007524823458558355,117.27859256876712,1.0,1
ds4,16,444.75,1,0,test,18.219431082635825,109.63550560103806,0.7295403698274391,0.008634203152822015,127.85493668367388,1.0,1
ds4,16,445.25,1,0,test,13.702035379854422,104.68529677870445,0.671842749082715,0.013310380316242711,118.38733215855888,1.0,1
ds4,16,445.75,1,0,test,16.20780183523725,110.20475777096664,0.7526395204168468,0.01510243779089038,126.41255960620389,1.0,1
ds4,16,446.25,1,0,test,12.377365482943752,114.6312767875934,1.5842344020276087,0.01203616548533014,127.00864227053714,1.0,1
ds4,16,446.75,1,0,test,13.258631146347335,123.70912039127226,0.2507938512574041,0.012430720809152092,136.9677515376196,1.0,1
ds4,16,447.25,1,0,test,12.782867365719774,108.2135103732118,0.6731572687852545,0.014260154008422253,120.99637773893159,1.0,1
ds4,16,447.75,1,0,test,12.171642387601405,114.25188193947368,0.16911700232972926,0.009238052260295873,126.42352432707509,1.0,1
ds4,16,448.25,1,0,test,13.182800099902536,90.38043206979755,1.452216967058724,0.014582567861215683,103.56323216970009,1.0,1
ds4,16,448.75,1,0,test,13.234588774119537,99.62532996315547,0.3328074450923908,0.01093676536316964,112.859918737275,1.0,1
ds4,16,449.25,1,0,test,13.516079727848057,115.1474868576582,0.520325133357776,0.009217194823706946,128.66356658550626,1.0,1
ds4,16,449.75,1,0,test,13.073023746068376,106.75877752542132,0.27506564202969663,0.015421682077534008,119.8318012714897,1.0,1
ds4,16,450.25,1,0,test,13.060507438965198,119.82689896098813,0.4777104893558186,0.011234379534707286,132.88740639995333,1.0,1
ds4,16,450.75,1,0,test,12.782399825140876,122.36775391279228,0.3021247644505582,0.009075683439473221,135.15015373793315,1.0,1
ds4,16,451.25,1,0,test,12.061202117542082,117.59032595215018,0.32076946500896464,0.01718105245609804,129.65152806969226,1.0,1
ds4,16,451.75,1,0,test,13.099000126705976,117.6039938383639,0.5369364036748859,0.01273607376339565,130.70299396506988,1.0,1
ds4,16,452.25,1,0,test,12.231091007974332,110.1084041465785,13.419826755258512,0.01653137689279135,122.33949515455282,1.0,1
ds4,16,452.75,1,0,test,12.771469726883362,103.61035181725705,0.31289305787811716,0.014833836583678015,116.38182154414042,1.0,1
ds4,16,453.25,1,0,test,12.478381939146892,114.20699464136979,0.8499989095367024,0.015721501505465488,126.68537658051667,1.0,1
ds4,16,453.75,1,0,test,12.303734999594438,107.22482831736119,0.3855127629501881,0.01380457671923218,119.52856331695563,1.0,1
ds4,16,454.25,1,0,test,13.357864509982118,115.19726803645497,0.13082653287066232,0.0142229290737565,128.55513254643708,1.0,1
ds4,16,454.75,1,0,test,11.084137605738634,98.92144649118268,0.15703158312975687,0.01663717289408163,110.00558409692131,1.0,1
ds4,16,455.25,1,0,test,10.804250900663574,104.89118550119447,1.0106805256715206,0.01633893512960413,115.69543640185805,1.0,1
ds4,16,455.75,1,0,test,9.776762068242817,115.16271350758025,0.17238607010621093,0.015275392668222433,124.93947557582307,1.0,1
ds4,16,456.25,1,0,test,10.102229525069882,117.00704578091079,1.354539529529728,0.013562305456546476,127.10927530598067,1.0,1
ds4,16,456.75,1,0,test,9.223420934296902,111.39703890844739,0.5230006617355493,0.012563985250056529,120.62045984274428,1.0,1
ds4,16,457.25,1,0,test,8.969909619752887,130.35518125557695,0.41786276690578,0.010874026619553863,139.32509087532983,1.0,1
ds4,16,457.75,1,0,test,8.261232056543061,103.14140855399215,0.4709039947857854,0.009958403428959163,111.40264061053522,1.0,1
ds4,16,458.25,1,0,test,9.93639196161055,134.0817136227818,1.1277572848615698,0.021264443541744275,144.01810558439234,1.0,1
ds4,19,0.75,0,0,test,1723.5717018820146,7571.187845742239,23450563.9113699,1105.8318990101473,9294.759547624253,1.0,1
ds4,19,1.25,0,0,test,2.380240310316133,7995.868296362368,728879.2600864448,17.676031642167565,7998.248536672684,1.0,1
ds4,19,1.75,0,0,test,20.919099713370375,8050.058754973008,26139790.71417951,0.006549686643993494,8070.977854686378,1.0,1
ds4,19,2.25,0,0,test,26.712232490231923,8536.133549056603,3874804.381682333,0.0010180052641564283,8562.845781546835,1.0,1
ds4,19,2.75,0,0,test,9.029514818684214,8442.95886062903,348704.8813644062,0.00015152472590075137,8451.988375447714,1.0,1
ds4,19,3.25,0,0,test,23.1619261063113,8633.027591184793,55959.55261252853,3.489522643919186e-05,8656.189517291104,1.0,1
ds4,19,3.75,0,0,test,1.1943446878094277,8971.252288061756,7377.191893252008,0.00014061839487124826,8972.446632749565,1.0,1
ds4,19,4.25,0,0,test,27.344858133368017,8820.146592784346,4861.404320038459,0.0005566503781376642,8847.491450917714,1.0,1
ds4,19,4.75,0,0,test,30.405829531763658,8922.587698599948,2247.8641508554238,1.3891988414879191e-05,8952.993528131712,1.0,1
ds4,19,5.25,0,0,test,2.17570210433951,9206.962776062614,12455.879360524297,6.689073972944992e-08,9209.138478166953,1.0,1
ds4,19,5.75,0,0,test,26.311082253382878,9156.855144341784,3920.3536537291407,2.2863976722334377e-05,9183.166226595167,1.0,1
ds4,19,6.25,0,0,test,9.926487386219055,8848.187935204574,45806.661498482805,0.0002339811358369853,8858.114422590794,1.0,1
ds4,19,6.75,0,0,test,36.911189074037964,9099.723730268615,47765.84255846041,2.9587435941955857,9136.634919342654,1.0,1
ds4,19,7.25,0,0,test,161.57724488924336,37.51059954751119,957.2309450508627,0.012907749574376645,199.08784443675455,1.0,1
ds4,19,7.75,0,0,test,3.905554854999364,23.209761857440732,1441.5302766024972,0.0116920609048286,27.115316712440098,0.9999458327401559,0
ds4,19,8.25,0,0,test,3.6796948685633155,0.55255760291142,1560.5594215259464,0.0138625398271197,4.232252471474736,0.4835152989339022,0
ds4,19,8.75,0,0,test,2.7084673573301523,1.233126442152084,899.8643245400744,0.010587770760227941,3.941593799482236,0.4421446454509724,0
ds4,19,9.25,0,0,test,2.4927119219279654,1.6145254115705938,663.7529286220295,0.007324627994763078,4.107237333498559,0.46591791105220626,0
ds4,19,9.75,0,0,test,2.588379078636128,1.0988281521747283,641.3772669735312,0.011900962367605489,3.6872072308108566,0.40473113606983224,0
ds4,19,10.25,0,0,test,1.7265008983844345,1.0118440820389316,618.6418204517108,0.010491759004911949,2.738344980423366,0.2597522145382388,0
ds4,19,10.75,0,0,test,1.8417906212778954,0.4778953130879636,450.87549652998985,0.010447288955464085,2.319685934365859,0.19662874423067792,0
ds4,19,11.25,0,0,test,6.780265230364693,2.242326231421341,403.72515097553145,0.017702606690588513,9.022591461786034,0.8918335536962421,0
ds4,19,11.75,0,0,test,1.336293728332283,0.16094187046695044,314.5443417978809,0.01044699025552149,1.4972355987992336,0.08661139490798943,0
ds4,19,12.25,0,0,test,17.77958635027235,1.841321607539269,242.49647387424383,0.009561107728476065,19.620907957811617,0.9985281698342331,0
ds4,19,12.75,0,0,test,2.0965057246756973,0.1855976699810328,219.722142562233,0.012519073304787551,2.28210339465673,0.1911082182049864,0
ds4,19,13.25,0,0,test,1.6036551678376858,0.038050496175991586,180.00806008191407,0.011730101228481378,1.6417056640136773,0.10383954748809339,0
ds4,19,13.75,0,0,test,3.784462748476602,0.9251126979789309,158.66577907497816,0.012495298071196412,4.709575446455533,0.5476585048051742,0
ds4,19,14.25,0,0,test,1.144736648649033,1.4516796232922102,111.2085977135115,0.011446657445075394,2.5964162719412434,0.23809030348511767,0
ds4,19,14.75,0,0,test,1.1050299013957927,0.29673577702868803,95.60505449444061,0.00879005862000422,1.4017656784244807,0.07587997086796149,0
ds4,19,15.25,0,0,test,1.6798676847616631,1.6503963715305705,83.4846331442144,0.00843766668208859,3.3302640562922337,0.3507884476931381,0
ds4,19,15.75,0,0,test,1.6607583276792919,1.360139446175042,71.17199739423445,0.01041098228109966,3.020897773854334,0.30323615083591354,0
ds4,19,16.25,0,0,test,4.085633753414011,1.1034822115379594,59.59314654075057,0.012812651478903887,5.18911596495197,0.60676091150794,0
ds4,19,16.75,0,0,test,2.9921097301500947,0.43140219881098085,25.67417392032126,0.0057769187197739096,3.4235119289610756,0.36500848084179904,0
ds4,19,17.25,0,0,test,1.6497428723095644,2.1491388501217776,32.95265557895428,0.010082465070246828,3.798881722431342,0.4212799379133453,0
ds4,19,17.75,0,0,test,1.3006254715122123,0.7195802483289537,30.26605396710162,0.011419645839168388,2.020205719841166,0.15365781468525216,0
ds4,19,18.25,0,0,test,2.6029758639554714,0.0698314332200182,19.03058766321626,0.007210940410985326,2.6728072971754897,0.24972580486618273,0
ds4,19,18.75,0,0,test,3.1749633693630077,0.9282524978721385,17.25576351026324,0.011893705241263777,4.103215867235146,0.46534677405776115,0
ds4,19,19.25,0,0,test,1.6723460752379966,3.2653963462826563,13.181729706719995,0.014744961193662118,4.937742421520653,0.5764746022164811,0
ds4,19,19.75,0,0,test,2.8870188146711,0.2659667611787606,11.368776005230284,0.011348301256560984,3.152985575849861,0.3235865837805876,0
ds4,19,20.25,0,0,test,11.911587201424423,1.9118935982797827,12.200962835515059,0.01216851439794627,13.823480799704205,0.9832295650761558,0
ds4,19,20.75,0,0,test,0.22838850734856028,0.7666022188571897,9.21269994137677,0.01429407462104815,0.99499072620575,0.03703120701486358,0
ds4,19,21.25,0,0,test,8.413384935783583,2.04405809778095,7.66280639530938,0.014221573503014813,10.457443033564534,0.9367359490660728,0
ds4,19,21.75,0,0,test,0.23516907324267397,0.515997382157445,6.929672008421112,0.009684800263948946,0.751166455400119,0.01995701275801103,0
ds4,19,22.25,0,0,test,0.7525030986485605,0.19186052452793212,5.054539303435758,0.010385679703057045,0.9443636231764926,0.03307274237246672,0
ds4,19,22.75,0,0,test,0.7316777347742822,2.613899987518843,7.317581420502517,0.011766808018299883,3.3455777222931253,0.35312869184615253,0
ds4,19,23.25,0,0,test,0.2871471949646103,0.681154044341522,3.0576499786669995,0.010976730242667316,0.9683012393061323,0.034918237564585126,0
ds4,19,23.75,0,0,test,0.05109306844184118,0.5707311298946883,3.1168152531430997,0.00954614014449712,0.6218241983365295,0.0130177804684042,0
ds4,19,24.25,0,0,test,0.02180291153785411,0.7865067903361286,6.900794503492842,0.007840045237439223,0.8083097018739827,0.023499700424227193,0
ds4,19,24.75,0,0,test,0.3573092907658646,0.46556541828852743,1.6727586691255218,0.01596110264253169,0.822874709054392,0.024448563932608854,0
ds4,19,25.25,0,0,test,0.33165391513217796,1.352556312038352,1.5390704946546065,0.011981265434982884,1.68421022717053,0.10911703347718707,0
ds4,19,25.75,0,0,test,1.131156499521652,1.0729473092062445,0.6471787823297673,0.012962430233280595,2.2041038087278966,0.17975702119478182,0
ds4,19,26.25,0,0,test,0.37500519484338557,2.395123447270455,1.8887176607230902,0.014529335196927862,2.7701286421138405,0.2646265583109094,0
ds4,19,26.75,0,0,test,0.5544175404848676,0.21896478065215724,0.25023400066638396,0.013239168529611624,0.7733823211370248,0.021300054315789053,0
ds4,19,27.25,0,0,test,19.022383392243594,4.6220443567818466,0.5827904684873011,0.0059860730803564495,23.64442774902544,0.9997459304002977,0
ds4,19,27.75,0,0,test,0.5640327628845205,2.9257288755837756,1.3444044288044419,0.009144259459567665,3.489761638468296,0.37506261428674026,0
ds4,19,28.25,0,0,test,1.1293877487361654,0.7809625555299569,0.5663416134482442,0.017783201106929606,1.9103503042661223,0.13859445324829864,0
ds4,19,28.75,0,0,test,0.13388492346799932,0.8756019789731668,0.7436497124655059,0.011378597739949902,1.0094869024411661,0.03820303483327833,0
ds4,19,29.25,0,0,test,0.06651921250324182,0.3428815637722461,0.03049861626998618,0.008883973958477665,0.40940077627548793,0.004933297439819737,0
ds4,19,29.75,0,0,test,1.0921706231080783,0.27276553373307116,0.03669610082485367,0.008621544433593427,1.3649361568411496,0.07188988962590911,0
ds4,19,30.25,0,0,test,0.9169588988859626,5.763863527574495,0.12452093612622629,0.008618582932168682,6.680822426460457,0.7545195435874634,0
ds4,19,30.75,0,0,test,0.8594943558014274,8.667857706067144,0.10059399914904929,0.009649175488075036,9.527352061868571,0.9102097454330799,0
ds4,19,31.25,0,0,test,0.12044933179567911,5.956496620879721,0.06757519591862639,0.014863431554684312,6.0769459526754,0.7011964018128867,0
ds4,19,31.75,0,0,test,6.753256172269682,0.287197897908468,0.7321803748238049,0.01603452286323478,7.04045407017815,0.7823509672328577,0
ds4,19,32.25,0,0,test,0.15373089856743813,5.8125686960699365,0.4173819130742182,0.016836300547228907,5.966299594637374,0.6904880591056848,0
ds4,19,32.75,0,0,test,1.1615071999197801,1.021094365485631,0.15281112225987115,0.01134111146537354,2.1826015654054114,0.17665494486710026,0
ds4,19,33.25,0,0,test,0.10307468049121883,0.841007728283612,0.8036137823411349,0.014322666132751207,0.9440824087748309,0.03305134291221908,0
ds4,19,33.75,0,0,test,0.5988274955246613,1.634696929268187,1.5774171370173973,0.015020489247881413,2.233524424792848,0.18402093388805613,0
ds4,19,34.25,0,0,test,0.10699776395321059,0.5020215750563408,0.4561542532809064,0.01069148696102309,0.6090193390095514,0.012413435166546177,0
ds4,19,34.75,0,0,test,0.057958505208917085,0.21554504857572748,0.27015358333519,0.006781134600187382,0.2735035537846446,0.0018880778306401339,0
ds4,19,35.25,0,0,test,4.710485904840801,3.4005872599079496,0.29950342438270655,0.00717665927905664,8.11107316474875,0.8497805264490843,0
ds4,19,35.75,0,0,test,0.158572252568753,0.13874788148737047,0.17157799426763598,0.013314079323406123,0.29732013405612345,0.0023068163747655803,0
ds4,19,36.25,0,0,test,1.8796539411591442,0.12595171420103535,0.07191553727876328,0.012243005389888154,2.0056056553601795,0.1516311560057692,0
ds4,19,36.75,0,0,test,1.3447373285624928,1.2038562603546172,0.22445724413560994,0.010414901775411088,2.54859358891711,0.23084034315864077,0
ds4,19,37.25,0,0,test,0.4447511350107582,1.3473500054997036,0.1661793825075281,0.013859384827847897,1.7921011405104619,0.12290163289792151,0
ds4,19,37.75,0,0,test,0.13630210611141155,0.019598716690287718,0.4457032606067593,0.01329175403080801,0.15590082280169926,0.00048289074003111666,0
ds4,19,38.25,0,0,test,0.19700966255048452,0.38818961153650655,0.2638642852321646,0.012072046091362663,0.5851992740869911,0.011329133197250183,0
ds4,19,38.75,0,0,test,0.746784165144858,0.37186388066327436,0.47457540342461085,0.010843849082765363,1.1186480458081323,0.04756019635740059,0
ds4,19,39.25,0,0,test,0.15476665745502607,0.14129427481320075,0.525766870658699,0.007301660479324048,0.29606093226822683,0.0022834864009068844,0
ds4,19,39.75,0,0,test,0.6301646663817698,0.09319625711642773,1.0744949966038002,0.004678318305383386,0.7233609234981976,0.018337986664950505,0
ds4,19,40.25,0,0,test,0.2907357881796752,0.18216086403295642,0.812032984179661,0.011308148570756973,0.47289665221263166,0.006917879503235409,0
ds4,19,40.75,0,0,test,0.11394002769970828,0.6738312809304683,0.26598742477162846,0.011238576966050377,0.7877713086301765,0.022193237965673244,0
ds4,19,41.25,0,0,test,2.373500375328244,1.3461826257763905,0.8367955180971781,0.010332417365636552,3.7196830011046345,0.40956241750804356,0
ds4,19,41.75,0,0,test,0.5476783121445632,0.27636773413519206,0.061247366766935527,0.008915500209323314,0.8240460462797552,0.02452567605501632,0
ds4,19,42.25,0,0,test,0.4514613930850421,0.13213968679775243,0.29756571562423617,0.008470001529934872,0.5836010798827945,0.011258243523271495,0
ds4,19,42.75,0,0,test,1.2274149505430554,0.21370048869015323,0.12290182655508508,0.009697804119631245,1.4411154392332086,0.08023659311650949,0
ds4,19,43.25,0,0,test,0.8528242777062889,0.059893121042261493,0.3985565266363407,0.008459428516257432,0.9127173987485504,0.03070587998252807,0
ds4,19,43.75,0,0,test,0.6686689590344095,1.0500523407565865,0.14371526203446164,0.008161093336071791,1.718721299790996,0.11346719583392426,0
ds4,19,44.25,0,0,test,14.945752620134934,0.03909622621942746,0.6363282255866481,0.011706826627546976,14.984848846354362,0.9895727270081086,0
ds4,19,44.75,0,0,test,0.19188910115825433,0.3286322351492297,0.7398548048798005,0.015473103861976468,0.520521336307484,0.008647401424076193,0
ds4,19,45.25,0,0,test,0.010536693886882827,0.5394300968262241,0.30811604759226696,0.014042310206093145,0.549966790713107,0.009820701553505742,0
ds4,19,45.75,0,0,test,1.0419895977835063,0.6396236939911412,0.2556286562491453,0.011831588702813669,1.6816132917746476,0.10879201931656986,0
ds4,19,46.25,0,0,test,0.1115944155097643,0.037628406715738215,0.31357987142780946,0.014436972864765522,0.1492228222255025,0.0004338571199183433,0
ds4,19,46.75,0,0,test,0.10076496249335762,0.07763229334652147,0.42187197728068077,0.016109900319615063,0.1783972558398791,0.0006710078579878554,0
ds4,19,47.25,0,0,test,2.0670867250648124,4.612269838245441,0.2603844662325483,0.014763800291859546,6.679356563310253,0.7544002841769526,0
ds4,19,47.75,0,0,test,0.06103178939771447,0.504734237789733,0.4113952059644777,0.00832815477638057,0.5657660271874475,0.010483041496529424,0
ds4,19,48.25,0,0,test,0.038628633767607605,0.0971282991215925,0.7420781207363071,0.009381122187829964,0.1357569328892001,0.0003441460410642963,0
ds4,19,48.75,0,0,test,0.07737012274505904,2.551160920880074,9.393221129366959,0.005174336093352043,2.628531043625133,0.24297430830652594,0
ds4,19,49.25,0,0,test,12.506957436505166,0.3474735356179729,0.1451743004540413,0.006839333384081776,12.854430972123138,0.9752182269975516,0
ds4,19,49.75,0,0,test,1.1579954137432271,3.954927272504375,0.7342400275763009,0.01675741489499077,5.112922686247602,0.5977449043417176,0
ds4,19,50.25,0,0,test,0.7130969053143494,1.330379288551004,0.9599152132805668,0.01453786045787492,2.043476193865353,0.15690283144894746,0
ds4,19,50.75,0,0,test,1.074270786345951,3.375242097223481,0.8073559370687142,0.00844229886421066,4.449512883569432,0.513333273791295,0
ds4,19,51.25,0,0,test,0.10974589490927025,1.9668999925058512,0.48022608279597373,0.011769534170872294,2.0766458874151215,0.1615587763441322,0
ds4,19,51.75,0,0,test,0.6602801528288702,2.6229616397960833,0.2420016709059863,0.01686146319311255,3.2832417926249535,0.34359168328073497,0
ds4,19,52.25,0,0,test,0.8823262027011789,1.5350801986393632,0.4244955180174544,0.009516346069077787,2.417406401340542,0.2111208243577683,0
ds4,19,52.75,0,0,test,0.1527568599684011,2.4465232087088324,0.2448435110025341,0.008651260187420703,2.5992800686772335,0.23852535036098016,0
ds4,19,53.25,0,0,test,0.5333184367921979,1.2491974476446168,0.42164639068549775,0.016709629977826514,1.7825158844368147,0.12165544905861836,0
ds4,19,53.75,0,0,test,1.057721077039757,2.0895174695554273,0.9010682434265586,0.016023851003191973,3.147238546595184,0.32270211401547627,0
ds4,19,54.25,0,0,test,22.028595854060516,3.2984340038514723,9.407387423595424,0.007053852210358164,25.327029857911988,0.9998795337809486,0
ds4,19,54.75,0,0,test,0.6134946590211602,1.3753101656015934,0.20703266843447982,0.017839936848819037,1.9888048246227537,0.14930807471882007,0
ds4,19,55.25,0,0,test,0.061513011822303815,2.3670041046264645,1.1383118415612974,0.007217128667267185,2.428517116448768,0.21278006991238746,0
ds4,19,55.75,0,0,test,1.1068219872507747,2.051085149578821,0.556236690558783,0.014464161807452861,3.1579071368295955,0.324343915850383,0
ds4,19,56.25,0,0,test,0.23846082384808348,5.575536135761099,0.19049476218029968,0.012210724365405845,5.813996959609183,0.675259344909199,0
ds4,19,56.75,0,0,test,1.0866109739502627,6.336926786065394,0.8125275799749919,0.010501116286272058,7.423537760015657,0.8090019260339203,0
ds4,19,57.25,0,0,test,1.5729729286217722,7.222152587571061,0.6213459354784194,0.0105007181927762,8.795125516192833,0.8824797228922512,0
ds4,19,57.75,0,0,test,1.2730322670364231,7.2847520258756635,0.6509148640186795,0.005663385548009285,8.557784292912087,0.871943232748677,0
ds4,19,58.25,0,0,test,0.6364971464696981,12.38359901346934,0.28737212757295916,0.010817899285210188,13.020096159939039,0.9768088286046541,0
ds4,19,58.75,0,0,test,1.698137327822986,9.317797439154786,0.5826419900740453,0.01020572167612139,11.015934766977772,0.9489350422525668,0
ds4,19,59.25,0,0,test,4.63159643669398,9.975970022340238,0.18615186742389433,0.01447814912285446,14.607566459034217,0.9878224094717017,0
ds4,19,59.75,0,0,test,0.20514841619889923,12.142584847064633,0.2905669392253504,0.010237545120057487,12.347733263263532,0.9696784869896666,0
ds4,19,60.25,0,0,test,2.574324512502431,5.810955931198039,16.07101945818908,0.005181197467935433,8.38528044370047,0.8637584796890472,0
ds4,19,60.75,0,0,test,0.0983909266888007,3.4697731136082006,0.7906779295325226,0.006523711117154766,3.568164040297001,0.3869004276578802,0
ds4,19,61.25,0,0,test,0.0009783849460983471,1.0930255594681382,0.22438613323881812,0.008689135807775585,1.0940039444142364,0.04536696009710397,0
ds4,19,61.75,0,0,test,0.743907023666737,0.30906592035461505,0.3025295286234992,0.011733253089812825,1.052972944021352,0.04181901574912315,0
ds4,19,62.25,0,0,test,0.3056807235079773,0.5194624263896286,0.13734266427608163,0.009603040429240732,0.8251431498976058,0.024598009430866204,0
ds4,19,62.75,0,0,test,0.279554638693347,1.8413146509872367,0.3651594911357912,0.009148570504363226,2.120869289680584,0.1678196442599187,0
ds4,19,63.25,0,0,test,1.8966122658485927,0.7337261073177782,0.32186028614686074,0.011044523969986631,2.6303383731663708,0.24324950628579614,0
ds4,19,63.75,0,0,test,0.7673903926664823,1.736853767069835,0.6549610367416665,0.009739198107560408,2.5042441597363174,0.22414424299312358,0
ds4,19,64.25,0,0,test,0.25641465194294727,0.9066343355060623,0.28444942956921176,0.011075646307508227,1.1630489874490095,0.051627189388691944,0
ds4,19,64.75,0,0,test,1.149309350792299,0.11998139186231786,0.8915864357445575,0.01585677951707374,1.2692907426546167,0.061940312529278285,0
ds4,19,65.25,0,0,test,0.1811411734955795,0.4560970856960362,0.32450767067407615,0.007254700407175088,0.6372382591916157,0.013765140375887797,0
ds4,19,65.75,0,0,test,1.2008381186127404,1.721021754020598,0.270739245795599,0.009385242783632411,2.9218598726333385,0.2879685636053075,0
ds4,19,66.25,0,0,test,3.207344293607565,3.257069279225356,0.28822602541463277,0.007187936683768127,6.464413572832921,0.7363861654596424,0
ds4,19,66.75,0,0,test,1.1338119808850644,1.9783350319675137,0.4537165472408185,0.010517065515093571,3.112147012852578,0.317299099077071,0
ds4,19,67.25,0,0,test,7.666710169310328,0.658631448682605,0.7980295311938409,0.008907631762496983,8.325341617992933,0.8608064989759655,0
ds4,19,67.75,0,0,test,0.16954906490239313,2.1399376909180137,0.4359918063392095,0.011842367033789877,2.309486755820407,0.19512747853453097,0
ds4,19,68.25,0,0,test,0.8520447995186449,5.698175365705145,0.5685699015900617,0.00809345949213968,6.55022016522379,0.7437038123822544,0
ds4,19,68.75,0,0,test,0.0067401033177185024,2.538735683958332,0.8582359461588953,0.014702702488491525,2.5454757872760507,0.23036870602912424,0
ds4,19,69.25,0,0,test,0.002758032918045262,1.3294605661849976,0.2979965736349294,0.012542525154659638,1.3322185991030429,0.0684182477151556,0
ds4,19,69.75,0,0,test,0.0852783798850626,2.3362730753924437,0.8575269044793012,0.009287508156093442,2.4215514552775064,0.2117395790628409,0
ds4,19,70.25,0,0,test,1.0274814363398348,0.10608887117772377,0.7934055999655454,0.016348563543996122,1.1335703075175585,0.04891059108099891,0
ds4,19,70.75,0,0,test,0.28082079851312675,2.3158699372388445,3.920712096428718,0.017831820468256415,2.596690735751971,0.23813199382006395,0
ds4,19,71.25,0,0,test,1.4300253245676244,0.8161119254189475,0.3271149170847599,0.01443621328836349,2.246137249986572,0.18585557090905738,0
ds4,19,71.75,0,0,test,0.04396253786456034,3.1340009478287345,0.24379116673456896,0.006997490328502402,3.177963485693295,0.3274292034118104,0
ds4,19,72.25,0,0,test,0.6903953017000751,0.3184205367173494,0.2348998893820321,0.010294874039257796,1.0088158384174246,0.03814841469449594,0
ds4,19,72.75,0,0,test,0.0029543074912899013,0.6860721190500791,0.29518514481139174,0.01052835321144462,0.689026426541369,0.016434502220626,0
ds4,19,73.25,0,0,test,0.4938098984337479,0.53415430764917,0.33804648735483056,0.008079708929725826,1.027964206082918,0.03972112188687711,0
ds4,19,73.75,0,0,test,0.32047569611351906,0.06841533898798677,0.8549609102597443,0.010257180885364018,0.3888910351015058,0.004369942367115039,0
ds4,19,74.25,0,0,test,0.050198364927997056,0.15411239295254517,0.4137716009970125,0.015601762960283835,0.20431075788054223,0.0009332339916369616,0
ds4,19,74.75,0,0,test,0.569773954395604,0.8126347598577158,0.36989406312248585,0.011287662459644235,1.38240871425332,0.07377214448877568,0
ds4,19,75.25,0,0,test,0.34695089482654584,1.536933828234803,0.2782732438980594,0.008755494496790271,1.883884723061349,0.13503278428734847,0
ds4,19,75.75,0,0,test,0.27765613971617614,0.048866453899294164,0.650872119896068,0.01284237006786322,0.3265225936154703,0.0028857005488644684,0
ds4,19,76.25,0,0,test,0.22343524953882563,0.14632293966159393,1.1493532348496225,0.01876056674903678,0.3697581892004196,0.0038782135999600002,0
ds4,19,76.75,0,0,test,1.2280406817330747,2.2876527160306637,0.36267422846854974,0.016325190262434165,3.515693397763738,0.37898564115754896,0
ds4,19,77.25,0,0,test,0.9899688310044161,1.562091195077045,0.4029076169732676,0.012433526886701188,2.5520600260814614,0.23136487205560424,0
ds4,19,77.75,0,0,test,0.4321153325563247,4.092894037115666,0.7251400052298737,0.013486763239672975,4.5250093696719915,0.523455740098026,0
ds4,19,78.25,0,0,test,7.11393473976798,5.96128596708581,0.38340109928732236,0.015297552652988463,13.07522070685379,0.9773160263921727,0
ds4,19,78.75,0,0,test,0.958857585564223,11.424510962784051,0.29097822089212616,0.015686950494258986,12.383368548348274,0.9701039355526518,0
ds4,19,79.25,0,0,test,1.0423193546163778,14.12135457841759,0.7471761410229254,0.008538011770667703,15.163673933033968,0.9903145939825425,0
ds4,19,79.75,0,0,test,1.54309832958666,14.663780112912669,0.34290212066294173,0.010144716852248997,16.206878442499328,0.9937224109512518,0
ds4,19,80.25,0,0,test,2.110346063753945,17.533327349540482,0.2570841857053357,0.012397359671885618,19.643673413294426,0.998542538799967,0
ds4,19,80.75,0,0,test,0.9223433588077857,10.932838724079009,0.3849101443222074,0.013517259618417847,11.855182082886794,0.9631730849532948,0
ds4,19,81.25,0,0,test,1.725500332945771,11.842674963270493,0.2743407586163637,0.016024453488477718,13.568175296216264,0.9814019255388402,0
ds4,19,81.75,0,0,test,2.3776245419697037,6.840518813051384,0.4163442655539075,0.015390204847995869,9.218143355021088,0.8993268367483388,0
ds4,19,82.25,0,0,test,1.9283944869411986,5.149073858049147,0.33180334797760686,0.013986078339570428,7.077468344990345,0.7850576452875021,0
ds4,19,82.75,0,0,test,1.2984717485541954,3.600505076391464,0.2582553241286641,0.013046645221769461,4.89897682494566,0.5716666866799305,0
ds4,19,83.25,0,0,test,1.4691603660281876,1.9927780541579825,0.6599204504154464,0.011053791384395944,3.4619384201861703,0.3708455055288965,0
ds4,19,83.75,0,0,test,1.313946850884563,2.1345372643342624,0.4604500609292324,0.006776352116084541,3.4484841152188253,0.3688034290709556,0
ds4,19,84.25,0,0,test,1.775193232615826,1.9362051477585833,7.828296284656586,0.00776545110926318,3.7113983803744093,0.40833136963530875,0
ds4,19,84.75,0,0,test,1.5347658659362287,1.3443009800749208,0.49053101794771864,0.0073814874921036,2.8790668460111495,0.2813763787742266,0
ds4,19,85.25,0,0,test,0.8229627118903469,4.1919281096025465,0.3071605727675584,0.01373817450846717,5.014890821492894,0.5859344040766263,0
ds4,19,85.75,0,0,test,0.7628480165742256,2.2384368012797555,0.213824705097485,0.012348983830593876,3.001284817853981,0.3002122577527555,0
ds4,19,86.25,0,0,test,0.8164366360370823,3.678454788461625,0.3834934546475637,0.00532741178607801,4.494891424498707,0.5194327611372974,0
ds4,19,86.75,0,0,test,2.540565208082241,4.636932555421453,0.2350879579657347,0.012991701844143111,7.177497763503694,0.7922292674121764,0
ds4,19,87.25,0,0,test,5.01161273298739,5.26546140858428,0.16510524563172144,0.012888494033212532,10.27707414157167,0.93224548889667,0
ds4,19,87.75,0,0,test,3.1384831198199534,2.3382217509251504,0.21091633813884844,0.009105193063352906,5.476704870745104,0.6394929612724893,0
ds4,19,88.25,0,0,test,0.8925475153569937,3.773960560526665,0.19344040068408916,0.011001573466342254,4.666508075883659,0.5420811555735708,0
ds4,19,88.75,0,0,test,2.032562307069185,1.9712002461804596,0.4105768315589816,0.012054430083072096,4.003762553249645,0.45112563818819273,0
ds4,19,89.25,0,0,test,0.9906274032976087,0.1904898326793474,0.385152696684336,0.014118493178781626,1.1811172359769562,0.05332396732044237,0
ds4,19,89.75,0,0,test,1.490079460516278,1.1549771415909786,0.2973205642178563,0.008310635783352135,2.645056602107257,0.24549190215710928,0
ds4,19,90.25,0,0,test,1.5824086954398562,0.3869883344446656,0.20130587455650478,0.009661423459308163,1.9693970298845218,0.14663686213415733,0
ds4,19,90.75,0,0,test,0.7088725895268221,1.1363243289149023,0.3583388595460095,0.008471476921138888,1.8451969184417245,0.12987656153415403,0
ds4,19,91.25,0,0,test,2.969478338422264,1.7225132185276664,0.4411543762221016,0.01308178091111965,4.69199155694993,0.5453865652774713,0
ds4,19,91.75,0,0,test,2.0884232575795463,0.2799675813532356,0.27595443794565633,0.011074880762355398,2.3683908389327817,0.20382814318025444,0
ds4,19,92.25,0,0,test,2.309638251692521,0.917931120683817,4.553129537618299,0.007055091859846715,3.227569372376338,0.3350523025708753,0
ds4,19,92.75,0,0,test,1.210040594127202,0.5070542818414133,0.5165765084008134,0.009974961058862536,1.7170948759686153,0.11326090334993266,0
ds4,19,93.25,0,0,test,2.1518632591954394,2.0884604014090473,0.23756321081684695,0.017013339063547836,4.240323660604487,0.4846406971511059,0
ds4,19,93.75,0,0,test,4.044950077377468,2.6338544860877153,0.202483756292239,0.013419677153173756,6.678804563465183,0.7543553621986547,0
ds4,19,94.25,0,0,test,0.3203630782643066,0.12112036738826461,0.2700835128544502,0.008661601857140077,0.4414834456525712,0.00589038706992078,0
ds4,19,94.75,0,0,test,0.7307931205763244,1.1540730018062038,0.9256791890536061,0.011915983324218178,1.8848661223825283,0.13516436698365258,0
ds4,19,95.25,0,0,test,3.15472717473805,1.7503896064772722,0.43307245058361893,0.016353296755831536,4.905116781215322,0.5724306179968355,0
ds4,19,95.75,0,0,test,0.8535181995794746,0.7833995449603833,1.4297903006417505,0.014591456478937156,1.636917744539858,0.10325076377997315,0
ds4,19,96.25,0,0,test,5.008381615521457,0.8444743139522721,0.29613484656496036,0.00950671280315248,5.852855929473729,0.6791989585554288,0
ds4,19,96.75,0,0,test,0.7737971662067182,1.9405856270761288,0.4472092413771173,0.008735267602689828,2.714382793282847,0.2560822105939912,0
ds4,19,97.25,0,0,test,0.578786131987567,0.7417396081342995,0.6044595125497056,0.014747692481112303,1.3205257401218664,0.06719450972539119,0
ds4,19,97.75,0,0,test,1.707117158493674,0.926738296436648,1.0683607447672898,0.010987250934531184,2.633855454930322,0.2437851443843632,0
ds4,19,98.25,0,0,test,1.3383483028125265,1.9447454783297868,0.7031375892323312,0.010969718095018843,3.2830937811423135,0.3435690058937883,0
ds4,19,98.75,0,0,test,0.5728658093371761,2.1901020593092633,0.4083697961910482,0.012251727893444472,2.7629678686464394,0.2635277862194918,0
ds4,19,99.25,0,0,test,1.953823243003797,2.2041133198729126,0.3099746200107632,0.013503699008266852,4.15793656287671,0.4730915597201054,0
ds4,19,99.75,0,0,test,0.9722704103691838,0.3658984201695232,0.7432736215970734,0.016045491166181335,1.338168830538707,0.069044436329421,0
ds4,19,100.25,0,0,test,1.8524357098137332,1.5285327091631296,0.5623113902298262,0.01035024412601115,3.3809684189768627,0.3585299223384636,0
ds4,19,100.75,0,0,test,0.690914951237276,2.9832420784114078,0.3238125095944774,0.016112478802869985,3.6741570296486836,0.4027855600622649,0
ds4,19,101.25,0,0,test,1.9155174722858455,2.520659325306722,0.4006244825750105,0.012898270049633677,4.436176797592568,0.5115320931995997,0
ds4,19,101.75,0,0,test,2.3232371411938373,3.4376993773228377,0.38621776470957375,0.016209381857995704,5.760936518516675,0.6698198237840411,0
ds4,19,102.25,0,0,test,0.7924045032686376,2.1944291572554118,0.43429573835224944,0.013056185271005575,2.9868336605240495,0.29798418335523563,0
ds4,19,102.75,0,0,test,1.5430264544018042,0.15836412942630645,0.5917652475779832,0.011276389212196885,1.7013905838281107,0.11127547695715434,0
ds4,19,103.25,0,0,test,2.2954071133422334,1.5871717625077346,0.27609102078037073,0.012172751827570683,3.882578875849968,0.4335572941145438,0
ds4,19,103.75,0,0,test,0.795574692851542,1.7520807330701227,0.31917053959344965,0.011887884280935778,2.547655425921665,0.23069841130745203,0
ds4,19,104.25,0,0,test,2.4197379644844883,1.1702436587554415,0.42134726918275306,0.01498974607829628,3.5899816232399298,0.3901818679624725,0
ds4,19,104.75,0,0,test,2.1201322194637537,0.6030505615772859,1.5678495746597296,0.009187042827365158,2.7231827810410394,0.2574294853891104,0
ds4,19,105.25,0,0,test,0.9210954528583187,3.4826712269082414,2.0552392274649014,0.009939969803150407,4.40376667976656,0.5071385690027189,0
ds4,19,105.75,0,0,test,2.026256099749148,1.1991882180630073,0.37456855155849933,0.011148014234199116,3.2254443178121557,0.33472599232382927,0
ds4,19,106.25,0,0,test,0.8388979805895922,1.4557899704839428,0.31644616795248715,0.007448659356445862,2.294687951073535,0.1929532499454224,0
ds4,19,106.75,0,0,test,0.7334181447850032,3.004646431821506,1.0325018198180254,0.009895617622298142,3.738064576606509,0.41229028212929586,0
ds4,19,107.25,0,0,test,1.2917129414893873,1.428691266077643,0.30468277262139704,0.011081851710963304,2.7204042075670305,0.2570040207429941,0
ds4,19,107.75,0,0,test,0.5306795054683894,2.5192380929173126,1.185160460042925,0.016558770158360943,3.049917598385702,0.30770994761829706,0
ds4,19,108.25,0,0,test,0.6876036412278599,1.439404215132651,0.927040751525723,0.01438981748500191,2.127007856360511,0.1686933418109124,0
ds4,19,108.75,0,0,test,0.6397298697439529,0.32225526735579585,1.4097505459191757,0.010364358123621794,0.9619851370997488,0.03442671094338791,0
ds4,19,109.25,0,0,test,1.0943907789016492,0.4152410968283629,0.6726910127961067,0.00822966244893996,1.509631875730012,0.08804437076634794,0
ds4,19,109.75,0,0,test,0.36450608460878603,1.1326103576761968,0.4913229308659397,0.007079177699809836,1.4971164422849828,0.08659766371557444,0
ds4,19,225.25,1,0,test,9.853584307604331,177.72551137187662,0.4768251920697503,0.014265067489226999,187.57909567948096,1.0,1
ds4,19,225.75,1,0,test,8.092351907114447,179.6168510835165,0.7895594045257387,0.012583137281243308,187.70920299063096,1.0,1
ds4,19,226.25,1,0,test,8.607747451176603,190.9035599064856,0.5272174243406538,0.01101323762494657,199.51130735766222,1.0,1
ds4,19,226.75,1,0,test,8.515130761489711,182.7287643106116,0.4812779680790563,0.012498219856278787,191.2438950721013,1.0,1
ds4,19,227.25,1,0,test,8.100107322645409,205.7678834631104,0.5897067309013391,0.016644299223319635,213.8679907857558,1.0,1
ds4,19,227.75,1,0,test,8.913880381441151,222.90518910867007,0.6093092713309026,0.017242509222517886,231.81906949011122,1.0,1
ds4,19,228.25,1,0,test,8.712356028446045,230.56860765982177,2.0262271389778377,0.010281269220302734,239.2809636882678,1.0,1
ds4,19,228.75,1,0,test,9.507390333270967,218.89197068412324,0.64764499177094,0.021574469932862505,228.3993610173942,1.0,1
ds4,19,229.25,1,0,test,9.136623390326402,215.65355237896773,0.9384307476777843,0.011437111566234918,224.79017576929414,1.0,1
ds4,19,229.75,1,0,test,9.083286406037335,234.4607639003514,0.4745294446318109,0.015374507176530383,243.54405030638873,1.0,1
ds4,19,230.25,1,0,test,8.86829197743966,234.38004928798614,0.5022983802879344,0.010491228688934795,243.2483412654258,1.0,1
ds4,19,230.75,1,0,test,8.456631486892194,242.58585615259113,0.5817852624795228,0.017891993174291007,251.04248763948334,1.0,1
ds4,19,231.25,1,0,test,9.278497390868097,228.49837290029805,1.0276871074249114,0.02013190199514031,237.77687029116615,1.0,1
ds4,19,231.75,1,0,test,9.902986685036597,238.32923900992424,1.1952566370226168,0.012507521249965906,248.23222569496085,1.0,1
ds4,19,232.25,1,0,test,10.24657565916567,250.8762715666222,0.6093840264317522,0.01574554343508262,261.12284722578784,1.0,1
ds4,19,232.75,1,0,test,10.794848365840778,240.56237576965367,0.5928711672505971,0.012777632557631821,251.35722413549445,1.0,1
ds4,19,233.25,1,0,test,21.934408007818025,259.50412124995296,0.5122402745090875,0.015642728908585694,281.438529257771,1.0,1
ds4,19,233.75,1,0,test,12.613217038784049,250.44936694524435,0.5196118071446132,0.016293568827009056,263.0625839840284,1.0,1
ds4,19,234.25,1,0,test,13.77999794363954,250.85956421393567,0.4650940861409398,0.009912869863962843,264.6395621575752,1.0,1
ds4,19,234.75,1,0,test,9.50275314237149,243.78144079084697,0.4660221092080589,0.013238661936323913,253.28419393321846,1.0,1
ds4,19,235.25,1,0,test,10.495976560096667,240.8306051522176,0.5224305637292417,0.014353677003547173,251.32658171231427,1.0,1
ds4,19,235.75,1,0,test,10.998025311126321,242.50030652184645,0.5650139441355232,0.019229894876553293,253.49833183297278,1.0,1
ds4,19,236.25,1,0,test,10.59810065138881,242.27227520869587,0.8844739426433852,0.013940855112718871,252.8703758600847,1.0,1
ds4,19,236.75,1,0,test,11.65331864288462,244.66016186702933,0.5338751692851966,0.017359518702098037,256.313480509914,1.0,1
ds4,19,237.25,1,0,test,12.553737871657988,248.73780956851022,0.6665973782819656,0.012628221297159646,261.2915474401682,1.0,1
ds4,19,237.75,1,0,test,11.798082087450876,255.02488747408228,0.5743063619515697,0.010494257775770012,266.82296956153317,1.0,1
ds4,19,238.25,1,0,test,11.67617455012898,245.29443445250928,0.47033652566202533,0.012660278963248823,256.97060900263824,1.0,1
ds4,19,238.75,1,0,test,23.467808434928884,267.31468007104155,0.6705161042122185,0.011730136362165562,290.78248850597043,1.0,1
ds4,19,239.25,1,0,test,8.915085163734545,269.1873958154279,0.5315850474009107,0.008955616693000459,278.10248097916246,1.0,1
ds4,19,239.75,1,0,test,9.098074277937913,275.066152367286,1.4214791659994834,0.012408263789398773,284.16422664522395,1.0,1
ds4,19,240.25,1,0,test,7.994294439281028,266.4506366280467,0.8266391812906084,0.016341063508466078,274.44493106732773,1.0,1
ds4,19,240.75,1,0,test,8.583613789392441,283.5663671934695,0.6100495322190868,0.016924513287897958,292.1499809828619,1.0,1
ds4,19,241.25,1,0,test,8.891407548319084,296.2808773644205,0.5663211330483406,0.01050366461926551,305.1722849127396,1.0,1
ds4,19,241.75,1,0,test,8.437385644332075,284.7908396187536,0.5087511432564713,0.012303921702606916,293.2282252630857,1.0,1
ds4,19,242.25,1,0,test,10.747133181446362,300.36819667840496,0.5064457277583788,0.013975624515509688,311.11532985985133,1.0,1
ds4,19,242.75,1,0,test,9.763927332180117,321.57840414573775,0.49921656326582153,0.01821315196667997,331.34233147791787,1.0,1
ds4,19,243.25,1,0,test,12.455735535030575,336.72463816442485,0.4913234991982697,0.016223936359808608,349.1803736994554,1.0,1
ds4,19,243.75,1,0,test,27.595019092314704,370.46157632539536,0.554526225146526,0.015907622985145156,398.05659541771007,1.0,1
ds4,19,244.25,1,0,test,15.213505960882777,361.457269342975,0.687358517305802,0.013776534014831948,376.6707753038578,1.0,1
ds4,19,244.75,1,0,test,15.109357369840792,376.5706503414871,0.6036067537536955,0.007765452743239625,391.6800077113279,1.0,1
ds4,19,245.25,1,0,test,21.110558842333624,343.4192422547231,0.7427950239037706,0.006646200638952091,364.5298010970567,1.0,1
ds4,19,245.75,1,0,test,10.7660813162809,363.97936515638503,0.6690574991322444,0.008930233852000646,374.74544647266595,1.0,1
ds4,19,246.25,1,0,test,11.08058021232987,363.03860409527556,0.6329775271140758,0.017461522154210908,374.11918430760545,1.0,1
ds4,19,246.75,1,0,test,14.889981132292778,354.0729502186485,0.7232791381401049,0.01437517702683209,368.9629313509413,1.0,1
ds4,19,247.25,1,0,test,15.76795921489853,355.9273606315242,0.8537009251097685,0.0170309242323221,371.69531984642276,1.0,1
ds4,19,247.75,1,0,test,14.597182606582331,371.8154491505946,0.7253004769009515,0.008675714135609023,386.41263175717694,1.0,1
ds4,19,248.25,1,0,test,14.443317179189647,375.5986185997815,1.113583412084499,0.011842430925610346,390.04193577897115,1.0,1
ds4,19,248.75,1,0,test,15.013610087586049,368.2878755980145,0.7724214780083934,0.013681631989100114,383.3014856856006,1.0,1
ds4,19,249.25,1,0,test,13.732041513562542,388.1908109658103,1.9025794474746152,0.014054588410746945,401.9228524793728,1.0,1
ds4,19,249.75,1,0,test,13.110268705484318,403.26595950610033,0.5443461907304619,0.012712260046847753,416.37622821158465,1.0,1
ds4,19,250.25,1,0,test,15.212201057018248,409.7905558388898,0.4329644601629055,0.015182067406997799,425.0027568959081,1.0,1
ds4,19,250.75,1,0,test,14.103535613491008,418.5535387615755,0.48694783150890936,0.021764507367899606,432.65707437506654,1.0,1
ds4,19,251.25,1,0,test,14.216882257020048,417.3121582183493,0.6223168276345876,0.015886015290771237,431.52904047536936,1.0,1
ds4,19,251.75,1,0,test,15.90565698111248,454.63532962902843,0.49435479889143463,0.017299661624611207,470.5409866101409,1.0,1
ds4,19,252.25,1,0,test,12.468598782172448,447.45807684178277,0.5137903510454853,0.01604867373035987,459.9266756239552,1.0,1
ds4,19,252.75,1,0,test,17.377989384093183,451.97040310218455,1.7291694715362491,0.006429049152420218,469.3483924862777,1.0,1
ds4,19,253.25,1,0,test,8.701001731053898,468.24394743020997,0.5503450466908889,0.010256010102471154,476.9449491612639,1.0,1
ds4,19,253.75,1,0,test,8.594405012904282,470.8014217630223,0.4395424038442343,0.018743973831825772,479.3958267759266,1.0,1
ds4,19,254.25,1,0,test,12.323014920218657,502.53595643394925,0.8287847498454659,0.012357638919735296,514.8589713541679,1.0,1
ds4,19,254.75,1,0,test,10.277877872245915,490.1149066354104,1.379681082224613,0.01109665780106153,500.39278450765636,1.0,1
ds4,19,255.25,1,0,test,10.921459283044458,498.4728302935674,1.3298678770394765,0.016925820658948296,509.39428957661187,1.0,1
ds4,19,255.75,1,0,test,23.61156388282225,532.3660022424729,0.47954362690449676,0.01806998403015482,555.9775661252951,1.0,1
ds4,19,256.25,1,0,test,17.706152446352178,536.2931117712338,0.4835315557110809,0.0202752152139384,553.999264217586,1.0,1
ds4,19,256.75,1,0,test,14.302950368476532,532.1887004941412,0.8625232167421678,0.01684709850030115,546.4916508626178,1.0,1
ds4,19,257.25,1,0,test,14.483090602548385,564.1927447793427,0.8827983831913627,0.017172018558734813,578.675835381891,1.0,1
ds4,19,257.75,1,0,test,15.970692628988306,543.0969365237906,0.5390695769750259,0.018619352066769537,559.067629152779,1.0,1
ds4,19,258.25,1,0,test,16.96062361097914,548.8461661662296,0.9440188093352488,0.014246737154962599,565.8067897772088,1.0,1
ds4,19,258.75,1,0,test,17.299255977565863,536.8976538243536,0.768034603707151,0.019688351073373092,554.1969098019194,1.0,1
ds4,19,259.25,1,0,test,17.41996389952101,549.1080543793196,0.5487200995557137,0.01619543818045468,566.5280182788406,1.0,1
ds4,19,259.75,1,0,test,17.9383609530324,564.3824681951621,0.5534058262227237,0.01674264604117273,582.3208291481945,1.0,1
ds4,19,260.25,1,0,test,24.419185349278774,562.858583710896,0.6268115915595475,0.012073142431862515,587.2777690601748,1.0,1
ds4,19,260.75,1,0,test,22.49460614387983,591.1900488115332,0.7932466890615473,0.016174658355169434,613.6846549554131,1.0,1
ds4,19,261.25,1,0,test,20.965182442816186,599.1776623600587,1.2425097667685991,0.015198662058526716,620.1428448028748,1.0,1
ds4,19,261.75,1,0,test,31.197366303912656,607.2364110218674,0.8695562366277059,0.017721579218972827,638.43377732578,1.0,1
ds4,19,262.25,1,0,test,25.53706479224335,638.260106504179,1.1988606289161323,0.014818430952189113,663.7971712964223,1.0,1
ds4,19,262.75,1,0,test,27.617701304469072,651.4189616847182,1.2500967282234192,0.013017674227573928,679.0366629891872,1.0,1
ds4,19,263.25,1,0,test,28.423879695297924,654.3924023373878,0.8260785920469278,0.012856866129218403,682.8162820326858,1.0,1
ds4,19,263.75,1,0,test,29.816755633974527,686.4893445027286,0.6672834247215399,0.015318561757784635,716.3061001367031,1.0,1
ds4,19,264.25,1,0,test,29.988570484712515,683.4120826943545,0.5228509725311574,0.014827290010719566,713.400653179067,1.0,1
ds4,19,264.75,1,0,test,29.952737938962198,700.6914243691972,0.84453601414625,0.01536525791578068,730.6441623081594,1.0,1
ds4,19,265.25,1,0,test,29.967644309619235,708.9376159650255,0.813877147119841,0.01345359043498027,738.9052602746448,1.0,1
ds4,19,265.75,1,0,test,31.18174678138923,713.9130693945588,0.6464286539260674,0.014779800771632106,745.094816175948,1.0,1
ds4,19,266.25,1,0,test,27.39734486474028,702.4524309214185,0.4868471165123337,0.013091081316615658,729.8497757861587,1.0,1
ds4,19,266.75,1,0,test,26.592761716055303,710.8385210614782,0.9446097946592541,0.015924394720086117,737.4312827775335,1.0,1
ds4,19,267.25,1,0,test,25.559022971714096,750.4394951464994,0.8415789083864204,0.010589452227457228,775.9985181182135,1.0,1
ds4,19,267.75,1,0,test,23.683430756044928,736.2489506491404,0.969644583124068,0.01803024586024959,759.9323814051853,1.0,1
ds4,19,268.25,1,0,test,24.389328699143206,742.6371370979696,0.9846135237483712,0.010537418608393963,767.0264657971128,1.0,1
ds4,19,268.75,1,0,test,24.272940282718242,732.4704148236772,0.5970137908871899,0.011258175888684122,756.7433551063954,1.0,1
ds4,19,269.25,1,0,test,25.86733193432033,755.8682179666314,0.8152270909809494,0.01824299803948583,781.7355499009517,1.0,1
ds4,19,269.75,1,0,test,21.350343478140623,789.5320622506433,0.534436623040888,0.01735618616247023,810.882405728784,1.0,1
ds4,19,270.25,1,0,test,22.32764922940846,755.4018964476211,0.4580259819298024,0.016711323103782413,777.7295456770296,1.0,1
ds4,19,270.75,1,0,test,20.767434047107557,756.3484222487143,0.4486371838113384,0.012817457942312293,777.1158562958219,1.0,1
ds4,19,271.25,1,0,test,21.71604806266691,747.4672079858474,0.691887254710133,0.015474828451426559,769.1832560485143,1.0,1
ds4,19,271.75,1,0,test,27.257546405047652,733.1106008618558,1.086404290530105,0.013352637895715681,760.3681472669034,1.0,1
ds4,19,272.25,1,0,test,17.96671318734868,749.3270550389327,0.5028035288276578,0.014627693686401813,767.2937682262814,1.0,1
ds4,19,272.75,1,0,test,18.338395531111775,745.2930473179164,0.5303289193225477,0.012887372681372265,763.6314428490282,1.0,1
ds4,19,273.25,1,0,test,19.718685712853006,748.7292311758245,0.9770333262076861,0.01647694828423059,768.4479168886775,1.0,1
ds4,19,273.75,1,0,test,16.468490614065576,758.1649681382322,0.606826461201209,0.016790677660646354,774.6334587522978,1.0,1
ds4,19,274.25,1,0,test,16.929817518117236,733.8568078984595,0.505206133980127,0.017132122069571425,750.7866254165767,1.0,1
ds4,19,274.75,1,0,test,16.925552493797426,701.9129518937541,0.913752085833937,0.021560316118005747,718.8385043875516,1.0,1
ds4,19,275.25,1,0,test,16.90149346356385,707.1825164793197,0.4947632865729531,0.016703041324794332,724.0840099428835,1.0,1
ds4,19,275.75,1,0,test,16.89941736952155,664.1469926184556,0.5712764788867497,0.011089605054899384,681.0464099879771,1.0,1
ds4,19,276.25,1,0,test,21.179278658139683,651.7475129844356,0.6064180787697014,0.015967398994166094,672.9267916425753,1.0,1
ds4,19,276.75,1,0,test,12.920598853494399,667.7359177390806,0.6180711508914942,0.014755264420113318,680.656516592575,1.0,1
ds4,19,277.25,1,0,test,13.78414033568868,709.720800380651,0.8190157882541349,0.01520550324916812,723.5049407163397,1.0,1
ds4,19,277.75,1,0,test,10.340593019423528,718.5956777179568,0.5772190103560104,0.014076731681143432,728.9362707373804,1.0,1
ds4,19,278.25,1,0,test,10.348448410731736,700.2922545966044,0.3882608379903304,0.012561994460150135,710.6407030073361,1.0,1
ds4,19,278.75,1,0,test,9.439582045971564,677.8410077877219,0.8765638488702908,0.011846016588180016,687.2805898336934,1.0,1
ds4,19,279.25,1,0,test,9.017672447975917,699.3658342950197,0.4470448733432761,0.01117423862638039,708.3835067429956,1.0,1
ds4,19,279.75,1,0,test,8.942489663299243,722.7200221357219,0.4352870754109759,0.015278463644622414,731.6625117990212,1.0,1
ds4,19,280.25,1,0,test,8.918590546280532,680.6569117621236,0.7555718333299842,0.013633388525135338,689.5755023084041,1.0,1
ds4,19,280.75,1,0,test,8.12439258814268,697.1887652093068,0.3901162442541693,0.012654237695524744,705.3131577974494,1.0,1
ds4,19,281.25,1,0,test,9.43972155340016,751.9571154595013,0.4089771004273322,0.011760900399273395,761.3968370129015,1.0,1
ds4,19,281.75,1,0,test,7.467277527092111,728.531575079621,0.9658315275751175,0.012783911560489851,735.9988526067132,1.0,1
ds4,19,282.25,1,0,test,7.628379302915885,718.875003717996,0.7557545513982811,0.011750557420323725,726.5033830209119,1.0,1
ds4,19,282.75,1,0,test,10.135258890469265,683.8665799816888,0.5964371929160815,0.017535454193532207,694.001838872158,1.0,1
ds4,19,283.25,1,0,test,7.852102071724253,780.7235322527522,1.27355834578907,0.01447437022986583,788.5756343244765,1.0,1
ds4,19,283.75,1,0,test,9.219843365207964,813.6433981553366,0.5238960022428354,0.015800996584988042,822.8632415205445,1.0,1
ds4,19,284.25,1,0,test,8.774748902581456,856.5031273086431,0.4214994665505343,0.01601705139955413,865.2778762112246,1.0,1
ds4,19,284.75,1,0,test,7.239536378003683,823.348323621646,0.6018224759528584,0.01654243504402327,830.5878599996497,1.0,1
ds4,19,285.25,1,0,test,11.640981019968592,786.6182972639713,0.5691456821265667,0.011692656058782445,798.2592782839399,1.0,1
ds4,19,285.75,1,0,test,7.121852749051435,914.9340944649115,3.087031556500689,0.011327701827055482,922.0559472139629,1.0,1
ds4,19,286.25,1,0,test,6.668044733929576,922.8144558068949,0.24889784460960634,0.011391385840166515,929.4825005408245,1.0,1
ds4,19,286.75,1,0,test,5.703017059438291,963.0494830740522,0.635076208629128,0.016196686614663384,968.7525001334905,1.0,1
ds4,19,287.25,1,0,test,6.75318255259097,1031.6685558908723,0.3424958597990522,0.01717015110109465,1038.4217384434633,1.0,1
ds4,19,287.75,1,0,test,5.527289441228443,1047.314918106136,0.35412472381878646,0.011379717506211334,1052.8422075473645,1.0,1
ds4,19,288.25,1,0,test,5.96010355273297,1095.4651054915819,0.6539156868554313,0.01326228769709706,1101.425209044315,1.0,1
ds4,19,288.75,1,0,test,5.931539519756769,1134.311774403698,0.5961121843278079,0.012061825822158236,1140.243313923455,1.0,1
ds4,19,289.25,1,0,test,5.615503230806667,1157.85592638025,0.42731656287236625,0.011531716049036902,1163.4714296110565,1.0,1
ds4,19,289.75,1,0,test,6.812915088675404,1214.0729164057348,0.4719314132570784,0.01165934133899952,1220.8858314944102,1.0,1
ds4,19,290.25,1,0,test,5.318730727504631,1210.4986145727269,0.4891321289943335,0.009536104311704837,1215.8173453002314,1.0,1
ds4,19,290.75,1,0,test,4.778970362467923,1238.874650285188,0.5821453946311905,0.014967965865955222,1243.6536206476558,1.0,1
ds4,19,291.25,1,0,test,5.971830431211603,1192.5176638258824,0.5476061364616653,0.011468423413258317,1198.489494257094,1.0,1
ds4,19,291.75,1,0,test,6.818259864267416,1244.0528282277694,0.7223856078794232,0.014317197559719335,1250.8710880920369,1.0,1
ds4,19,292.25,1,0,test,5.009478981774564,1224.1064237813976,0.42922631949631,0.014383445734354969,1229.115902763172,1.0,1
ds4,19,292.75,1,0,test,5.6796994951522635,1238.7411579782404,0.39005960000003614,0.011853931778480764,1244.4208574733927,1.0,1
ds4,19,293.25,1,0,test,5.518224088955841,1301.351192261142,0.4661492601202547,0.01142223138420648,1306.8694163500977,1.0,1
ds4,19,293.75,1,0,test,5.305312500566799,1309.191361213027,2.181731255517727,0.012630075990877853,1314.4966737135937,1.0,1
ds4,19,294.25,1,0,test,5.610845089689007,1333.6619771809208,0.5545368378672733,0.017265634596976564,1339.2728222706098,1.0,1
ds4,19,294.75,1,0,test,9.476728016993569,1266.0358680337476,1.029535946775293,0.014001131054749765,1275.5125960507412,1.0,1
ds4,19,295.25,1,0,test,5.94318766100704,1253.6845973171876,0.39325863434834907,0.012849260913508196,1259.6277849781945,1.0,1
ds4,19,295.75,1,0,test,5.216165117504376,1273.8160716398054,0.308429433882265,0.016864320847187187,1279.0322367573099,1.0,1
ds4,19,296.25,1,0,test,4.555636668596166,1237.9909049418916,0.5171170891899846,0.01386667712613275,1242.5465416104878,1.0,1
ds4,19,296.75,1,0,test,5.593780224325597,1310.7819966281847,0.3897380913539077,0.00989710010136082,1316.3757768525104,1.0,1
ds4,19,297.25,1,0,test,4.31948895363822,1310.6599064720483,0.4576170506327911,0.010461898310268506,1314.9793954256866,1.0,1
ds4,19,297.75,1,0,test,6.547650158055455,1336.37659986539,0.558745880639306,0.009141125409947541,1342.9242500234454,1.0,1
ds4,19,298.25,1,0,test,6.505725361109089,1402.0529736197702,0.6560280131024033,0.00947922530735767,1408.5586989808794,1.0,1
ds4,19,298.75,1,0,test,1.5677110004939558,1460.0306255949858,0.7893670585077168,0.01688000265606222,1461.5983365954799,1.0,1
ds4,19,299.25,1,0,test,1.6182953017454067,1363.4172503012728,0.48101466274970517,0.016263938713052498,1365.0355456030181,1.0,1
ds4,19,299.75,1,0,test,1.5049530486633027,1353.4275991438249,0.5247374956924938,0.017369410464203608,1354.9325521924882,1.0,1
ds4,19,300.25,1,0,test,1.8442358448347542,1300.3378492714055,0.5958741720674813,0.012775425437830803,1302.1820851162402,1.0,1
ds4,19,300.75,1,0,test,2.4200781401256917,1439.7242887586247,0.41025201170911535,0.012806808983655157,1442.1443668987504,1.0,1
ds4,19,301.25,1,0,test,1.28378091072682,1433.2009935935962,0.402481617292317,0.010345654376879322,1434.484774504323,1.0,1
ds4,19,301.75,1,0,test,1.428213725656394,1443.4745039286242,2.1526259723611725,0.008189739835423374,1444.9027176542807,1.0,1
ds4,19,302.25,1,0,test,1.045866230401552,1392.8224702767277,0.3769429193576451,0.011286491100539937,1393.8683365071292,1.0,1
ds4,19,302.75,1,0,test,0.7976451662120532,1517.6624513486443,0.9973408249337371,0.010724005532842938,1518.4600965148563,1.0,1
ds4,19,303.25,1,0,test,3.2860255707843162,1476.1247911656721,1.9761654203422583,0.007942192298410084,1479.4108167364564,1.0,1
ds4,19,303.75,1,0,test,0.5782426368092325,1523.2325214446,0.79857788418998,0.008063509282254794,1523.8107640814092,1.0,1
ds4,19,304.25,1,0,test,0.40006943324886196,1535.9820981919888,0.7598886679733805,0.007945051472211384,1536.3821676252378,1.0,1
ds4,19,304.75,1,0,test,0.6594272522637412,1565.2017682072421,0.47931666821026697,0.012208024601788828,1565.8611954595058,1.0,1
ds4,19,305.25,1,0,test,1.7100446721350357,1513.926661296189,1.0902669632529394,0.008446591805543725,1515.636705968324,1.0,1
ds4,19,305.75,1,0,test,0.5433935390898499,1574.7486776222402,1.0864429013161208,0.011640338647461551,1575.29207116133,1.0,1
ds4,19,306.25,1,0,test,0.35635530993364645,1614.093590163336,1.043917470442871,0.01124333606446152,1614.4499454732697,1.0,1
ds4,19,306.75,1,0,test,1.0847629417094835,1568.764754749909,0.34682216498294655,0.00837710093286486,1569.8495176916183,1.0,1
ds4,19,307.25,1,0,test,1.1080295614184434,1554.9402544402583,6.641803091532839,0.006462060553221192,1556.0482840016766,1.0,1
ds4,19,307.75,1,0,test,17.662426471980332,1514.3431269469716,1.4724492788998311,0.00442181584629014,1532.0055534189519,1.0,1
ds4,19,308.25,1,0,test,0.45664345006557594,1499.2254561170848,1.3678222660631647,0.010454059356893725,1499.6820995671503,1.0,1
ds4,19,308.75,1,0,test,1.8142318428224589,1521.088610617069,31.276271335239475,0.011004917436347437,1522.9028424598914,1.0,1
ds4,19,309.25,1,0,test,0.2622323070102619,1429.6121065943162,0.19998615888588847,0.010172499396291997,1429.8743389013264,1.0,1
ds4,19,309.75,1,0,test,9.62860154612027,1336.211699479943,3.2823029455934747,0.0026832919279395134,1345.8403010260633,1.0,1
ds4,19,310.25,1,0,test,0.724152944501933,1281.5393839086485,0.21752313775368531,0.005077971091965881,1282.2635368531503,1.0,1
ds4,19,310.75,1,0,test,8.123602318274596,1219.0209245190936,3.1556090056055717,0.0071513120575978405,1227.1445268373682,1.0,1
ds4,19,311.25,1,0,test,2.7563623048026344,1173.2971092180642,3.3699524599529513,0.009318137388073557,1176.0534715228669,1.0,1
ds4,19,311.75,1,0,test,1.5857015848543188,1123.826062553819,0.6398984318101925,0.00952536079030384,1125.4117641386733,1.0,1
ds4,19,312.25,1,0,test,1.8443984111299987,1165.3916063357717,0.3202881250796034,0.003666817442319436,1167.2360047469017,1.0,1
ds4,19,312.75,1,0,test,2.198750031887792,1190.908019087148,1.074442327642117,0.010557282174944569,1193.1067691190358,1.0,1
ds4,19,313.25,1,0,test,3.016226223257807,1139.456510363374,0.2157430986090916,0.012361082733692937,1142.4727365866318,1.0,1
ds4,19,313.75,1,0,test,1.4921517054512838,1114.2793969185902,4.038921357509827,0.006834752656969321,1115.7715486240415,1.0,1
ds4,19,314.25,1,0,test,12.317285840366527,997.5094249555264,6.866758348416299,0.00798561348871746,1009.8267107958928,1.0,1
ds4,19,314.75,1,0,test,2.9527568696780397,1017.3446633874923,10.612511170444117,0.012342671162181199,1020.2974202571704,1.0,1
ds4,19,315.25,1,0,test,3.0965724703100967,1085.3459144609324,1.3519362407083277,0.006126266073477899,1088.4424869312425,1.0,1
ds4,19,315.75,1,0,test,3.9733346075115517,1028.4048234835977,1.2736407123319287,0.007361870097455048,1032.3781580911093,1.0,1
ds4,19,316.25,1,0,test,3.616191425400267,1013.9589825053954,3.0115906738481404,0.0055349885341230195,1017.5751739307957,1.0,1
ds4,19,316.75,1,0,test,3.9296105125618417,1096.7870173880415,1.195426159888743,0.005116572407249859,1100.7166279006033,1.0,1
ds4,19,317.25,1,0,test,3.559235746251703,1073.5342596528217,0.22148645765532174,0.007834388795533626,1077.0934953990734,1.0,1
ds4,19,317.75,1,0,test,5.15929870509695,1035.939841615166,0.16664805173086567,0.008965656938905964,1041.099140320263,1.0,1
ds4,19,318.25,1,0,test,3.6820381527937567,1142.0169760666574,3.361534761184466,0.005680224002562131,1145.699014219451,1.0,1
ds4,19,318.75,1,0,test,3.9522264128794333,1165.2695229612436,0.3804972666320858,0.00811604440577376,1169.221749374123,1.0,1
ds4,19,319.25,1,0,test,4.177853294785356,1140.5302855976886,0.3102189274176362,0.011364555327835452,1144.708138892474,1.0,1
ds4,19,319.75,1,0,test,3.2271204885118,1182.5693352894575,0.31880012805041597,0.008026306484377759,1185.7964557779694,1.0,1
ds4,19,320.25,1,0,test,2.4625620662603267,1226.7937081031425,1.3950230636325371,0.006909898715470843,1229.2562701694028,1.0,1
ds4,19,320.75,1,0,test,1.4958627386414338,1198.8827871201731,5.528019659369653,0.010213932141033846,1200.3786498588145,1.0,1
ds4,19,321.25,1,0,test,2.4378836896443716,1125.7235712333386,1.3763448493650634,0.00482532683404424,1128.161454922983,1.0,1
ds4,19,321.75,1,0,test,2.15469065879876,1198.7442531688746,4.767343617033479,0.009331235298579859,1200.8989438276733,1.0,1
ds4,19,322.25,1,0,test,1.9208784113718045,1188.0720171157204,1.743069974824091,0.008318125774690306,1189.9928955270923,1.0,1
ds4,19,322.75,1,0,test,2.3387323997675193,1169.4405716125955,0.10562411492394273,0.010901220159178115,1171.779304012363,1.0,1
ds4,19,323.25,1,0,test,3.032518342591983,1272.4183454773479,0.6823244296157476,0.0038553299189940837,1275.45086381994,1.0,1
ds4,19,323.75,1,0,test,2.4950498344847025,1071.5898356753628,0.9976149941754576,0.008921355522508896,1074.0848855098475,1.0,1
ds4,19,324.25,1,0,test,3.522550915594679,1061.5287944126974,0.30884091213622517,0.012159213399411208,1065.051345328292,1.0,1
ds4,19,324.75,1,0,test,5.423713328275011,1050.0059044379675,0.16963164887800208,0.009601598625561326,1055.4296177662425,1.0,1
ds4,19,325.25,1,0,test,1.4866802388330491,1061.6088610115671,1.6857169753574965,0.01683095145134047,1063.0955412504002,1.0,1
ds4,19,325.75,1,0,test,0.9495346232146373,1068.115556292805,4.291222134671107,0.009492291838755511,1069.0650909160197,1.0,1
ds4,19,326.25,1,0,test,1.7603049811899862,975.6819511604857,1.7325966096313234,0.004642746997673015,977.4422561416757,1.0,1
ds4,19,326.75,1,0,test,1.4882848338626444,1054.1414686579342,2.814233303756321,0.008191364722752273,1055.629753491797,1.0,1
ds4,19,327.25,1,0,test,2.0001717542628414,972.2553525906329,2.696897185335084,0.011752179881672131,974.2555243448958,1.0,1
ds4,19,327.75,1,0,test,2.1255557461759116,892.5768331735936,2.237193168088495,0.00815788457073252,894.7023889197695,1.0,1
ds4,19,328.25,1,0,test,2.4085361482651186,962.9230523668442,7.386991838721014,0.013915285182893864,965.3315885151094,1.0,1
ds4,19,328.75,1,0,test,2.2497515348654695,1124.845367654702,0.7531120735624875,0.008856318456174487,1127.0951191895674,1.0,1
ds4,19,329.25,1,0,test,14.934024838880742,1040.440693337741,5.27574432917039,0.0041157951617110744,1055.3747181766219,1.0,1
ds4,19,329.75,1,0,test,3.9146858709175887,977.2203628816154,2.1471089932767864,0.008876666367452317,981.135048752533,1.0,1
ds4,19,330.25,1,0,test,4.457200235829767,960.2916129240186,0.5912099272501901,0.007865398454675267,964.7488131598484,1.0,1
ds4,19,330.75,1,0,test,4.687233804765797,958.8146595836749,0.470926501943298,0.008010007928845916,963.5018933884407,1.0,1
ds4,19,331.25,1,0,test,4.3438431121040155,898.7149762559719,2.2179604170260494,0.009403761998929458,903.0588193680759,1.0,1
ds4,19,331.75,1,0,test,3.8187715375860014,920.6182975469742,0.49598605864229267,0.009271206810044766,924.4370690845602,1.0,1
ds4,19,332.25,1,0,test,4.339738526758121,940.8870324229592,1.9003670727996669,0.007938510026892612,945.2267709497173,1.0,1
ds4,19,332.75,1,0,test,5.3188247558371895,886.4986190571777,2.614398328759304,0.0077392526982042915,891.817443813015,1.0,1
ds4,19,333.25,1,0,test,3.4489299661513138,872.5840240084293,4.288054915087595,0.006400007354330617,876.0329539745807,1.0,1
ds4,19,333.75,1,0,test,4.344916519188585,974.5406527128569,1.6989604360843074,0.0074775732862994715,978.8855692320454,1.0,1
ds4,19,334.25,1,0,test,5.6293266672348325,930.5684665831279,1.5892640589029332,0.011494918520417188,936.1977932503628,1.0,1
ds4,19,334.75,1,0,test,4.856986447615261,966.5070030175036,0.5527980859313224,0.005819286358888678,971.3639894651188,1.0,1
ds4,19,335.25,1,0,test,3.39607102069925,985.7095765698674,2.9252439651892774,0.014658098401839926,989.1056475905666,1.0,1
ds4,19,335.75,1,0,test,3.3265701386991267,1002.3591518923237,4.909039406570024,0.01276064969186213,1005.6857220310228,1.0,1
ds4,19,336.25,1,0,test,9.000308295639067,1041.1669551923287,5.028894787055393,0.00870828189746428,1050.1672634879678,1.0,1
ds4,19,336.75,1,0,test,4.394645194001253,985.0117769990567,6.494528847303347,0.0015179004538235729,989.4064221930579,1.0,1
ds4,19,337.25,1,0,test,4.9345320518436235,1061.7075020524037,2.0325519787045363,0.0071546473039418145,1066.6420341042474,1.0,1
ds4,19,337.75,1,0,test,4.690114050337503,1040.9141156445282,0.8165713541512197,0.011499864313554303,1045.6042296948658,1.0,1
ds4,19,338.25,1,0,test,5.605131404109856,1015.1002224341056,2.1164914625417532,0.011422586822735063,1020.7053538382155,1.0,1
ds4,19,338.75,1,0,test,3.3000206664505702,999.0605295298118,1.502457734757122,0.00563651676029158,1002.3605501962624,1.0,1
ds4,19,339.25,1,0,test,8.837186145248905,1079.2323074361007,0.5882669169312412,0.006868588619315693,1088.0694935813497,1.0,1
ds4,19,339.75,1,0,test,2.90674376090638,954.4048140755461,0.5101102778335869,0.00822545919986806,957.3115578364525,1.0,1
ds4,19,340.25,1,0,test,3.5277785712645904,895.2055401185734,2.7435615249401035,0.003978937976516924,898.7333186898379,1.0,1
ds4,19,340.75,1,0,test,3.5748551055963524,908.0792136019996,1.1410257885026,0.008623276797623066,911.654068707596,1.0,1
ds4,19,341.25,1,0,test,19.855271662499206,880.2159734617064,1.509170273672974,0.002618768188761724,900.0712451242057,1.0,1
ds4,19,341.75,1,0,test,5.5238259929350955,996.4196461824328,57.23750282821419,0.0069038037122490375,1001.9434721753679,1.0,1
ds4,19,342.25,1,0,test,6.515180400872264,941.0465235599246,0.8494202150678679,0.011953930344431481,947.5617039607969,1.0,1
ds4,19,342.75,1,0,test,5.3805422763306465,952.4981295254794,0.1904823460757021,0.00798797985717373,957.87867180181,1.0,1
ds4,19,343.25,1,0,test,6.51551324456298,917.9959959648343,0.27525355285412856,0.008985356659754857,924.5115092093972,1.0,1
ds4,19,343.75,1,0,test,6.4330453201752364,893.7918913380893,0.7724819125747059,0.012412215722362155,900.2249366582645,1.0,1
ds4,19,344.25,1,0,test,4.6767257091912375,831.8252953952292,0.5289031108108276,0.011810501151579559,836.5020211044205,1.0,1
ds4,19,344.75,1,0,test,3.4922714681898435,876.7092203359557,0.2774925130981223,0.00946055502283103,880.2014918041456,1.0,1
ds4,19,345.25,1,0,test,3.4301981461205906,977.4753947695292,4.705585725108328,0.007619708358467615,980.9055929156498,1.0,1
ds4,19,345.75,1,0,test,3.085237982100028,962.1246790572168,0.8567927843918589,0.007213671033000885,965.2099170393168,1.0,1
ds4,19,346.25,1,0,test,3.5323202463130428,916.6504733031232,0.37903299339796503,0.009506392446153386,920.1827935494363,1.0,1
ds4,19,346.75,1,0,test,4.614627476840764,952.5254800355248,0.217302708718859,0.015207303432133133,957.1401075123655,1.0,1
ds4,19,347.25,1,0,test,3.2589772429739594,1005.9932318153335,1.5655131263391726,0.005192972454034765,1009.2522090583075,1.0,1
ds4,19,347.75,1,0,test,1.5126790143914406,1022.6595895349592,1.3700200859126266,0.008943919439220831,1024.1722685493507,1.0,1
ds4,19,348.25,1,0,test,2.147119578514787,951.5076384869194,5.208738338058197,0.0081462434753701,953.6547580654342,1.0,1
ds4,19,348.75,1,0,test,2.990999247670978,963.7456962354062,0.7888710116620198,0.01404840795181832,966.7366954830771,1.0,1
ds4,19,349.25,1,0,test,1.527124210736525,978.3299043241465,1.9815310157998505,0.005146911180548679,979.8570285348829,1.0,1
ds4,19,349.75,1,0,test,1.5048054360481378,1009.7561030636147,1.24828249318965,0.005658742145185522,1011.2609084996628,1.0,1
ds4,19,350.25,1,0,test,2.2358794050550337,1023.6884015999992,1.5701692085481123,0.004302707826390838,1025.9242810050544,1.0,1
ds4,19,350.75,1,0,test,3.1023111511169437,1001.2610759320529,1.4846609298995883,0.0052549187214414195,1004.3633870831699,1.0,1
ds4,19,351.25,1,0,test,2.985339019169507,1026.3045241417424,3.5609216777967845,0.011159641178084581,1029.2898631609119,1.0,1
ds4,19,351.75,1,0,test,3.129019672975933,939.7841366782603,0.23880196854273678,0.010047689264229678,942.9131563512362,1.0,1
ds4,19,352.25,1,0,test,2.06107262809247,940.0676896671854,0.3258496484890968,0.010999937671081442,942.1287622952779,1.0,1
ds4,19,352.75,1,0,test,8.149435618966967,969.539756471543,0.27902146895799707,0.013400860303737269,977.68919209051,1.0,1
ds4,19,353.25,1,0,test,2.947574073501448,910.0314714818853,0.2700771287717649,0.010668267922681182,912.9790455553867,1.0,1
ds4,19,353.75,1,0,test,0.9659977581559233,980.6623366062838,0.2892208346402876,0.012337633080715612,981.6283343644398,1.0,1
ds4,19,354.25,1,0,test,0.8726313391095281,985.1751922757531,1.6350683048620873,0.012389475737557453,986.0478236148626,1.0,1
ds4,19,354.75,1,0,test,1.6086270128476527,1053.3483342419547,3.4820385108564813,0.0068230385352963914,1054.9569612548023,1.0,1
ds4,19,355.25,1,0,test,0.8951110079126215,1102.1502882928762,0.31072476042532304,0.014606394278966867,1103.0453993007889,1.0,1
ds4,19,355.75,1,0,test,0.8204885933755567,1069.6035831049157,0.4556006549996281,0.01139507416637544,1070.4240716982913,1.0,1
ds4,19,356.25,1,0,test,2.08910652318682,927.9260722033782,0.7635807453416735,0.011517337936773186,930.0151787265651,1.0,1
ds4,19,356.75,1,0,test,2.4272784009796773,950.7685328481674,1.2871742899334369,0.009935933620445883,953.1958112491471,1.0,1
ds4,19,357.25,1,0,test,1.4561096422456834,926.666639947135,0.30215863283031363,0.004983807280905391,928.1227495893806,1.0,1
ds4,19,357.75,1,0,test,1.3891631693850022,897.6320204496626,1.4273450216232706,0.009305772138458346,899.0211836190476,1.0,1
ds4,19,358.25,1,0,test,1.6823942686215752,822.9480017577065,0.3390150523298361,0.009322538690087716,824.6303960263281,1.0,1
ds4,19,358.75,1,0,test,1.581052891761817,739.9442069424896,8.086095710778539,0.00413995261418513,741.5252598342514,1.0,1
ds4,19,359.25,1,0,test,7.3411440799793874,707.7346558888617,0.9622403860500075,0.007016349502482437,715.075799968841,1.0,1
ds4,19,359.75,1,0,test,2.1954264692995356,734.9681850383897,1.05406431308142,0.011298271383107683,737.1636115076892,1.0,1
ds4,19,360.25,1,0,test,2.48236031052524,737.3404371989767,1.4215174070632033,0.009461937467441176,739.8227975095019,1.0,1
ds4,19,360.75,1,0,test,2.2013012178439624,763.5122294081806,1.3082367223215394,0.0057192816983445555,765.7135306260245,1.0,1
ds4,19,361.25,1,0,test,1.632717137476347,764.8321796892076,3.1812676985387944,0.005003437363982463,766.4648968266839,1.0,1
ds4,19,361.75,1,0,test,1.3356719505388261,822.5847437884348,1.692628950439284,0.012187185138936973,823.9204157389737,1.0,1
ds4,19,362.25,1,0,test,3.427085391869244,900.839459766667,2.181426626731842,0.0067850614051128905,904.2665451585362,1.0,1
ds4,19,362.75,1,0,test,1.969836575662516,915.9241339938344,8.141946255721884,0.003719957505456718,917.8939705694969,1.0,1
ds4,19,363.25,1,0,test,5.055744880294269,930.1920051209125,1.669415550248909,0.007534999899481391,935.2477500012068,1.0,1
ds4,19,363.75,1,0,test,4.387921024984633,943.1687369637237,3.863148343595484,0.006791002407447206,947.5566579887084,1.0,1
ds4,19,364.25,1,0,test,5.464577894188394,976.3929017764688,2.3962907954575163,0.01051772562918221,981.8574796706572,1.0,1
ds4,19,364.75,1,0,test,3.8301696262862603,922.6942040347452,2.7960784188135706,0.00537473775471228,926.5243736610315,1.0,1
ds4,19,365.25,1,0,test,3.9928515940669906,978.3751472866265,0.7550282179271618,0.007693165410981827,982.3679988806936,1.0,1
ds4,19,365.75,1,0,test,4.0101750086211645,887.698490845998,1.0544123095246152,0.006107635742219962,891.7086658546192,1.0,1
ds4,19,366.25,1,0,test,4.6502494056788075,875.5537570667753,2.026400485108773,0.002386872854704407,880.2040064724541,1.0,1
ds4,19,366.75,1,0,test,7.5510686772015845,876.3975886362141,7.1940194767036845,0.007653475581164312,883.9486573134157,1.0,1
ds4,19,367.25,1,0,test,9.286762267834908,919.9279699908494,1.374225589855986,0.009971767557280492,929.2147322586843,1.0,1
ds4,19,367.75,1,0,test,8.434621125836703,1028.423810042739,4.090338937025424,0.009333488025235023,1036.8584311685756,1.0,1
ds4,19,368.25,1,0,test,9.64488343678701,1078.5495258303895,5.704127980165062,0.007228498911277665,1088.1944092671765,1.0,1
ds4,19,368.75,1,0,test,8.973100129647111,1057.550737452028,2.31279520496624,0.007897283542309742,1066.523837581675,1.0,1
ds4,19,369.25,1,0,test,8.3390747975429,1139.199106113902,0.3888700471457413,0.018066865207358524,1147.538180911445,1.0,1
ds4,19,369.75,1,0,test,7.578636656549681,1101.032406123911,0.412490242463226,0.01622329219805396,1108.6110427804606,1.0,1
ds4,19,370.25,1,0,test,9.141854695156828,1306.5379678618106,0.23485049582055434,0.010561699770156486,1315.6798225569673,1.0,1
ds4,19,370.75,1,0,test,5.814761591678183,1304.5146478414067,3.6811000137431433,0.009473290871162285,1310.329409433085,1.0,1
ds4,19,371.25,1,0,test,7.586721700443961,1330.2080601565995,1.2110383822840762,0.005448076756998411,1337.7947818570435,1.0,1
ds4,19,371.75,1,0,test,3.9230227673705254,1372.776624704457,0.7510217301532448,0.009156866687725074,1376.6996474718273,1.0,1
ds4,19,372.25,1,0,test,3.446369939339181,1409.3533751692971,1.2369404244113018,0.012172932746820159,1412.7997451086362,1.0,1
ds4,19,372.75,1,0,test,3.935233801679877,1493.7549105517853,1.511346631752492,0.010353379930644878,1497.6901443534653,1.0,1
ds4,19,373.25,1,0,test,2.9111106801358275,1496.237970876759,0.4445981373074644,0.012605158872323245,1499.1490815568948,1.0,1
ds4,19,373.75,1,0,test,3.656036091429629,1488.7448758195949,0.2829754461570816,0.013298223744027332,1492.4009119110244,1.0,1
ds4,19,374.25,1,0,test,3.8401932003026205,1561.0570745210957,0.3253565418218157,0.015108640661846093,1564.8972677213983,1.0,1
ds4,19,374.75,1,0,test,1.7951310638229265,1523.8226045555527,4.3115128021776234,0.006539456773466539,1525.6177356193757,1.0,1
ds4,19,375.25,1,0,test,1.6082290028786668,1546.0479691514784,2.353171781779048,0.011146912755874077,1547.656198154357,1.0,1
ds4,19,375.75,1,0,test,2.103536096308537,1608.3328416397871,5.754128552654086,0.018970965629240933,1610.4363777360957,1.0,1
ds4,19,376.25,1,0,test,1.9368709515858442,1583.71349503915,1.309139219034412,0.012753369618517581,1585.650365990736,1.0,1
ds4,19,376.75,1,0,test,2.984280088678874,1500.441441844652,0.22082714161653344,0.016651125799537075,1503.4257219333308,1.0,1
ds4,19,377.25,1,0,test,2.461343561503381,1499.5687274332943,0.6179531746355117,0.007852545216450393,1502.0300709947976,1.0,1
ds4,19,377.75,1,0,test,2.542919002379927,1542.5839575189016,1.904819325575679,0.007522226227672269,1545.1268765212815,1.0,1
ds4,19,378.25,1,0,test,4.60363145037198,1491.5558377489901,4.220614149672336,0.003115604690818435,1496.159469199362,1.0,1
ds4,19,378.75,1,0,test,3.279639204967267,1372.913067542891,0.4950758876604104,0.00918433620293826,1376.1927067478582,1.0,1
ds4,19,379.25,1,0,test,7.785262845989873,1293.5956253014092,0.18949758793808488,0.01468744958130891,1301.380888147399,1.0,1
ds4,19,379.75,1,0,test,2.230398619756633,1249.615251292946,0.27365008550525005,0.016707878195651026,1251.8456499127026,1.0,1
ds4,19,380.25,1,0,test,8.977840301572362,1167.2821087115067,5.547250746491419,0.015094114761834825,1176.259949013079,1.0,1
ds4,19,380.75,1,0,test,9.211912123933038,1183.0488521073207,1.431055039342159,0.009383141147899591,1192.2607642312537,1.0,1
ds4,19,381.25,1,0,test,7.438152855664878,1128.8798385258347,9.85731882141897,0.011096078706827269,1136.3179913814995,1.0,1
ds4,19,381.75,1,0,test,6.059979357618432,1169.8023927404902,0.4041944497494247,0.010696627399750235,1175.8623720981086,1.0,1
ds4,19,382.25,1,0,test,4.934969557328056,1154.6973474754313,1.3851086434318403,0.011265215492987054,1159.6323170327594,1.0,1
ds4,19,382.75,1,0,test,4.6084186700276675,1154.7509496980279,0.6786726851991289,0.01270397313703612,1159.3593683680556,1.0,1
ds4,19,383.25,1,0,test,3.7947603537121304,1030.721131084501,0.20060670803529063,0.005749068339319627,1034.515891438213,1.0,1
ds4,19,383.75,1,0,test,4.069967127798885,1077.9128298846047,0.659859000268293,0.006373638303325341,1081.9827970124036,1.0,1
ds4,19,384.25,1,0,test,4.446152512980408,1183.7943462350108,0.6177618791470663,0.012037970317032052,1188.2404987479913,1.0,1
ds4,19,384.75,1,0,test,3.62302002999697,1111.4092700804304,0.18089369817919806,0.009214546611769785,1115.0322901104273,1.0,1
ds4,19,385.25,1,0,test,4.989978622879587,1002.803994123926,0.5057857683613184,0.008350338612656934,1007.7939727468056,1.0,1
ds4,19,385.75,1,0,test,3.1396285024919717,1016.3702352978335,0.4382467952834578,0.0082133611221332,1019.5098638003254,1.0,1
ds4,19,386.25,1,0,test,3.0364990335678996,989.0734471567695,1.1775904521897134,0.009031549074591647,992.1099461903374,1.0,1
ds4,19,386.75,1,0,test,2.6075878885930326,1014.6753795740696,1.0358480127425391,0.0058342770944388575,1017.2829674626626,1.0,1
ds4,19,387.25,1,0,test,2.2419985716989643,960.1894339538873,0.9029200999119087,0.008164325950460643,962.4314325255863,1.0,1
ds4,19,387.75,1,0,test,2.7934339925733447,1000.1854434247584,1.2468014115905994,0.003824078077572521,1002.9788774173318,1.0,1
ds4,19,388.25,1,0,test,5.778072603254919,1010.9308857123393,0.3020255088688624,0.007777000736077772,1016.7089583155943,1.0,1
ds4,19,388.75,1,0,test,4.676950841296872,1013.9749170466445,0.943949957466124,0.00816443858669914,1018.6518678879413,1.0,1
ds4,19,389.25,1,0,test,3.956059245735433,1014.744045629879,2.1712014191774807,0.003409390090532075,1018.7001048756144,1.0,1
ds4,19,389.75,1,0,test,3.948055749793231,1078.7768948933972,0.8843471582151694,0.004378332855283147,1082.7249506431904,1.0,1
ds4,19,390.25,1,0,test,4.190776769188943,1039.0313275405226,0.79561172799009,0.010317861781490493,1043.2221043097115,1.0,1
ds4,19,390.75,1,0,test,5.250086372279448,1021.1492260995456,2.118415185845557,0.0045728477183922325,1026.399312471825,1.0,1
ds4,19,391.25,1,0,test,4.895336744909608,1003.5678179636802,0.5471930716099422,0.014868313173199225,1008.4631547085899,1.0,1
ds4,19,391.75,1,0,test,4.825778353298233,1027.3302894786825,0.4366374358568797,0.011973194148949769,1032.1560678319806,1.0,1
ds4,19,392.25,1,0,test,3.7319664866305664,1020.3562268267573,0.7658766665626087,0.015642062284167865,1024.0881933133878,1.0,1
ds4,19,392.75,1,0,test,6.229666036112122,947.7176044916631,0.19509278092574234,0.010355539946038186,953.9472705277752,1.0,1
ds4,19,393.25,1,0,test,3.6700539374932966,999.9970408762804,0.3680821492505778,0.00984606504661143,1003.6670948137737,1.0,1
ds4,19,393.75,1,0,test,8.268269101805169,1047.9364063211349,5.195691155461423,0.004530546460638585,1056.20467542294,1.0,1
ds4,19,394.25,1,0,test,18.941277051565276,1010.8944813449996,5.71190325094535,0.004513391990187675,1029.8357583965649,1.0,1
ds4,19,394.75,1,0,test,6.650175522801049,1078.6610243671844,0.31828031378906674,0.009306142417706284,1085.3111998899853,1.0,1
ds4,19,395.25,1,0,test,7.364831664412694,1149.0687018818644,0.2425020839296445,0.013303390510865596,1156.4335335462772,1.0,1
ds4,19,395.75,1,0,test,6.134432148586629,1155.018769020584,0.7273690070059837,0.007844883355691924,1161.1532011691706,1.0,1
ds4,19,396.25,1,0,test,5.914219430929887,1230.7296450391284,0.8559278069273075,0.017748509504244257,1236.6438644700584,1.0,1
ds4,19,396.75,1,0,test,5.510638813126056,1271.7557690657354,0.7419694506612706,0.008194424353797802,1277.2664078788614,1.0,1
ds4,19,397.25,1,0,test,4.9406225795226355,1213.0859875662761,3.529654968394546,0.011943276290338818,1218.0266101457987,1.0,1
ds4,19,397.75,1,0,test,7.769754673203927,1232.5089713375298,0.3493324047630808,0.012507479468798056,1240.2787260107339,1.0,1
ds4,19,398.25,1,0,test,3.673998111479225,1255.87550047438,0.08709234349442486,0.008702814413281473,1259.5494985858593,1.0,1
ds4,19,398.75,1,0,test,5.0318172454009025,1308.6002762281767,0.33867723227178725,0.014405708591097589,1313.6320934735775,1.0,1
ds4,19,399.25,1,0,test,4.500168739204082,1275.6700820142069,1.5068034947139681,0.007405372942315827,1280.170250753411,1.0,1
ds4,19,399.75,1,0,test,4.143446705770176,1300.095628054532,0.26623964167086017,0.009743913994093446,1304.2390747603022,1.0,1
ds4,19,400.25,1,0,test,4.523017235585364,1269.2212968614135,0.8803095475470618,0.005960707497897121,1273.7443140969988,1.0,1
ds4,19,400.75,1,0,test,12.923760074080123,1240.910614636938,2.2639131692387076,0.00477698274923275,1253.834374711018,1.0,1
ds4,19,401.25,1,0,test,7.043193103244807,1245.5486950004208,1.49710497268445,0.013090090117857126,1252.5918881036657,1.0,1
ds4,19,401.75,1,0,test,6.868533454836409,1275.069075142448,1.465265692961171,0.012629269804013228,1281.9376085972842,1.0,1
ds4,19,402.25,1,0,test,6.83939946265357,1193.3946576654862,1.8411888958313105,0.009988246712301953,1200.2340571281397,1.0,1
ds4,19,402.75,1,0,test,6.890031238136484,1210.2233776868973,0.7957051426037222,0.010759001362773687,1217.1134089250338,1.0,1
ds4,19,403.25,1,0,test,6.545038534966453,1293.2584035609586,1.4270128781310591,0.011570440870986447,1299.803442095925,1.0,1
ds4,19,403.75,1,0,test,5.715124703633441,1354.9242581999936,1.287723773540007,0.009151540381026094,1360.639382903627,1.0,1
ds4,19,404.25,1,0,test,6.527730065567993,1377.1495752323476,0.6569924913799936,0.008432261084958488,1383.6773052979156,1.0,1
ds4,19,404.75,1,0,test,5.820941444925995,1396.6276694622206,0.20096768554479363,0.010029150662662818,1402.4486109071465,1.0,1
ds4,19,405.25,1,0,test,6.316232168759904,1379.2535582060443,0.48175742747277434,0.012225988357794695,1385.5697903748041,1.0,1
ds4,19,405.75,1,0,test,14.609397324049507,1321.9838485966336,0.19635733546921283,0.008737786249966989,1336.593245920683,1.0,1
ds4,19,406.25,1,0,test,3.247635096509779,1399.3893494167335,5.948712946666155,0.006456299743417425,1402.6369845132433,1.0,1
ds4,19,406.75,1,0,test,25.826959688590385,1388.5664541189708,7.6574876065753825,0.002374874793146762,1414.3934138075613,1.0,1
ds4,19,407.25,1,0,test,15.021102292734275,1387.1094260915468,14.14659441683647,0.0037056321112161755,1402.130528384281,1.0,1
ds4,19,407.75,1,0,test,7.364942705993249,1307.0319176875296,1.252469585882236,0.01121663505774759,1314.3968603935227,1.0,1
ds4,19,408.25,1,0,test,7.929523971388564,1289.788233269601,0.5513495333662517,0.0038495927424285698,1297.7177572409896,1.0,1
ds4,19,408.75,1,0,test,7.713347964911761,1289.0630328631396,3.147742670914313,0.013573316318200307,1296.7763808280513,1.0,1
ds4,19,409.25,1,0,test,11.169527249301483,1236.1171280432934,6.741755175578839,0.003926838674622069,1247.2866552925948,1.0,1
ds4,19,409.75,1,0,test,9.335586137146986,1228.3487906681617,5.416398721148333,0.002643133615618179,1237.6843768053086,1.0,1
ds4,19,410.25,1,0,test,9.92109297916974,1266.9110296537597,0.37966649863039553,0.004257600287409704,1276.8321226329294,1.0,1
ds4,19,410.75,1,0,test,12.19900970432896,1336.416532086104,0.12183967628323931,0.013259001897677552,1348.615541790433,1.0,1
ds4,19,411.25,1,0,test,6.861837276551389,1314.9115854780177,0.14934689626322542,0.00610286145276082,1321.773422754569,1.0,1
ds4,19,411.75,1,0,test,7.914094592148199,1341.261693309932,0.4860835226210667,0.010624305133187422,1349.1757879020802,1.0,1
ds4,19,412.25,1,0,test,8.76846400742395,1434.002178291487,0.45592888691321204,0.005924351562062594,1442.770642298911,1.0,1
ds4,19,412.75,1,0,test,8.208208576442622,1362.1580956311916,0.2448618766547808,0.012266204533959444,1370.3663042076341,1.0,1
ds4,19,413.25,1,0,test,8.282521973414973,1343.081479777544,0.33327658886591305,0.013483061274891017,1351.364001750959,1.0,1
ds4,19,413.75,1,0,test,7.671079909292706,1369.6437051532325,1.1095963772597528,0.005540203555249036,1377.3147850625253,1.0,1
ds4,19,414.25,1,0,test,6.695318067506194,1339.6259227451792,0.3003027801551007,0.013256669146322387,1346.3212408126853,1.0,1
ds4,19,414.75,1,0,test,7.075995084110822,1371.074958416545,0.14157706537980258,0.00489676171738184,1378.150953500656,1.0,1
ds4,19,415.25,1,0,test,7.596395514983506,1301.8327469051899,0.3493542649613345,0.01300658116199967,1309.4291424201733,1.0,1
ds4,19,415.75,1,0,test,13.518524967479859,1320.599973182931,0.4923774842336182,0.009644829277171705,1334.118498150411,1.0,1
ds4,19,416.25,1,0,test,4.003611267027109,1363.549671472545,0.566126188329869,0.009021277806229275,1367.553282739572,1.0,1
ds4,19,416.75,1,0,test,3.0965162742484282,1354.201445207403,1.9650002581108021,0.01094338659388325,1357.2979614816513,1.0,1
ds4,19,417.25,1,0,test,3.751687937804311,1343.0719081159539,0.2068310875187289,0.009807996506285877,1346.8235960537581,1.0,1
ds4,19,417.75,1,0,test,3.186032618151347,1232.6945327266653,0.08857187047432225,0.012443606476512561,1235.8805653448167,1.0,1
ds4,19,418.25,1,0,test,29.459897105215198,1327.498580552642,0.3311500247161258,0.01629584673594269,1356.9584776578572,1.0,1
ds4,19,418.75,1,0,test,1.5395014431178398,1313.1282006770305,0.32185800737870923,0.015196867586824325,1314.6677021201483,1.0,1
ds4,19,419.25,1,0,test,1.027558265383576,1212.528248682906,1.018875537766141,0.010587807600855599,1213.5558069482895,1.0,1
ds4,19,419.75,1,0,test,15.735727495106554,1167.1359935337234,9.422915593366515,0.00039808913594392275,1182.87172102883,1.0,1
ds4,19,420.25,1,0,test,55.23185052353876,1236.9036372776245,61.29170311791574,0.002017686514130716,1292.1354878011632,1.0,1
ds4,19,420.75,1,0,test,38.331582472404286,1261.192583188672,2.5720220155718923,0.0013206549750486062,1299.5241656610763,1.0,1
ds4,19,421.25,1,0,test,12.76587129267288,1284.1933365929008,20.557842126427566,0.0023092787430835323,1296.9592078855737,1.0,1
ds4,19,421.75,1,0,test,9.396662844879218,1259.3893158017183,0.361887656495094,0.008612374939927038,1268.7859786465976,1.0,1
ds4,19,422.25,1,0,test,19.41644996368815,1236.1527455020125,0.5000163641194274,0.01757584648345444,1255.5691954657007,1.0,1
ds4,19,422.75,1,0,test,16.956323885902023,1264.4225238721483,1.1509905653148524,0.01610608184224964,1281.3788477580504,1.0,1
ds4,19,423.25,1,0,test,4.518056785002764,1263.1874256792876,1.2322923987000702,0.01743826537419301,1267.7054824642903,1.0,1
ds4,19,423.75,1,0,test,7.306697674385542,1296.8944811650485,1.6276700089984228,0.010766033483003005,1304.201178839434,1.0,1
ds4,19,424.25,1,0,test,2.4148451015481758,1312.043268623473,0.12259833198692809,0.009771947223389662,1314.4581137250213,1.0,1
ds4,19,424.75,1,0,test,2.9180115150507047,1261.3248137407977,0.9083912485110033,0.013301320843797057,1264.2428252558484,1.0,1
ds4,19,425.25,1,0,test,4.610437267132937,1258.7838474287591,1.0733325727715959,0.010247666485011794,1263.394284695892,1.0,1
ds4,19,425.75,1,0,test,2.35881118015871,1233.7863856175522,0.6936633706012947,0.014777367331108411,1236.145196797711,1.0,1
ds4,19,426.25,1,0,test,2.322989893744573,1210.9689784220288,0.3286006803154426,0.01823965281808357,1213.2919683157734,1.0,1
ds4,19,426.75,1,0,test,10.877239216572171,1224.7150906617362,0.3354410932006058,0.016580267804130824,1235.5923298783084,1.0,1
ds4,19,427.25,1,0,test,1.5231626666287352,1173.6807061192023,0.6733154615871365,0.010409318864100937,1175.203868785831,1.0,1
ds4,19,427.75,1,0,test,1.0850574274066191,1203.6932304308189,0.37646936964941663,0.010745990634779344,1204.7782878582254,1.0,1
ds4,19,428.25,1,0,test,1.378876789129489,1158.0821780347899,0.3851764323133743,0.012760770152640283,1159.4610548239193,1.0,1
ds4,19,428.75,1,0,test,11.965473020805517,1079.6497259832117,0.0718608098244202,0.00499322024238342,1091.6151990040173,1.0,1
ds4,19,429.25,1,0,test,6.670487222128647,1069.3718977208823,2.2405059794353313,0.003325604562520269,1076.042384943011,1.0,1
ds4,19,429.75,1,0,test,12.594022808128877,1183.070625385474,0.15290210616486788,0.0018247161220060354,1195.6646481936027,1.0,1
ds4,19,430.25,1,0,test,6.8764444236941085,1136.7532783730242,1.15295999222223,0.0026595790745823607,1143.6297227967182,1.0,1
ds4,19,430.75,1,0,test,4.786118450336157,1122.3778554296714,0.48500412518549263,0.006869463619971532,1127.1639738800075,1.0,1
ds4,19,431.25,1,0,test,6.176670613688062,1063.4459749714717,0.08413214478745719,0.011968919355571848,1069.6226455851597,1.0,1
ds4,19,431.75,1,0,test,5.815651670406569,1065.9660148348607,0.5642509571246006,0.01315778282727463,1071.7816665052674,1.0,1
ds4,19,432.25,1,0,test,4.283530048770279,1063.521452670279,0.1827363129868469,0.009126542819880585,1067.8049827190491,1.0,1
ds4,19,432.75,1,0,test,4.713685498443673,1000.19441819499,1.8040156600094448,0.008393602049637894,1004.9081036934336,1.0,1
ds4,19,433.25,1,0,test,8.692242997104662,1024.2437561188492,5.642066857078099,0.010416730280261693,1032.9359991159538,1.0,1
ds4,19,433.75,1,0,test,6.130238409883459,1093.4945595113904,2.4424809381757133,0.00620112544042416,1099.624797921274,1.0,1
ds4,19,434.25,1,0,test,8.86696472057746,1116.5284391387418,0.11102585633157323,0.016735048699206598,1125.3954038593192,1.0,1
ds4,19,434.75,1,0,test,5.418557547220314,1196.0552628223306,0.26385201689987897,0.011888486941757587,1201.473820369551,1.0,1
ds4,19,435.25,1,0,test,4.51182376403689,1184.5006670231837,0.8843618909120671,0.008178043577910053,1189.0124907872207,1.0,1
ds4,19,435.75,1,0,test,4.738593176268837,1157.3956217923812,0.5345571621173224,0.008885367318519962,1162.13421496865,1.0,1
ds4,19,436.25,1,0,test,21.377488661039312,1144.1725929800948,1.2391686890337512,0.011929761835198371,1165.550081641134,1.0,1
ds4,19,436.75,1,0,test,2.7136113561145994,1213.9509361071327,0.3032585371525134,0.012762920101697642,1216.6645474632473,1.0,1
ds4,19,437.25,1,0,test,12.444077409151276,1171.994501894084,1.8126643867112726,0.004370899140639442,1184.4385793032352,1.0,1
ds4,19,437.75,1,0,test,31.094636740264388,1222.917029215699,4.682251555557128,0.00291678270447374,1254.0116659559633,1.0,1
ds4,19,438.25,1,0,test,16.07915244599807,1204.7337336474366,1.2097160556824416,0.006008080661906406,1220.8128860934346,1.0,1
ds4,19,438.75,1,0,test,8.070185505319836,1183.786330410107,1.5940284226087302,0.007958611027612516,1191.8565159154268,1.0,1
ds4,19,439.25,1,0,test,10.742849080611151,1204.861662473446,2.0192372812327193,0.00817361341320647,1215.6045115540571,1.0,1
ds4,19,439.75,1,0,test,10.082064957984361,1165.4963671739372,3.305708777185435,0.005608816206181084,1175.5784321319215,1.0,1
ds4,19,440.25,1,0,test,9.605631559233862,1141.5426151986965,1.4373190916276686,0.005980550179166451,1151.1482467579303,1.0,1
ds4,19,440.75,1,0,test,9.141591735585248,1190.8634024013625,0.8910585047132941,0.012334110888323365,1200.0049941369477,1.0,1
ds4,19,441.25,1,0,test,8.123402276604432,1158.2544111723437,0.7657655047950087,0.01377783744930806,1166.377813448948,1.0,1
ds4,19,441.75,1,0,test,10.672627469558938,1156.6847149716673,1.4426241551210868,0.01382783226242677,1167.3573424412261,1.0,1
ds4,19,442.25,1,0,test,7.1513892183189585,1079.9911642584627,1.3531317871083424,0.015592919523276266,1087.1425534767816,1.0,1
ds4,19,442.75,1,0,test,6.131927169893368,1099.6286795723483,0.6181280191360361,0.005836000413308168,1105.7606067422416,1.0,1
ds4,19,443.25,1,0,test,7.192265097908945,1151.1222052717837,1.0191528479167289,0.010681827982401422,1158.3144703696928,1.0,1
ds4,19,443.75,1,0,test,44.75273843295378,1157.493275737794,1.5394387004815377,0.008546635527753014,1202.2460141707477,1.0,1
ds4,19,444.25,1,0,test,14.568164478789273,1151.0489466528202,0.6422149604095112,0.012447305518224773,1165.6171111316094,1.0,1
ds4,19,444.75,1,0,test,13.728040316862009,1237.2937474391413,0.2485594588304832,0.011644919275732486,1251.0217877560033,1.0,1
ds4,19,445.25,1,0,test,1.1177456595167126,1241.9187625107695,1.2705772682637628,0.01260912684296979,1243.0365081702862,1.0,1
ds4,19,445.75,1,0,test,2.4823526362387445,1324.6089745409543,0.21915878599350153,0.008604026298378361,1327.091327177193,1.0,1
ds4,19,446.25,1,0,test,1.24292591033648,1275.8234303860984,1.047505507196827,0.01300222227138032,1277.0663562964348,1.0,1
ds4,19,446.75,1,0,test,17.60610325658667,1331.461479750643,0.24867553698146339,0.01462424305358203,1349.0675830072298,1.0,1
ds4,19,447.25,1,0,test,0.12330864215175676,1293.1129540233649,0.21996078034485314,0.010994974587185522,1293.2362626655167,1.0,1
ds4,19,447.75,1,0,test,0.1246018218675387,1307.4268591675177,0.228854214868688,0.0069732574940234646,1307.5514609893853,1.0,1
ds4,19,448.25,1,0,test,1.578262474597709,1334.6435524589929,7.817923839535266,0.005406602198792028,1336.2218149335906,1.0,1
ds4,19,448.75,1,0,test,2.349287003664774,1325.0401771488189,11.253518002198634,0.009766939272914782,1327.3894641524837,1.0,1
ds4,19,449.25,1,0,test,0.8874057259238473,1334.4683040575005,1.433458473243463,0.009404219773972648,1335.3557097834243,1.0,1
ds4,19,449.75,1,0,test,0.8810819087570978,1315.7162390638714,0.09033566474537082,0.011855700708910021,1316.5973209726285,1.0,1
ds4,19,450.25,1,0,test,0.8469344722053367,1334.480263888849,0.049322451467732994,0.01281381898008716,1335.3271983610543,1.0,1
ds4,19,450.75,1,0,test,0.7462422480513282,1307.569051505539,0.2986798938316364,0.009692216367511969,1308.3152937535904,1.0,1
ds4,19,451.25,1,0,test,1.685793223555601,1320.2433142924137,0.9045125671631571,0.008492235968616514,1321.9291075159692,1.0,1
ds4,19,451.75,1,0,test,7.310971739447005,1251.936351075021,0.6328886864854236,0.01130027510031713,1259.2473228144681,1.0,1
ds4,19,452.25,1,0,test,0.5377113108236156,1311.8521932001072,1.1812445122932582,0.014173662700122358,1312.3899045109308,1.0,1
ds4,19,452.75,1,0,test,1.6527932636786438,1222.7597339057274,1.1540056155843657,0.005463954407707705,1224.412527169406,1.0,1
ds4,19,453.25,1,0,test,0.09976552471185046,1150.503801502527,0.31076647086208997,0.010735749171961486,1150.6035670272388,1.0,1
ds4,19,453.75,1,0,test,5.041876560900284,1048.0018882701636,0.8709042420487506,0.010251645607312853,1053.043764831064,1.0,1
ds4,19,454.25,1,0,test,2.3925448857393077,1136.9396058299703,0.5949509237000792,0.013954208856314128,1139.3321507157095,1.0,1
ds4,19,454.75,1,0,test,1.8593573916623296,1117.712012358517,0.28642327052542677,0.01075215850780617,1119.5713697501794,1.0,1
ds4,19,455.25,1,0,test,0.4910108546071179,1073.6354395573503,0.28893050602326814,0.007416904695003244,1074.1264504119574,1.0,1
ds4,19,455.75,1,0,test,3.8107676899057408,1088.5031841939829,0.3792772026087517,0.010359741418097052,1092.3139518838886,1.0,1
ds4,19,456.25,1,0,test,0.7970285906080886,1035.5040567201117,11.306037538534815,0.01125501885339534,1036.3010853107198,1.0,1
ds4,19,456.75,1,0,test,2.46915284167836,1008.8143037705996,0.2893555974043772,0.013235652560927031,1011.283456612278,1.0,1
ds4,19,457.25,1,0,test,2.687362194234537,1011.3043247914042,0.24851846639778022,0.013963607370320671,1013.9916869856387,1.0,1
ds4,19,457.75,1,0,test,1.0818837377236257,1129.2166564133565,0.49395669227323463,0.010147789852197381,1130.2985401510803,1.0,1
ds4,19,458.25,1,0,test,2.6739074087219485,1044.4102862034856,0.9162876959504703,0.024010784272055285,1047.0841936122076,1.0,1
ds4,20,9.75,0,0,test,7628.303812686265,7530.931854328723,100477549.46899627,80.36855235071037,15159.235667014987,1.0,1
ds4,20,10.25,0,0,test,350.75964126941193,7052.213315879266,556107.4551482484,3.42417257381447,7402.972957148678,1.0,1
ds4,20,10.75,0,0,test,13.327273343812895,7180.654125892428,5057335.291641298,0.07482309449355981,7193.981399236241,1.0,1
ds4,20,11.25,0,0,test,36.77935018258624,7365.421248367755,236141.3525486593,0.04856627750854173,7402.200598550341,1.0,1
ds4,20,11.75,0,0,test,18.478354768632514,7758.180182121827,147410.10048945926,0.06244823824092549,7776.65853689046,1.0,1
ds4,20,12.25,0,0,test,49.75123734769853,7324.4183314772445,53806.58484086667,0.050035551871280524,7374.169568824943,1.0,1
ds4,20,12.75,0,0,test,71.81853034982134,7745.725683322106,34938.43969618147,0.03461800923017023,7817.5442136719275,1.0,1
ds4,20,13.25,0,0,test,17.907877254070325,7438.880957509591,75003.72403293836,0.04541395087852825,7456.788834763662,1.0,1
ds4,20,13.75,0,0,test,50.37427575849627,7449.359251042969,80997.65701821948,0.07735701275506063,7499.733526801465,1.0,1
ds4,20,14.25,0,0,test,45.280144177816176,7216.0048762951,254074.46153393603,0.04935419395974234,7261.285020472917,1.0,1
ds4,20,14.75,0,0,test,63.89860568714732,7680.211270450069,66461.88828834356,0.04914295500080926,7744.109876137216,1.0,1
ds4,20,15.25,0,0,test,60.025217963122266,7451.721338271518,75074.86603832779,0.07871796071187054,7511.746556234641,1.0,1
ds4,20,15.75,0,0,test,2.1222756426321334,7913.320907805891,670966.9864313967,12.116435318431822,7915.443183448523,1.0,1
ds4,20,16.25,0,0,test,23.267508625295232,77.98752691815456,19916.88218162464,0.0006222743395548942,101.2550355434498,1.0,1
ds4,20,16.75,0,0,test,0.590529562016438,12.16269367335398,31289.547895052958,0.0013066962713781502,12.753223235370418,0.9741955889004994,0
ds4,20,17.25,0,0,test,0.7713921594986617,4.68752587383006,17355.51637006975,0.0006368799129339932,5.458918033328722,0.6375283000411633,0
ds4,20,17.75,0,0,test,1.9654881321303117,1.8676417159147738,17152.259776867155,0.0006717939577645833,3.8331298480450853,0.4263172874136333,0
ds4,20,18.25,0,0,test,1.779079602323676,9.984981599739534,12037.888420945184,0.004943416459054817,11.76406120206321,0.9618323182204157,0
ds4,20,18.75,0,0,test,0.20804838921832094,5.764624883402548,10702.541040334638,1.4240417633207555e-05,5.972673272620869,0.6911129826523623,0
ds4,20,19.25,0,0,test,0.3510864975317677,7.860029915592651,10542.9129211536,0.0005413610551392713,8.211116413124419,0.855022007755361,0
ds4,20,19.75,0,0,test,1.101312981009843,7.671211405535188,7714.6810778277895,0.00256822408003629,8.772524386545031,0.8815113069389771,0
ds4,20,20.25,0,0,test,5.00912601367915,3.480068019199418,7123.578192287144,0.001199183035281563,8.489194032878569,0.8687433622286064,0
ds4,20,20.75,0,0,test,0.05229078855601365,6.546614057495013,5827.972394187565,0.0008279989462048719,6.598904846051027,0.7477807587551268,0
ds4,20,21.25,0,0,test,2.811097800504072,3.3491784805702096,4749.59744723041,0.0015596438355043399,6.160276281074282,0.7090656779479458,0
ds4,20,21.75,0,0,test,0.9655012979091068,4.241513564911123,3942.6366113493254,0.0021398530313894914,5.2070148628202295,0.6088580740215616,0
ds4,20,22.25,0,0,test,0.03986537268934196,13.786783902242574,2624.0085789782343,0.0009610631633939631,13.826649274931915,0.9832511209284599,0
ds4,20,22.75,0,0,test,18.078153638295312,14.14672705562259,2157.8942843718805,0.0034872537083708247,32.2248806939179,0.9999946379148994,0
ds4,20,23.25,0,0,test,0.5784838280393244,4.345787024441137,2091.3615816477327,0.0009701937827472312,4.924270852480461,0.5748079084549429,0
ds4,20,23.75,0,0,test,0.06619313631694831,5.98293125099946,1838.2091425487176,0.006327951528873255,6.049124387316408,0.6985317868205514,0
ds4,20,24.25,0,0,test,1.4906009960540816,3.681219523539973,1561.4260070576177,0.001040869368485454,5.171820519594055,0.6047269176564095,0
ds4,20,24.75,0,0,test,0.09136214975947571,2.660335668738241,1233.5337623995792,0.005894533319151762,2.7516978184977168,0.2617991612494511,0
ds4,20,25.25,0,0,test,0.05365391404677222,5.795767891134882,1005.2173287526977,0.005056022834754719,5.849421805181654,0.6788522961303095,0
ds4,20,25.75,0,0,test,2.6408476182113634,5.066614148420954,754.554452889478,0.0007468129807678939,7.707461766632317,0.8268879786456163,0
ds4,20,26.25,0,0,test,0.1216259069673536,4.3685871853900275,673.8651386220699,0.0019716735993261392,4.490213092357381,0.5188060401723436,0
ds4,20,26.75,0,0,test,0.05676866175000035,7.844095733478346,445.2486974412708,0.0004881132754085013,7.900864395228346,0.8382155199351402,0
ds4,20,27.25,0,0,test,0.3635878468798409,12.896858688294698,505.75580836538245,0.0013116526317700251,13.26044653517454,0.9789434112818131,0
ds4,20,27.75,0,0,test,2.346188904208576,5.305919013920027,326.59343197686286,0.0019164511149261053,7.652107918128603,0.8235203836254218,0
ds4,20,28.25,0,0,test,0.15320910612225627,8.571507603136114,334.5020994565225,0.004432572321494587,8.72471670925837,0.8794389685815871,0
ds4,20,28.75,0,0,test,0.0616208090235606,4.282364320325265,221.51881466193626,0.0001986512930656929,4.343985129348826,0.49897505559580885,0
ds4,20,29.25,0,0,test,11.073985928586215,12.905233148668618,184.25875506097302,0.004998207198754264,23.979219077254832,0.9997808816041381,0
ds4,20,29.75,0,0,test,0.8928133587474584,52.87676017595428,130.2650789414781,0.0013278093563594737,53.76957353470174,0.9999999997662739,0
ds4,20,30.25,0,0,test,0.5528153007787376,3.8157281760528137,141.5775405707077,0.0003628953852243253,4.368543476831551,0.5023379088069756,0
ds4,20,30.75,0,0,test,4.572255505740438,17.667059106913513,88.98725916157206,0.0006236881970026456,22.23931461265395,0.9995285083691797,0
ds4,20,31.25,0,0,test,1.3227559123573354,17.01081066805519,80.25755423766869,0.004245438196959473,18.333566580412523,0.9974438636006144,0
ds4,20,31.75,0,0,test,0.9426461137837808,8.152428523308384,56.94706592351771,0.0018362725586664522,9.095074637092164,0.8946684860257993,0
ds4,20,32.25,0,0,test,1.0207532540857862,12.60893243920982,44.13573779186664,3.623590738661388e-05,13.629685693295606,0.9818590495964181,0
ds4,20,32.75,0,0,test,15.23278982035369,7.952963429449784,41.70632133155048,0.008119510880757071,23.185753249803472,0.9996889497127156,0
ds4,20,33.25,0,0,test,2.109562567397278,3.426908266776985,36.977188130000144,0.0030005863299646003,5.5364708341742634,0.646036706554483,0
ds4,20,33.75,0,0,test,0.02871897348999921,15.935554582961712,39.796981238633286,0.012591980473546762,15.964273556451712,0.9930531818030666,0
ds4,20,34.25,0,0,test,0.5783635134763141,5.24299985042541,26.007483446876364,0.00348806904053635,5.821363363901725,0.6760090249388842,0
ds4,20,34.75,0,0,test,5.904130038623097,1.8031745698756219,28.455554090597246,0.005074035025462709,7.707304608498719,0.8268784977556449,0
ds4,20,35.25,0,0,test,1.036334707563978,3.58824951225179,16.13594089233026,5.20832488881827e-05,4.624584219815768,0.5366105367103531,0
ds4,20,35.75,0,0,test,0.3704992335685069,2.913121127903447,26.327525770927682,0.001976257478240484,3.2836203614719537,0.34364968455573347,0
ds4,20,36.25,0,0,test,0.13037768880390202,5.0607121351406565,22.162958571740056,0.006974912612511423,5.191089823944559,0.6069925722071958,0
ds4,20,36.75,0,0,test,0.28176569365708204,4.265455980161158,11.547634963279936,0.0013065473076629233,4.54722167381824,0.5264096906213835,0
ds4,20,37.25,0,0,test,0.2473302084505599,4.0149536225943505,10.176985042243937,0.0011769925071644914,4.26228383104491,0.48769595808234534,0
ds4,20,37.75,0,0,test,0.3213111500688635,4.823046798992159,23.600390271383407,0.0005879436433160189,5.144357949061023,0.6014820405369725,0
ds4,20,38.25,0,0,test,0.29749625694809473,6.409757555188959,9.859606138264642,0.0042799385511397645,6.707253812137053,0.7566616924392626,0
ds4,20,38.75,0,0,test,0.757315958395968,1.522866257223762,16.783209137229814,0.006122941369611919,2.28018221561973,0.19082687173054388,0
ds4,20,39.25,0,0,test,0.44550179314503313,6.730293681719464,4.048036171574248,0.0015397191293158052,7.175795474864497,0.7921089536395425,0
ds4,20,39.75,0,0,test,0.31709908881557236,3.650285423868676,3.7356242008677283,0.0003321142502845256,3.9673845126842484,0.445878697417794,0
ds4,20,40.25,0,0,test,36.076087200745796,11.145102216930965,8.779560151426374,0.008896011466715308,47.22118941767676,0.9999999948789223,0
ds4,20,40.75,0,0,test,9.194689891162277,15.069236795193047,16.994229495341973,0.001326846482792891,24.263926686355326,0.9998068318012171,0
ds4,20,41.25,0,0,test,0.054355133650626414,4.257395079869629,15.954375389630872,0.005286121910881372,4.311750213520256,0.4945416167292308,0
ds4,20,41.75,0,0,test,0.5638304390699067,8.009886387926167,4.257963280664987,4.032629872634463e-05,8.573716826996074,0.8726763831767086,0
ds4,20,42.25,0,0,test,0.014988885474275342,1.9009335829410485,9.180424224479426,0.00783322903594396,1.9159224684153238,0.13934780731610985,0
ds4,20,42.75,0,0,test,0.9077969786299805,15.571329588920127,5.227155742328695,0.0033822264307954205,16.479126567550107,0.9943986955874315,0
ds4,20,43.25,0,0,test,3.045654875350172,17.116500344526813,2.235868208437551,0.0003981047560983754,20.162155219876986,0.9988348818265591,0
ds4,20,43.75,0,0,test,0.028240572392528154,6.605473301472903,2.767952364140116,0.0019115419364378228,6.633713873865431,0.7506627454642435,0
ds4,20,44.25,0,0,test,0.15180911169822286,1.6579458784773708,4.146308866340731,0.0015008359712997373,1.8097549901755938,0.12520734054744792,0
ds4,20,44.75,0,0,test,3.4460569958993177,11.69722028034078,645.1974590964608,0.0006924304204649633,15.143277276240097,0.9902326377617751,0
ds4,20,45.25,0,0,test,1.4293864688190088,1.9696426375728342,8.902931894229917,0.00423040183847551,3.399029106391843,0.3612822033111197,0
ds4,20,45.75,0,0,test,0.8913720447753037,18.72924681191276,3.236710553106192,0.007129126009716194,19.62061885668806,0.9985279864686587,0
ds4,20,46.25,0,0,test,0.5015290265027395,3.7687415326761506,12.575547054695232,0.0013445368228475756,4.27027055917889,0.4888046756405308,0
ds4,20,46.75,0,0,test,0.07494629196961643,12.080650837767873,8.440570988910268,0.00011878685510560947,12.15559712973749,0.9672831655948777,0
ds4,20,47.25,0,0,test,0.231603186873425,16.95952080013352,5.033474468025242,0.00027999280336313476,17.191123987006947,0.995848768124208,0
ds4,20,47.75,0,0,test,0.48170849554588585,6.077197190922267,2.037543831265084,0.0018982842208783938,6.558905686468153,0.7444351115875518,0
ds4,20,48.25,0,0,test,0.8588513412689838,12.357941943746452,7.725993020984781,0.0002661492846683866,13.216793285015436,0.9785702947093575,0
ds4,20,48.75,0,0,test,0.8440718828936761,4.532887257035387,8.26889163990054,0.0052464917344886095,5.376959139929063,0.6283735721765751,0
ds4,20,49.25,0,0,test,0.6164599119530177,17.9400360553737,2.6689784625029747,0.0005628723507833762,18.55649596732672,0.9976759454829592,0
ds4,20,49.75,0,0,test,0.10229260172184365,6.551237763229921,5.148760019946789,0.0012883983407283722,6.653530364951764,0.7522912127206496,0
ds4,20,50.25,0,0,test,0.1689459322863943,4.602473757130112,2.9151405471455676,0.005989521753366434,4.771419689416507,0.5555914732338586,0
ds4,20,50.75,0,0,test,0.42105557096972196,5.816197646610946,2.759084341319733,0.0011365025670977186,6.237253217580668,0.7161870791892824,0
ds4,20,51.25,0,0,test,17.325352673871965,13.111470040483596,4.776701618882355,0.001602796465184015,30.43682271435556,0.9999879020619902,0
ds4,20,51.75,0,0,test,2.0264548321935982,3.030264275985447,72.81038461495075,0.0005198965605131542,5.0567191081790455,0.5910025662866591,0
ds4,20,52.25,0,0,test,10.061567126931752,6.085592602487112,5.395669292246921,0.006871067211707483,16.147159729418863,0.9935637528430793,0
ds4,20,52.75,0,0,test,0.2510304371306287,3.1586742781037693,36.3171188994752,1.6485113756888869e-06,3.409704715234398,0.3629077028975666,0
ds4,20,53.25,0,0,test,0.7342736045088918,11.236673806993558,11.062748964703552,4.993600938491831e-05,11.97094741150245,0.964811956085572,0
ds4,20,53.75,0,0,test,0.7377303901341148,18.64076133507228,4.222797845023775,0.007119146677521453,19.378491725206395,0.9983662602693603,0
ds4,20,54.25,0,0,test,1.3018296201135355,14.962325589304992,2.776336968850339,5.935096663640393e-06,16.26415520941853,0.9938709970995658,0
ds4,20,54.75,0,0,test,1.5096844335441528,4.664385414473083,3.5768240026616884,0.0005541188752592976,6.174069848017235,0.7103521787983407,0
ds4,20,55.25,0,0,test,1.262026518924734,6.2355184365640755,2.073126180080039,0.00012008133662347041,7.497544955488809,0.813812406832319,0
ds4,20,55.75,0,0,test,1.1208881739860295,12.128737978910953,3.740645186919574,0.001347578822925145,13.249626152896983,0.9788515127595534,0
ds4,20,56.25,0,0,test,0.7826753537728162,1.3121063292865558,46.82211469617704,0.0002549726376338204,2.094781683059372,0.16411912277305524,0
ds4,20,56.75,0,0,test,1.4870150356977718,10.257840049551472,11.463041434307069,0.0023873637715534665,11.744855085249243,0.9615438586208932,0
ds4,20,57.25,0,0,test,0.1628065259435047,6.255385965702508,3.9013043704842096,0.0015561583901962297,6.418192491646012,0.7323739921249209,0
ds4,20,57.75,0,0,test,0.8204886956171032,23.731686092329237,3.6887888468694694,0.0014652109114840978,24.552174787946342,0.9998300057140406,0
ds4,20,58.25,0,0,test,23.508143093104444,3.557960370812614,4.824777899151072,0.009170109718481437,27.06610346391706,0.9999446237102285,0
ds4,20,58.75,0,0,test,0.8901825335921824,5.295794959364316,2.8408937916532477,0.014566009950063819,6.185977492956498,0.7114591208222543,0
ds4,20,59.25,0,0,test,2.4244155909588234,10.587844527853168,5.471959114080245,0.002094697263232247,13.01226011881199,0.9767358519875584,0
ds4,20,59.75,0,0,test,15.054908583763762,4.209953892184102,2.3914974341621105,0.0019147172400994996,19.264862475947865,0.998284463143046,0
ds4,20,60.25,0,0,test,1.8670382205473688,5.9317656616386945,5.605909334264267,0.004876989081139015,7.798803882186063,0.8323219172859186,0
ds4,20,60.75,0,0,test,2.746474805395414,4.161734651930642,1.0873654729437339,0.002913307530107173,6.9082094573260555,0.772443110105906,0
ds4,20,61.25,0,0,test,2.2598607377164637,0.6574361789647348,23.04289507187778,0.004655965602408775,2.9172969166811984,0.2872654316434795,0
ds4,20,61.75,0,0,test,2.5324866608568666,4.001627904807937,2.3573306259040887,0.003759982359579878,6.534114565664804,0.7423431989013315,0
ds4,20,62.25,0,0,test,1.5996211609829691,2.1985880125247608,3.1493331184385895,0.0009608290327169685,3.79820917350773,0.42118083303813386,0
ds4,20,62.75,0,0,test,3.0404262563319113,5.499717520300699,65.5943502746846,0.0015994171527649544,8.540143776632611,0.8711270510320628,0
ds4,20,63.25,0,0,test,1.746224725566293,4.021861907741683,5.247304667840777,0.00195763423566819,5.768086633307976,0.6705568752699554,0
ds4,20,63.75,0,0,test,1.249193844052217,3.49280168516432,11.651714498433613,0.0005204958840298338,4.7419955292165366,0.551828369983023,0
ds4,20,64.25,0,0,test,3.2036019639306357,13.245304858821312,4.908761914555579,0.0012577851689849727,16.448906822751947,0.9943272837559544,0
ds4,20,64.75,0,0,test,11.201668951182908,4.34278463508463,4.957293664990255,0.001067746661942631,15.544453586267538,0.9917274985439102,0
ds4,20,65.25,0,0,test,2.5399793678607416,5.207230716708266,2.5734881186790686,0.004443658744804554,7.747210084569008,0.8292713105978531,0
ds4,20,65.75,0,0,test,0.9046251902501226,6.151761378110629,3.6890965570190373,0.004031870481960765,7.056386568360751,0.7835195664613162,0
ds4,20,66.25,0,0,test,2.194982985522693,7.306349736920339,1.5352674457417268,0.0017595018212768505,9.501332722443031,0.9093374948368635,0
ds4,20,66.75,0,0,test,1.9623293693167412,3.2963430048321123,3.755552067548778,0.0020620019619340545,5.258672374148853,0.6148660878509987,0
ds4,20,67.25,0,0,test,1.4871029345592437,3.692090024358221,5.041235560463857,0.0020744590131241522,5.179192958917465,0.6055948428901666,0
ds4,20,67.75,0,0,test,2.385046713387843,3.7989576378629835,3.617310262088951,0.005256679202459829,6.1840043512508265,0.7112759307326874,0
ds4,20,68.25,0,0,test,2.0719852726796244,2.040523876976752,1.4772874473922228,0.002952628817089983,4.112509149656376,0.4666661564227056,0
ds4,20,68.75,0,0,test,2.6429044458060846,2.728321489650923,42.13551308296267,0.0037553714091573863,5.371225935457008,0.6277269142825272,0
ds4,20,69.25,0,0,test,2.2672680806737784,12.010285184339725,2.0517386273685387,0.001787372550658089,14.277553265013504,0.9860607604344446,0
ds4,20,69.75,0,0,test,3.023872468521534,2.990094689808779,1.9868950782498098,0.009682872009071182,6.013967158330313,0.695137774942985,0
ds4,20,70.25,0,0,test,3.2250498284563247,8.052621292214361,4.3838982798405,0.0007498401338137556,11.277671120670686,0.9538557933478617,0
ds4,20,70.75,0,0,test,2.990025466721305,18.684271416227595,4.451081423504704,2.493570266971879e-05,21.6742968829489,0.9993962561948446,0
ds4,20,71.25,0,0,test,9.102550664862084,4.352165333564335,1.4299217712908021,0.005203512006927136,13.454715998426419,0.9805294729849526,0
ds4,20,71.75,0,0,test,5.047755120813069,4.5510899045414215,1.3131654499197791,0.009278566431534777,9.59884502535449,0.9125667420934259,0
ds4,20,72.25,0,0,test,5.995211135333222,3.9619850105893604,0.5043152464301763,0.012450655298382988,9.957196145922582,0.923542800871924,0
ds4,20,72.75,0,0,test,5.980140944160984,10.127207680556841,6.3536867578503236,0.012067621702130028,16.107348624717826,0.9934558210175652,0
ds4,20,73.25,0,0,test,6.16227466675577,8.689147756830707,0.6669570742945885,0.004293545011386727,14.851422423586477,0.9889835853711115,0
ds4,20,73.75,0,0,test,6.970284367848261,6.126899206252883,20.94208547292032,0.0033206540670852364,13.097183574101145,0.9775151243543417,0
ds4,20,74.25,0,0,test,6.4024231203131645,15.768154122218125,1.2184567139121718,0.007607649206248727,22.170577242531287,0.9995140895635186,0
ds4,20,74.75,0,0,test,7.041900451372811,8.419110951779578,161.14502427156947,0.0016027821338265725,15.461011403152389,0.9914361378512397,0
ds4,20,75.25,0,0,test,7.464862615878363,15.798754623078551,0.9822248185601417,0.00820984865210998,23.263617238956915,0.999699442585018,0
ds4,20,75.75,0,0,test,8.333490431106656,23.084207728440408,0.7594485952060055,0.00865331935647509,31.417698159547065,0.999992253786,0
ds4,20,76.25,0,0,test,7.859876650134512,4.913371812422196,3.0039230977472164,0.003341707686469314,12.773248462556708,0.9744010866164925,0
ds4,20,76.75,0,0,test,8.03430307128528,6.617197007501308,1.4909907968767997,0.0021968069434851146,14.651500078786587,0.9880400170378699,0
ds4,20,77.25,0,0,test,8.462016828262499,4.172374058382171,2.1852964226245937,0.007474808979002984,12.63439088664467,0.9729432524344253,0
ds4,20,77.75,0,0,test,14.707272873950206,13.833677557029013,70.15730606388222,3.604149953532644e-07,28.54095043097922,0.9999714741839134,0
ds4,20,78.25,0,0,test,6.207269688067258,4.946223605833886,2.726431843863152,0.0031524754330746092,11.153493293901144,0.9515798210519002,0
ds4,20,78.75,0,0,test,7.430194745667214,4.116041869824022,3.8713124605694236,0.0021024642123680893,11.546236615491235,0.9584368638416135,0
ds4,20,79.25,0,0,test,5.398801013292179,4.7522992922839435,2.3955296496202942,0.0010514801830629784,10.151100305576122,0.9289346402179833,0
ds4,20,79.75,0,0,test,5.400198905935644,3.1306778420127057,3.762127901451573,0.002492141010328301,8.53087674794835,0.870696414192557,0
ds4,20,80.25,0,0,test,5.065186562865018,22.11840345758623,5.576801221959183,0.001748959056430926,27.18359002045125,0.9999474668039688,0
ds4,20,80.75,0,0,test,4.271219848264009,0.9647145515237981,9.439130698620184,0.00025365613862793893,5.235934399787807,0.6122297120769664,0
ds4,20,81.25,0,0,test,4.717337458832658,4.2442578667425925,3.4991003609231894,0.0034347205805829,8.96159532557525,0.8893941689476118,0
ds4,20,81.75,0,0,test,4.394806425883161,1.5591031792674928,6.379950381534529,0.005538271579262392,5.9539096051506535,0.689270415041928,0
ds4,20,82.25,0,0,test,4.998483177829495,2.7205758730229843,6.978060074641129,0.004763159842886493,7.719059050852479,0.8275863542368556,0
ds4,20,82.75,0,0,test,6.383509030081111,14.180404800466446,2.741609062354399,0.004066065705794688,20.563913830547556,0.9990209881685749,0
ds4,20,83.25,0,0,test,20.683927016417567,11.67950708528701,82.48155917639686,0.0030974399376124165,32.36343410170458,0.9999949664454332,0
ds4,20,83.75,0,0,test,10.838657349711108,8.05293388650513,7.172028680418076,2.200192294655264e-06,18.891591236216236,0.9979864240666025,0
ds4,20,84.25,0,0,test,1.903593232855824,3.775986657347145,1.9735475695752096,0.005271368054825943,5.679579890202969,0.6613442678200627,0
ds4,20,84.75,0,0,test,2.1206409221549674,8.74550755495251,10.255222244122288,0.012381690525430398,10.866148477107478,0.945900590356476,0
ds4,20,85.25,0,0,test,2.5575927298958523,13.327478310020513,6.280107052596913,0.00020437277763024768,15.885071039916365,0.9928200224094039,0
ds4,20,85.75,0,0,test,31.497649920886868,11.31924300497969,269.52508905640576,0.0006875712503382709,42.816892925866554,0.999999959753235,0
ds4,20,86.25,0,0,test,1.1666069354950448,13.351195586904229,6.792446289847625,0.00129236975504748,14.517802522399274,0.9873658177296019,0
ds4,20,86.75,0,0,test,0.5081326893386321,5.34155318769997,14.232532360822898,0.0018621364699487083,5.849685877038602,0.6788789635236768,0
ds4,20,87.25,0,0,test,0.7015408637583309,4.269653822227089,7.146569818834398,0.0016957013808820054,4.97119468598542,0.5805942522172359,0
ds4,20,87.75,0,0,test,1.9283203710034893,6.004976260323801,2.077648292091298,0.00013877179440861386,7.93329663132729,0.8400497021858221,0
ds4,20,88.25,0,0,test,0.9426879015318232,12.014690631876258,3.019369758129661,6.455034849432877e-05,12.95737853340808,0.9762185320605451,0
ds4,20,88.75,0,0,test,2.759681210637355,21.4137800575639,34.74425469542768,0.00013325387593925367,24.173461268201258,0.9997989340590947,0
ds4,20,89.25,0,0,test,19.283182541088475,7.868827977905357,4.104668146438244,0.001192019938938099,27.152010518993833,0.999946717140313,0
ds4,20,89.75,0,0,test,0.20699111447321572,14.97362083140782,163.56395969420743,0.0007448450209567063,15.180611945881035,0.9903821452466266,0
ds4,20,90.25,0,0,test,1.3067200323783685,6.497446649625332,20.304669353031095,0.003851609311621258,7.804166682003701,0.8326362397131135,0
ds4,20,90.75,0,0,test,6.668382181577742,3.45786865172439,11.186420038367697,0.006355708830223684,10.126250833302132,0.9282639937904745,0
ds4,20,91.25,0,0,test,0.05343815258110865,12.262886672264655,6.816330043306063,0.006967217874543401,12.316324824845763,0.9692987147103576,0
ds4,20,91.75,0,0,test,0.2841575167556338,15.835246116719693,15.565589861823664,8.643479507100938e-06,16.119403633475326,0.99348868811936,0
ds4,20,92.25,0,0,test,0.6103621559485637,9.987081762251046,29.13501367378142,0.0012907179466368432,10.597443918199609,0.9400277926818986,0
ds4,20,92.75,0,0,test,0.08355902930373882,10.250204861233733,13.971441371805263,0.0034240890921201153,10.333763890537472,0.9336879529710829,0
ds4,20,93.25,0,0,test,1.2342520973346913,26.32454771708812,6.408646224458755,0.0027303997269183256,27.558799814422812,0.9999556124185524,0
ds4,20,93.75,0,0,test,1.3387351174290598,7.1615491847093615,5.388456871624279,0.009056344293449937,8.500284302138422,0.8692655743974823,0
ds4,20,94.25,0,0,test,0.7270064892646246,9.745056423634054,5.967395041753761,0.0017915196527730501,10.472062912898679,0.9370874563059315,0
ds4,20,94.75,0,0,test,0.22936566509707595,19.100408936950338,98.76392175987806,7.483242441553316e-05,19.329774602047415,0.9983316709584904,0
ds4,20,95.25,0,0,test,7.106096772767939,26.545870244623924,9.300544567816981,0.001224566374288793,33.65196701739186,0.9999972073551742,0
ds4,20,95.75,0,0,test,15.91480846623695,22.545343738317897,8.696082996812438,0.0024959418878227114,38.460152204554845,0.999999695044945,0
ds4,20,96.25,0,0,test,1.5760339681408946,24.499983944925088,22.888634413572895,0.00026331426245020204,26.076017913065982,0.9999137429092225,0
ds4,20,96.75,0,0,test,1.7823990303131174,49.15381318075035,3.7872907776281934,0.000988465568216827,50.93621221106346,0.9999999991087084,0
ds4,20,97.25,0,0,test,0.22172172195881715,14.984811760468661,540.3576434763211,0.0009712795484146697,15.206533482427478,0.9904846393544497,0
ds4,20,97.75,0,0,test,17.968117703912892,30.172963422020615,760.1809002919297,0.001606160028691962,48.14108112593351,0.9999999966759908,0
ds4,20,98.25,0,0,test,2.212013034015127,17.3165626943677,30.584052210747952,0.0016742749878262374,19.528575728382826,0.998468450898192,0
ds4,20,98.75,0,0,test,1.578286856262106,16.75457677389278,34.50757373237384,0.001274881251386091,18.332863630154886,0.9974430970086188,0
ds4,20,99.25,0,0,test,2.618945617165395,17.469851029674196,69.27524781224486,0.0045317024256804565,20.08879664683959,0.9987973253690581,0
ds4,20,99.75,0,0,test,2.079442565683301,12.095404567983534,46.4255850351318,7.628805488115271e-05,14.174847133666836,0.9854639083231509,0
ds4,20,100.25,0,0,test,1.6550442787513824,3.459528426970938,38.9783910148541,9.356658820214096e-05,5.1145727057223205,0.5979416705979569,0
ds4,20,100.75,0,0,test,4.578961809380879,11.888362058713415,12.520410061116143,0.00021474956779396297,16.467323868094294,0.9943709097739851,0
ds4,20,101.25,0,0,test,2.0574634644451826,7.993472551272977,18.679153675906772,0.002705053182198143,10.05093601571816,0.9261952052664741,0
ds4,20,101.75,0,0,test,2.070437543996929,11.896149206839077,13.345646172821098,0.001022775584923859,13.966586750836006,0.9841769396984967,0
ds4,20,102.25,0,0,test,1.3323461413035658,6.435946296358357,16.623015417784323,0.0005622694112452593,7.7682924376619225,0.8305236958453577,0
ds4,20,102.75,0,0,test,3.222692295020947,5.32400195256503,6.9093879147335775,0.00025052215158786426,8.546694247585977,0.8714306701369633,0
ds4,20,103.25,0,0,test,1.2707641104910798,4.325779679280819,6.19373309538583,8.861561318878327e-05,5.596543789771899,0.652524404045802,0
ds4,20,103.75,0,0,test,2.453694258317582,2.8684607241167126,10.967343634373254,0.0016745288354839943,5.322154982434295,0.6221586274671317,0
ds4,20,104.25,0,0,test,1.3568379032752518,3.1833219593054216,336.4874302483111,0.00015442297698127236,4.540159862580674,0.525471765620565,0
ds4,20,104.75,0,0,test,1.616711228708537,13.918709036704414,20.45075186720284,0.00041369818519262924,15.53542026541295,0.9916964274940332,0
ds4,20,105.25,0,0,test,1.5795772874125902,8.83745619353634,9.564420325674991,0.0003979525852545756,10.41703348094893,0.9357547952374159,0
ds4,20,105.75,0,0,test,2.4149287654817435,6.671549531893476,46.78490244897596,0.0039021051820593393,9.08647829737522,0.8943358517890344,0
ds4,20,106.25,0,0,test,4.238030591066816,14.402821450157449,11.154948507047342,0.00046628082638195675,18.640852041224264,0.9977582643686931,0
ds4,20,106.75,0,0,test,1.554881195634201,15.979298491485523,12.963638256455654,0.006614982451074966,17.534179687119725,0.9964094018800332,0
ds4,20,107.25,0,0,test,11.421318552861006,12.7216470234269,14.254512791505888,0.00397262972586254,24.142965576287907,0.9997962004380073,0
ds4,20,107.75,0,0,test,19.690549285836628,5.09395779901301,23.625795563014197,0.006276560219223915,24.784507084849636,0.9998466640693812,0
ds4,20,108.25,0,0,test,4.786329063871665,8.95757102889255,7.09991135814599,5.685092040583752e-05,13.743900092764214,0.9826793010122992,0
ds4,20,108.75,0,0,test,5.324949056935147,27.469141003870114,21.37775733919156,0.0012040584639870157,32.79409006080526,0.9999958651552485,0
ds4,20,109.25,0,0,test,2.9531948764993863,22.003453365525246,7.3126020639452864,0.0008405060676828765,24.95664824202463,0.9998579549385945,0
ds4,20,109.75,0,0,test,2.2007949698326144,11.680542852278283,289.80619385182234,0.00017208181740812245,13.881337822110897,0.9836189949124937,0
ds4,20,225.25,1,0,test,75.50134789384163,326.006893107876,292.06962400871953,0.022947273274418787,401.50824100171764,1.0,1
ds4,20,225.75,1,0,test,74.87854745467236,277.67997328664154,374.8273268000346,0.008536210591030241,352.5585207413139,1.0,1
ds4,20,226.25,1,0,test,71.46494021120446,337.31711466977697,513.5747320929385,0.0217804108587983,408.78205488098143,1.0,1
ds4,20,226.75,1,0,test,70.743223171216,248.66679648571142,677.7728082904673,0.05441971395616997,319.41001965692743,1.0,1
ds4,20,227.25,1,0,test,69.13531672643633,190.73060026380423,183.8728375531419,0.030245513750584978,259.8659169902406,1.0,1
ds4,20,227.75,1,0,test,65.54744328876966,87.72815699312243,382.7249651853577,0.017087668383343867,153.27560028189208,1.0,1
ds4,20,228.25,1,0,test,63.81111834758926,172.9328652327651,504.6854212641836,0.007815007238164735,236.74398358035435,1.0,1
ds4,20,228.75,1,0,test,63.239974750515074,47.60042346341797,286.9885791016386,0.000869091376475583,110.84039821393304,1.0,1
ds4,20,229.25,1,0,test,78.84470610275785,89.61817937244176,248.25306935353805,0.0019172985351653593,168.4628854751996,1.0,1
ds4,20,229.75,1,0,test,65.87063511678059,287.7787707704977,213.89248398952836,0.003520881610933901,353.6494058872783,1.0,1
ds4,20,230.25,1,0,test,45.275474995472806,337.24136616249064,161.85016007948542,0.00047588168413939877,382.5168411579634,1.0,1
ds4,20,230.75,1,0,test,42.27608560555021,676.9362576167899,166.0803787414635,1.44616297550015e-05,719.2123432223401,1.0,1
ds4,20,231.25,1,0,test,42.238042173563635,858.8237852778144,90.09396002496308,0.003143541462423377,901.061827451378,1.0,1
ds4,20,231.75,1,0,test,36.106258372934896,1029.8542172862194,151.1179678535951,0.002229616564258243,1065.9604756591543,1.0,1
ds4,20,232.25,1,0,test,34.727248760429056,1258.8716872208968,93.96874273964488,0.0002539389424922378,1293.598935981326,1.0,1
ds4,20,232.75,1,0,test,31.78416383648242,1149.753423923635,125.63341176710412,9.672613486832272e-05,1181.5375877601173,1.0,1
ds4,20,233.25,1,0,test,28.906987835332274,1454.886253025178,64.76819417343528,0.0016898675860877693,1483.7932408605102,1.0,1
ds4,20,233.75,1,0,test,29.214028941312616,1201.4911523277194,81.1442212920971,0.00045047619024327475,1230.705181269032,1.0,1
ds4,20,234.25,1,0,test,36.925937491554805,1504.6297740864024,67.9566281932937,0.002524116530376764,1541.5557115779573,1.0,1
ds4,20,234.75,1,0,test,34.56861351014249,1541.9807198402173,47.342883064064964,1.1114951723031354e-05,1576.5493333503598,1.0,1
ds4,20,235.25,1,0,test,28.929466058135613,1394.1506939272424,35.833740512201366,0.002878584406551884,1423.080159985378,1.0,1
ds4,20,235.75,1,0,test,35.39392194806215,1327.6227358771453,70.73598309285848,0.004398471194551571,1363.0166578252074,1.0,1
ds4,20,236.25,1,0,test,14.856932363282032,1441.612687172375,29.436229843061913,0.0004369849825896733,1456.469619535657,1.0,1
ds4,20,236.75,1,0,test,11.686095852124966,1487.4797515205662,32.460194669117236,1.8152067393968016e-05,1499.1658473726911,1.0,1
ds4,20,237.25,1,0,test,42.36027317039559,1247.7818816984523,35.56690948451076,0.0032458444271334904,1290.142154868848,1.0,1
ds4,20,237.75,1,0,test,7.5392040084205885,1294.3632657899727,22.120965544174062,0.0051730886034750834,1301.9024697983932,1.0,1
ds4,20,238.25,1,0,test,10.159563059718835,1256.715760231391,23.024828584251505,0.004537854753712447,1266.87532329111,1.0,1
ds4,20,238.75,1,0,test,4.612876680600366,1440.7399195633654,14.44437700952583,0.0003574388654231651,1445.3527962439657,1.0,1
ds4,20,239.25,1,0,test,4.672991792236327,1559.971977783766,34.24945063043162,0.0005579470841453472,1564.6449695760025,1.0,1
ds4,20,239.75,1,0,test,6.1457710059551625,1531.4949979855976,20.87276219246412,0.006415838348184255,1537.6407689915527,1.0,1
ds4,20,240.25,1,0,test,2.826689702860525,1431.0496140234304,10.446617560368562,0.00500903174394077,1433.8763037262909,1.0,1
ds4,20,240.75,1,0,test,2.7337028228305402,1343.570195069078,20.544542716402486,0.001090614798931696,1346.3038978919085,1.0,1
ds4,20,241.25,1,0,test,2.3077049973460766,1381.0181994900179,14.15989080331162,0.00011984035957822262,1383.325904487364,1.0,1
ds4,20,241.75,1,0,test,4.645487165351483,1273.7883683994544,13.801465737388611,0.005875472396199172,1278.433855564806,1.0,1
ds4,20,242.25,1,0,test,1.20899027936269,1233.7760406885996,10.257981576933272,7.80512561785715e-05,1234.9850309679623,1.0,1
ds4,20,242.75,1,0,test,2.2867673965599487,1357.931099301747,3.5328147318776053,0.0029459836737407647,1360.217866698307,1.0,1
ds4,20,243.25,1,0,test,0.5839422365932243,1419.891857982374,7.563774700525271,0.000237615279034415,1420.4758002189672,1.0,1
ds4,20,243.75,1,0,test,0.4251590972900314,1404.7070579643269,21.865822035903452,0.0040731736300565246,1405.132217061617,1.0,1
ds4,20,244.25,1,0,test,0.49401803775586145,1536.2547282224102,7.578882761153533,0.0017220210276526159,1536.7487462601662,1.0,1
ds4,20,244.75,1,0,test,23.932210618630165,1604.259376904698,2.9194563139114043,0.0035655005676690143,1628.191587523328,1.0,1
ds4,20,245.25,1,0,test,0.09124847644626158,1547.4570341484182,2.8277575374460033,0.00032478176391608534,1547.5482826248644,1.0,1
ds4,20,245.75,1,0,test,1.144916053369904,1550.552223626761,2.2272490238962472,0.004643155696337726,1551.6971396801307,1.0,1
ds4,20,246.25,1,0,test,5.162733889133352,1441.213858643109,6.081016897251783,0.005598179258329087,1446.3765925322423,1.0,1
ds4,20,246.75,1,0,test,0.22530927372184453,1321.2161706805243,2.850457046278791,0.004256001163048443,1321.4414799542462,1.0,1
ds4,20,247.25,1,0,test,8.416208118973044,1348.7479694127758,1.3066600404168651,0.003361572018453718,1357.164177531749,1.0,1
ds4,20,247.75,1,0,test,0.8635331557885642,1454.998432636896,1.7256553487080541,0.0001499105976957272,1455.8619657926847,1.0,1
ds4,20,248.25,1,0,test,1.7426213403971202,1407.9148748604775,7.768488901479394,0.003205422643597276,1409.6574962008747,1.0,1
ds4,20,248.75,1,0,test,1.9292528319966595,1434.5699375070483,34.77704788140667,0.003116033604247288,1436.4991903390448,1.0,1
ds4,20,249.25,1,0,test,1.2682532818183978,1193.4525402498991,129.14567805758867,0.0029046978481472433,1194.7207935317176,1.0,1
ds4,20,249.75,1,0,test,1.3843685871949194,1229.2490014382245,4.445729377572002,0.006863268680494867,1230.6333700254195,1.0,1
ds4,20,250.25,1,0,test,2.2912419731743925,1182.8554763100835,8.922820763983653,0.0076716451452269645,1185.146718283258,1.0,1
ds4,20,250.75,1,0,test,2.88343186817817,1318.4742740470406,3.8885442642142634,0.0016803597058182359,1321.3577059152187,1.0,1
ds4,20,251.25,1,0,test,2.14927196729366,1408.353564780962,4.129617583658505,0.0007755642391003427,1410.5028367482557,1.0,1
ds4,20,251.75,1,0,test,2.5852608727207977,1507.926472534116,30.111208774515518,0.000546958463267807,1510.5117334068368,1.0,1
ds4,20,252.25,1,0,test,1.8042614717842587,1474.7645021229612,3.0978050388560363,2.6133886897584547e-06,1476.5687635947454,1.0,1
ds4,20,252.75,1,0,test,1.581212220037859,1434.7298555890045,5.396117823072247,0.0013169453876002613,1436.3110678090425,1.0,1
ds4,20,253.25,1,0,test,2.3609497162687054,1429.6098076482187,5.179395720521191,0.0018096568095183295,1431.9707573644876,1.0,1
ds4,20,253.75,1,0,test,1.5929741100407369,1476.788719939808,4.250773318795422,0.0008036186303868777,1478.3816940498489,1.0,1
ds4,20,254.25,1,0,test,2.6431412980064564,1320.31509248578,3.1044675525765446,0.0011837276788314163,1322.9582337837865,1.0,1
ds4,20,254.75,1,0,test,1.3386563656129198,1326.4565515662273,9.44727089705137,0.00039969728142081235,1327.7952079318402,1.0,1
ds4,20,255.25,1,0,test,1.5261084916915348,1388.1049376616386,5.6697603255313815,0.005938721717602577,1389.63104615333,1.0,1
ds4,20,255.75,1,0,test,1.3792028195693875,1295.756006877525,122.18655154512243,1.4979508347549593e-05,1297.1352096970943,1.0,1
ds4,20,256.25,1,0,test,2.6954354826213254,1398.574890136524,2.0129659226046197,8.589913164580467e-07,1401.2703256191453,1.0,1
ds4,20,256.75,1,0,test,15.496715255943668,1475.8417441377771,1.85615268543241,0.00043895067189196325,1491.3384593937208,1.0,1
ds4,20,257.25,1,0,test,2.592281177990317,1483.0850554029896,1.6477791212787594,0.0008211352718287671,1485.67733658098,1.0,1
ds4,20,257.75,1,0,test,1.1375886807627589,1528.5383810237415,3.9856537228417546,0.0003658780353683819,1529.6759697045043,1.0,1
ds4,20,258.25,1,0,test,0.1718118388578582,1528.095135607672,1.8391433976338798,0.0015557521920017989,1528.26694744653,1.0,1
ds4,20,258.75,1,0,test,0.35779984624469136,1563.463747378968,3.841941477822375,0.0003743188118531479,1563.8215472252127,1.0,1
ds4,20,259.25,1,0,test,0.045056149389430825,1421.1843228400128,2.935655856812239,4.1119165906537585e-06,1421.2293789894022,1.0,1
ds4,20,259.75,1,0,test,0.5366523443375583,1302.2422506248604,69.72727561229763,0.0029440468753932133,1302.778902969198,1.0,1
ds4,20,260.25,1,0,test,0.07350870019653856,1112.2009202087718,5.678726896967158,8.938236912536144e-05,1112.2744289089683,1.0,1
ds4,20,260.75,1,0,test,0.27028011904705657,1020.5865033445466,10.78265504479084,0.0024188163224717397,1020.8567834635936,1.0,1
ds4,20,261.25,1,0,test,0.08489625175835544,1058.9821491235361,42.66185406453798,0.00022520884704077998,1059.0670453752946,1.0,1
ds4,20,261.75,1,0,test,1.7043473581517505,1040.1997173530838,5.562239969717691,0.004139674039704684,1041.9040647112356,1.0,1
ds4,20,262.25,1,0,test,1.4096163604099703,956.4293929155259,15.595085784480077,6.977672512175754e-05,957.8390092759358,1.0,1
ds4,20,262.75,1,0,test,1.2946270663475885,864.4480150771352,2.8823111660560805,0.0033877463859937037,865.7426421434828,1.0,1
ds4,20,263.25,1,0,test,0.13732927511734688,826.0027537967338,5.366369926102196,0.00043875173063927914,826.1400830718512,1.0,1
ds4,20,263.75,1,0,test,0.21641589666871514,858.5476479367111,1.5391596324726449,0.00098950203475622,858.7640638333799,1.0,1
ds4,20,264.25,1,0,test,0.580555359726235,752.7390711298532,1.498357188871415,0.007413045038987892,753.3196264895794,1.0,1
ds4,20,264.75,1,0,test,0.3118271326528449,654.6603049615347,4.791627465696249,0.007689216833537735,654.9721320941876,1.0,1
ds4,20,265.25,1,0,test,0.3056278541581237,746.957541650866,17.66600023314665,0.0024339015337976957,747.2631695050242,1.0,1
ds4,20,265.75,1,0,test,0.5494368970869694,535.0032051154268,7.061522490518311,0.0028220750876623915,535.5526420125137,1.0,1
ds4,20,266.25,1,0,test,0.6618352921021303,603.6186267089541,76.72900051743315,0.00017698357583319373,604.2804620010563,1.0,1
ds4,20,266.75,1,0,test,0.9850391182910581,449.82641469965284,6.4630354222984545,0.0033191848104242414,450.8114538179439,1.0,1
ds4,20,267.25,1,0,test,1.232627637370846,446.5157016315872,9.201715383884338,0.0015969863023297436,447.74832926895806,1.0,1
ds4,20,267.75,1,0,test,0.500260292377949,434.4989563473928,7.411186449046455,0.0011886606026261278,434.99921663977074,1.0,1
ds4,20,268.25,1,0,test,0.4913824923629229,430.4647596573488,2.308669916775349,0.003932431920920941,430.9561421497117,1.0,1
ds4,20,268.75,1,0,test,0.34979664210375366,381.35891977459085,18.89622656387042,0.0007930237543426875,381.7087164166946,1.0,1
ds4,20,269.25,1,0,test,1.7783478800564543,405.1515182083137,9.975697764597538,0.0037382747889832756,406.92986608837015,1.0,1
ds4,20,269.75,1,0,test,0.1639061396761578,398.44853042345085,18.460722729590742,0.00034116917413618865,398.612436563127,1.0,1
ds4,20,270.25,1,0,test,6.789532375870073,412.19539135631635,10.620014436262919,3.051997708827517e-05,418.9849237321864,1.0,1
ds4,20,270.75,1,0,test,0.21948816506703758,298.17050962333496,30.46154085317556,0.00039649336993974815,298.389997788402,1.0,1
ds4,20,271.25,1,0,test,0.32722655934883044,317.08218497623335,6.5154880511561055,0.00037259550441240494,317.4094115355822,1.0,1
ds4,20,271.75,1,0,test,1.8300881824750108,306.80301966581743,30.334849902897307,0.0012406932492078243,308.63310784829247,1.0,1
ds4,20,272.25,1,0,test,1.7654870422412574,245.56167960970342,6.143907728665029,0.0073912549261858276,247.32716665194468,1.0,1
ds4,20,272.75,1,0,test,0.07576606136103897,229.1239749795404,113.87989573504123,1.3770458712631358e-05,229.19974104090144,1.0,1
ds4,20,273.25,1,0,test,0.1318643285533761,196.66393628429162,55.889483340693545,0.0005077817216297045,196.795800612845,1.0,1
ds4,20,273.75,1,0,test,1.2672935176202518,131.30881086980546,429.93191201162256,0.000945203010827959,132.57610438742572,1.0,1
ds4,20,274.25,1,0,test,0.3023803173402811,99.42371484216666,7.351212810872219,0.0007690320005418512,99.72609515950694,1.0,1
ds4,20,274.75,1,0,test,2.2063619763087954,126.29874336836978,29.843862433373808,0.011420002005616985,128.50510534467858,1.0,1
ds4,20,275.25,1,0,test,9.718870402522217,87.80699386204722,34.165171047489764,0.0109643978059033,97.52586426456944,1.0,1
ds4,20,275.75,1,0,test,1.1116296492128426,70.1787812832905,2.906360152051137,3.463691319032777e-05,71.29041093250335,0.9999999999999448,1
ds4,20,276.25,1,0,test,1.3489390407983206,42.6866307815882,7.167364079448177,0.00012275043001296559,44.03556982238652,0.9999999772196848,0
ds4,20,276.75,1,0,test,2.745097250980516,21.149457730463553,15.790020611826819,0.0002936603416845458,23.894554981444067,0.9997725200870023,0
ds4,20,277.25,1,0,test,5.209385092031877,12.74492422470633,1617.0094329949206,0.005150124974893321,17.954309316738208,0.9969957838451059,0
ds4,20,277.75,1,0,test,2.225652616060726,8.75061441330946,6.787539513316554,0.0005079633820492565,10.976267029370186,0.948147425841184,0
ds4,20,278.25,1,0,test,2.3006195045407893,13.547185251375574,6.917378897023608,0.0009106556607204125,15.847804755916362,0.9927076978242783,0
ds4,20,278.75,1,0,test,3.4184819971466425,7.162875648793494,8.663588300574537,0.0023837493789984304,10.581357645940138,0.9396578855712026,0
ds4,20,279.25,1,0,test,2.7645572526862656,31.11609854976329,10.882260334038051,0.0006463524439798944,33.88065580244955,0.9999974851300152,0
ds4,20,279.75,1,0,test,2.6473823406370984,6.266951450855934,156.35018485415418,1.802179487972385e-05,8.914333791493032,0.8874697309415381,0
ds4,20,280.25,1,0,test,2.4406622798957898,8.384684192230761,30.04170949823477,0.001760911861799001,10.82534647212655,0.945045053024487,0
ds4,20,280.75,1,0,test,2.925339780668713,12.868631307065943,13.442895426448665,0.0017836319779604278,15.793971087734656,0.9925424121555705,0
ds4,20,281.25,1,0,test,9.166434861361335,24.622523523193035,16.468416064284025,0.0017069585701615512,33.78895838455437,0.9999973772135134,0
ds4,20,281.75,1,0,test,1.7307126231055696,26.208167761304527,21.957405282495213,4.486518988145774e-05,27.938880384410098,0.9999625861031084,0
ds4,20,282.25,1,0,test,2.5910203127000515,36.30644635694593,23.810397339743282,0.0027205247840406135,38.897466669645986,0.9999997509599011,0
ds4,20,282.75,1,0,test,1.7075511681185063,45.06091241852313,26.802278904823897,0.0008511104892489963,46.76846358664164,0.9999999936663378,0
ds4,20,283.25,1,0,test,2.0086167600062157,60.728874840017326,30.529736600817028,0.0013328052646201128,62.73749160002354,0.9999999999967006,1
ds4,20,283.75,1,0,test,0.6903973032073273,51.578410517633436,21.69852773937446,0.0003501644456730943,52.26880782084076,0.9999999995248449,0
ds4,20,284.25,1,0,test,0.7546159279286404,82.60190594471422,9.51315866567862,0.00021525489885700118,83.35652187264286,0.9999999999999999,1
ds4,20,284.75,1,0,test,0.6094351864251547,112.56447951047633,5.180800159710824,9.762692106121916e-06,113.17391469690149,1.0,1
ds4,20,285.25,1,0,test,2.2100049771878107,72.04914814851092,7.432568247987328,0.005880559594049551,74.25915312569873,0.9999999999999867,1
ds4,20,285.75,1,0,test,1.4922321275951118,70.8908755161364,1576.5151348333986,0.00426919355940281,72.38310764373152,0.9999999999999674,1
ds4,20,286.25,1,0,test,1.0885802088972945,98.70689642297249,11.777439090119312,0.0005351766314112856,99.79547663186979,1.0,1
ds4,20,286.75,1,0,test,2.9169034763499195,101.0633434137695,13.463567614502512,0.0014532580320694643,103.98024689011942,1.0,1
ds4,20,287.25,1,0,test,1.5789098668874009,66.55800976991193,42.170487238527784,0.00121405880444261,68.13691963679933,0.9999999999997499,1
ds4,20,287.75,1,0,test,1.323453988903764,47.09050811739674,37.42630194584371,0.0018989866285573835,48.4139621063005,0.9999999970762529,0
ds4,20,288.25,1,0,test,1.1807893076882636,45.96720571964872,19.218306946825102,0.0027501666300566935,47.14799502733698,0.9999999946998683,0
ds4,20,288.75,1,0,test,10.146796307688316,43.256244536566605,11.514997031020526,0.0064533799643334755,53.40304084425492,0.9999999997220248,0
ds4,20,289.25,1,0,test,2.5900542351877167,50.62133004710866,15.914399868268235,0.0024930025454052685,53.21138428229637,0.9999999996956539,0
ds4,20,289.75,1,0,test,1.6018730371645649,53.876128236098715,31.99394192998445,0.0011532481040692536,55.47800127326328,0.999999999895919,0
ds4,20,290.25,1,0,test,3.4786544195768383,81.58483213219824,15.006549586662128,0.000630170842568016,85.06348655177509,0.9999999999999999,1
ds4,20,290.75,1,0,test,0.8499316202599988,96.4615287221263,16.150903083363072,0.00031787370591605183,97.3114603423863,1.0,1
ds4,20,291.25,1,0,test,1.7312237309338752,27.582157024481084,18.883891302836624,2.992867135184061e-05,29.31338075541496,0.9999798745747817,0
ds4,20,291.75,1,0,test,0.9446562562911172,65.95291496713466,18.370925402466476,0.0024868690525843675,66.89757122342577,0.9999999999995475,1
ds4,20,292.25,1,0,test,2.6694941568987502,67.12644035603857,17.064747205501337,0.001423157147061567,69.79593451293732,0.999999999999887,1
ds4,20,292.75,1,0,test,1.6692148818532038,53.25471560345018,27.3405312359589,0.0015267898973380899,54.92393048530338,0.9999999998646744,0
ds4,20,293.25,1,0,test,1.2404037751047101,56.36839505859923,12.192649131421106,4.332707029773349e-05,57.60879883370394,0.9999999999621232,0
ds4,20,293.75,1,0,test,1.9892547225622574,69.23491449687332,319.42203276278866,0.00465234810444015,71.22416921943557,0.999999999999943,1
ds4,20,294.25,1,0,test,4.660504998042063,80.82350132127917,14.864272208109103,0.002151104912054595,85.48400631932122,0.9999999999999999,1
ds4,20,294.75,1,0,test,1.8779468542255937,64.87574318884299,39.38249888876308,0.008297462775503348,66.75369004306859,0.9999999999995153,1
ds4,20,295.25,1,0,test,0.9739118888591818,107.25870964600607,27.34860429911625,3.7376884043548997e-06,108.23262153486525,1.0,1
ds4,20,295.75,1,0,test,1.05640446811167,128.04075898866066,13.630731311248494,0.0013491210416589547,129.09716345677234,1.0,1
ds4,20,296.25,1,0,test,0.8582450125016309,137.5979385657871,14.899637010612667,0.005501935531016109,138.45618357828874,1.0,1
ds4,20,296.75,1,0,test,2.7669677453430928,163.53706793897234,11.671178741642949,0.0009361772706722695,166.30403568431544,1.0,1
ds4,20,297.25,1,0,test,1.8796974428018751,127.142453027578,18.83529742709772,0.0004061353540495188,129.02215047037987,1.0,1
ds4,20,297.75,1,0,test,6.40207535547539,127.98024255306925,11.757971617042585,0.0015914141445789354,134.38231790854465,1.0,1
ds4,20,298.25,1,0,test,1.111733389927951,146.4658084615111,10.645308277628478,0.0002681284834932158,147.57754185143907,1.0,1
ds4,20,298.75,1,0,test,1.9543917655043297,157.5621674878365,18.75805294290083,0.0026701463283345006,159.51655925334083,1.0,1
ds4,20,299.25,1,0,test,1.0213288425853413,171.03893613552282,10.863118403414571,0.0018691427802998849,172.06026497810817,1.0,1
ds4,20,299.75,1,0,test,1.284186771052236,156.4375768558429,10.814882092049478,0.0004821294023783899,157.72176362689515,1.0,1
ds4,20,300.25,1,0,test,1.1207974883713063,169.02839999389482,279.8940770390565,0.00017971155877164778,170.14919748226612,1.0,1
ds4,20,300.75,1,0,test,2.91604253404889,133.84041689844767,24.165009430724265,6.045423325403374e-06,136.75645943249657,1.0,1
ds4,20,301.25,1,0,test,1.0051698051855167,169.79129419912007,13.074061700514191,0.0024556003183180608,170.7964640043056,1.0,1
ds4,20,301.75,1,0,test,1.061941582190516,105.45737514301258,18.848202742965043,0.0004258403793529574,106.5193167252031,1.0,1
ds4,20,302.25,1,0,test,1.9691228645903613,107.58001889871132,6.914329082615538,0.000111093300444513,109.54914176330168,1.0,1
ds4,20,302.75,1,0,test,1.4387102368871936,131.5288259283953,6.771623912970079,0.00011451302692395812,132.9675361652825,1.0,1
ds4,20,303.25,1,0,test,1.7426930525599977,143.81967447274832,17.6018697592925,0.002402043492437215,145.5623675253083,1.0,1
ds4,20,303.75,1,0,test,1.164428337639294,153.49267480200675,10.975686319295347,0.0009398708584635225,154.65710313964604,1.0,1
ds4,20,304.25,1,0,test,1.2199538813932738,135.1774460628976,9.996173243681909,0.00011036255460442362,136.39739994429087,1.0,1
ds4,20,304.75,1,0,test,1.6529409610701828,145.11299071014977,15.415214778866574,0.0003655864132879151,146.76593167121996,1.0,1
ds4,20,305.25,1,0,test,0.9490625229745915,120.813440381211,9.959235040445554,0.007968392781354814,121.76250290418558,1.0,1
ds4,20,305.75,1,0,test,0.7508443682501064,173.12023709117867,7.558750702112262,0.000572206000581726,173.87108145942878,1.0,1
ds4,20,306.25,1,0,test,0.5943264934002281,178.01792204700757,9.49422324077104,0.0020614059888053133,178.6122485404078,1.0,1
ds4,20,306.75,1,0,test,0.7030734269477389,132.12512118054912,3.930954709724227,0.006250093895189074,132.82819460749684,1.0,1
ds4,20,307.25,1,0,test,0.3854781944078069,191.57690353648974,3.866843525945792,0.006103132263765716,191.96238173089753,1.0,1
ds4,20,307.75,1,0,test,1.6665961609088056,174.35098738727027,3.1017221075476646,0.0016901692269930039,176.01758354817906,1.0,1
ds4,20,308.25,1,0,test,1.0395959835999433,205.55025470119185,10.958958660688026,0.0009449951816420195,206.5898506847918,1.0,1
ds4,20,308.75,1,0,test,1.1603038814302082,167.15997368355195,14.776317581875995,0.0036912631027768575,168.32027756498215,1.0,1
ds4,20,309.25,1,0,test,0.9804827726575533,173.3669557195173,3.0248701337296846,6.238457651212817e-05,174.34743849217486,1.0,1
ds4,20,309.75,1,0,test,1.607400630168163,160.52690663548105,15.714637670316037,3.499147287507498e-05,162.13430726564923,1.0,1
ds4,20,310.25,1,0,test,0.7686722755602936,161.9207859019862,8.230459904636652,0.0003423090908264552,162.6894581775465,1.0,1
ds4,20,310.75,1,0,test,2.515144284018797,199.948679126731,6.428888973651867,0.00015897318221281057,202.4638234107498,1.0,1
ds4,20,311.25,1,0,test,0.7811805398924927,185.43940382316575,8.037380180123813,0.0008312882629052411,186.22058436305824,1.0,1
ds4,20,311.75,1,0,test,6.724492026053626,177.53840101515482,24.228389913417804,0.0007213946867433193,184.26289304120846,1.0,1
ds4,20,312.25,1,0,test,1.2991539994561034,168.19595757332561,4.492658337028408,0.0013224948682821907,169.49511157278172,1.0,1
ds4,20,312.75,1,0,test,0.22706132747501137,136.48095983598446,7.701661755073761,0.001796236953372729,136.70802116345948,1.0,1
ds4,20,313.25,1,0,test,13.077721095458296,176.9270841474144,16.53166173723336,0.002701909801240447,190.0048052428727,1.0,1
ds4,20,313.75,1,0,test,0.7619786270246532,155.1315492659704,2.8237718600390855,0.0034932994672625638,155.89352789299505,1.0,1
ds4,20,314.25,1,0,test,0.3971410499917287,157.87940401667836,12.194303835583643,0.002331514055378198,158.27654506667008,1.0,1
ds4,20,314.75,1,0,test,3.617080703258271,144.705870471352,6.849843745179525,0.0002026658559062814,148.32295117461027,1.0,1
ds4,20,315.25,1,0,test,0.5101215630610981,120.19398491781816,15.957439769422665,0.0016685676361055239,120.70410648087926,1.0,1
ds4,20,315.75,1,0,test,0.7217562920616912,170.85856904943083,2.14621842715095,0.0022133708982401763,171.5803253414925,1.0,1
ds4,20,316.25,1,0,test,1.6101654411951627,142.44140477408354,2.789470678550317,0.001989950132699179,144.0515702152787,1.0,1
ds4,20,316.75,1,0,test,1.7478612258215431,115.60171005864146,3.983239329690924,0.0026838797660316454,117.349571284463,1.0,1
ds4,20,317.25,1,0,test,0.868645054345172,148.28629531118597,8.093043221482931,0.0003672268835309574,149.15494036553113,1.0,1
ds4,20,317.75,1,0,test,5.646079223989995,146.58367880080664,10.073971308521887,1.960442728655077e-06,152.22975802479664,1.0,1
ds4,20,318.25,1,0,test,1.9432673665139732,151.082865755552,4.672086628955663,0.00018038187936035972,153.02613312206597,1.0,1
ds4,20,318.75,1,0,test,1.524677971751947,170.23725203248904,13.13573489815745,6.66963254296078e-05,171.76193000424098,1.0,1
ds4,20,319.25,1,0,test,6.833158177673169,149.60662044001916,8.134150420758413,1.989976496982244e-05,156.43977861769233,1.0,1
ds4,20,319.75,1,0,test,1.1087676205946049,143.78988784655186,3.1742928145146143,0.00011726449892918905,144.89865546714645,1.0,1
ds4,20,320.25,1,0,test,1.8078209584819755,164.53330949287275,9.655026251278578,0.0009831588714407321,166.34113045135473,1.0,1
ds4,20,320.75,1,0,test,4.819949839255249,235.73062509400145,40.912664430678994,0.002172957801552913,240.5505749332567,1.0,1
ds4,20,321.25,1,0,test,1.3254515716930917,161.03791456743377,1.780921704108187,0.0011113890656745916,162.36336613912687,1.0,1
ds4,20,321.75,1,0,test,1.2442979194850774,143.8271038774202,8.57855006080953,8.583003398094971e-05,145.07140179690526,1.0,1
ds4,20,322.25,1,0,test,0.7269851015034506,190.43145696841893,5.3746692092112225,0.0011179972053217693,191.1584420699224,1.0,1
ds4,20,322.75,1,0,test,1.123144402172023,192.07611063664635,12.332260153208505,0.0003799533265102801,193.19925503881836,1.0,1
ds4,20,323.25,1,0,test,1.1335228679699552,194.9067260618375,1.8650336429528258,0.004130280836417582,196.04024892980746,1.0,1
ds4,20,323.75,1,0,test,1.2890690875361366,155.92603763797737,5.248814289572311,0.0019244045983083176,157.21510672551352,1.0,1
ds4,20,324.25,1,0,test,1.0770441593098252,186.03391851019708,15.755295256126903,0.0031507868174336564,187.1109626695069,1.0,1
ds4,20,324.75,1,0,test,0.23822567054497545,252.4397134911922,8.878269856793471,0.0018910160694749869,252.67793916173719,1.0,1
ds4,20,325.25,1,0,test,0.45981042914801945,227.77860293904217,2.583773690808864,1.38209108162796e-06,228.23841336819018,1.0,1
ds4,20,325.75,1,0,test,0.9387319955592336,198.71864211362671,5.063648896917388,0.00037027758499541996,199.65737410918595,1.0,1
ds4,20,326.25,1,0,test,2.3299363454915363,211.31057607313122,197.31392052957904,0.00017521061498831342,213.64051241862276,1.0,1
ds4,20,326.75,1,0,test,2.227029609435915,148.62351834041255,196.60776915893436,0.00018286423322572338,150.85054794984845,1.0,1
ds4,20,327.25,1,0,test,12.682814375901149,164.31034145652526,69.07338371139751,0.0016425734566318712,176.99315583242642,1.0,1
ds4,20,327.75,1,0,test,0.4172156788426081,177.33456874589854,11.609993542660241,0.00017789288504961261,177.75178442474115,1.0,1
ds4,20,328.25,1,0,test,0.523355781352397,174.6277801449222,14.608391585979904,0.00033878647325433567,175.1511359262746,1.0,1
ds4,20,328.75,1,0,test,0.4769101247160906,197.60488475162106,6.540042383309798,0.0017971234533364483,198.08179487633714,1.0,1
ds4,20,329.25,1,0,test,1.5985803370039022,128.7777284002002,7.296603615956245,0.0010681536295061088,130.3763087372041,1.0,1
ds4,20,329.75,1,0,test,1.3276265104490883,147.68379378920602,5.697469234296334,3.447294418683806e-05,149.0114202996551,1.0,1
ds4,20,330.25,1,0,test,6.22963131589794,148.3540247727668,4.914459406600284,0.0010311145057092701,154.58365608866472,1.0,1
ds4,20,330.75,1,0,test,0.7905938240559933,142.27409647009551,5.44675539126887,0.0010355495725410477,143.06469029415152,1.0,1
ds4,20,331.25,1,0,test,0.44340704706404727,187.57181720104484,32.43797740893037,0.0003270347894224059,188.0152242481089,1.0,1
ds4,20,331.75,1,0,test,0.9676206582607982,104.68723190771391,14.103579822947804,0.0023465616320497355,105.6548525659747,1.0,1
ds4,20,332.25,1,0,test,1.513013888022066,129.9301031394909,7.93983135743289,0.0015403206071910387,131.44311702751298,1.0,1
ds4,20,332.75,1,0,test,0.3521837752079018,116.40340305336404,15.060489735027073,7.35479129311627e-05,116.75558682857195,1.0,1
ds4,20,333.25,1,0,test,1.7088763243085263,102.88351932099637,8.924148775081406,0.00017467105387180447,104.59239564530489,1.0,1
ds4,20,333.75,1,0,test,0.49679273667684165,145.12363257178308,15.693083378477388,1.6384853762054544e-05,145.62042530845991,1.0,1
ds4,20,334.25,1,0,test,0.2791950160132736,153.35665827554072,4.67468721629636,0.0006035834638797738,153.63585329155399,1.0,1
ds4,20,334.75,1,0,test,1.197923420160934,150.49222053410358,4.589355808240182,0.00083429439705535,151.69014395426453,1.0,1
ds4,20,335.25,1,0,test,10.367040127871938,198.86926617244666,13.385684396360867,0.004816617689188067,209.2363063003186,1.0,1
ds4,20,335.75,1,0,test,1.1615084931159214,181.40278598742822,9.552021805752496,6.970503215503402e-06,182.56429448054413,1.0,1
ds4,20,336.25,1,0,test,1.9503184578649189,180.56822159962613,6.154416630413061,5.0874580277791124e-05,182.51854005749104,1.0,1
ds4,20,336.75,1,0,test,2.211242177701479,187.18763085865356,14.593407864073264,0.0050148420480669335,189.39887303635504,1.0,1
ds4,20,337.25,1,0,test,1.4645273331071043,124.65507141176789,5.386930130687289,9.060429585257303e-05,126.11959874487499,1.0,1
ds4,20,337.75,1,0,test,1.1000680789920863,175.14691038888145,3.7571623088157198,0.002347221562064602,176.24697846787353,1.0,1
ds4,20,338.25,1,0,test,2.5896127581642867,152.0781565986673,5.444430576029196,0.00016946603581921072,154.6677693568316,1.0,1
ds4,20,338.75,1,0,test,4.842939164493354,150.06463142708768,3.754946872190913,0.0016300225042012112,154.90757059158102,1.0,1
ds4,20,339.25,1,0,test,1.465722638928721,174.2831776366592,14.735790391446619,0.0005162393464122304,175.7489002755879,1.0,1
ds4,20,339.75,1,0,test,1.0593932819054603,137.86097036892156,1.8533152026973772,0.0004597870006035345,138.92036365082703,1.0,1
ds4,20,340.25,1,0,test,0.5511246977034064,152.68904372157505,1.0361104088606545,0.0005062506017486537,153.24016841927846,1.0,1
ds4,20,340.75,1,0,test,1.3159904403450169,157.30068380001418,59.25336234640617,0.00014898313806419128,158.6166742403592,1.0,1
ds4,20,341.25,1,0,test,0.2788736477333156,152.82799560499188,1.9619593954884942,0.0028296318712050673,153.1068692527252,1.0,1
ds4,20,341.75,1,0,test,0.46710669074264094,146.35492778498767,9.516507956055296,0.0020727306032224,146.8220344757303,1.0,1
ds4,20,342.25,1,0,test,3.5454803596687063,137.6320882575286,8.531018318230602,0.0009440644589410999,141.17756861719732,1.0,1
ds4,20,342.75,1,0,test,1.8226257545539513,160.84160027936028,8.532691840173529,0.009562392964472598,162.66422603391422,1.0,1
ds4,20,343.25,1,0,test,1.0249898348471633,172.92634392395425,13.574922004903359,2.6428915859498157e-06,173.9513337588014,1.0,1
ds4,20,343.75,1,0,test,0.9976399827388793,147.4913948951121,14.480480492802217,0.0002035116341094473,148.489034877851,1.0,1
ds4,20,344.25,1,0,test,1.3482550804544504,167.027829987727,12.768847053432602,0.00019026439096436748,168.37608506818145,1.0,1
ds4,20,344.75,1,0,test,1.5786953383150912,151.94562637246554,140.7988384912356,0.0001916178255514004,153.52432171078064,1.0,1
ds4,20,345.25,1,0,test,1.7452696553416274,137.98402140826803,7.895729589102431,0.0006560159431591167,139.72929106360965,1.0,1
ds4,20,345.75,1,0,test,1.9478929845030897,124.09546450876331,8.358645357133394,0.00016111133983407044,126.0433574932664,1.0,1
ds4,20,346.25,1,0,test,2.841676270562887,210.73692353887753,5.810744699974332,8.23513199610761e-06,213.57859980944042,1.0,1
ds4,20,346.75,1,0,test,2.0562319672032032,135.09790150518546,19.194600306429695,0.00034047036468495774,137.15413347238865,1.0,1
ds4,20,347.25,1,0,test,2.5217224840382846,121.85545969733835,13.78902617572389,0.003958744046009741,124.37718218137663,1.0,1
ds4,20,347.75,1,0,test,3.4872324766482206,154.80063557420397,7.914814489731699,0.00020145533074816309,158.28786805085218,1.0,1
ds4,20,348.25,1,0,test,2.06744319139453,212.3331690086959,7.762169596513562,0.00010879479816329986,214.40061220009042,1.0,1
ds4,20,348.75,1,0,test,7.268609635036247,167.11091608728321,7.314767348633286,0.000727519260761082,174.37952572231947,1.0,1
ds4,20,349.25,1,0,test,2.7889706371260847,149.1617108660647,4.839790446656805,0.0028360968878576257,151.9506815031908,1.0,1
ds4,20,349.75,1,0,test,7.737610077118164,174.16249868313008,13.181216483493092,0.0011437704315527524,181.90010876024826,1.0,1
ds4,20,350.25,1,0,test,4.465816699280709,192.52983664916326,9.408225082730986,0.0007779255609177603,196.99565334844397,1.0,1
ds4,20,350.75,1,0,test,2.9130182325611456,166.34565400163544,3.409492112387644,0.00045001015877862353,169.25867223419658,1.0,1
ds4,20,351.25,1,0,test,3.7382387603690796,142.26877990226131,116.22530511571678,0.0012941800123078809,146.0070186626304,1.0,1
ds4,20,351.75,1,0,test,2.6029008291052627,176.83117444422714,4.55018546569422,1.6199002417932708e-05,179.4340752733324,1.0,1
ds4,20,352.25,1,0,test,2.637861593431149,141.6586368088984,4.44672989057814,0.0019675207109149107,144.29649840232955,1.0,1
ds4,20,352.75,1,0,test,2.0879492728743703,164.06575930651408,12.780715167005784,0.00042815851919392325,166.15370857938845,1.0,1
ds4,20,353.25,1,0,test,2.1516996663333243,160.37104070992336,7.6803046857114445,0.002602175953099766,162.52274037625668,1.0,1
ds4,20,353.75,1,0,test,3.677862361634795,200.37545005956585,38.77762699460481,0.0008664486468763762,204.05331242120064,1.0,1
ds4,20,354.25,1,0,test,2.0794024463899583,148.96797751667103,9.87305283110087,0.003271942275538821,151.047379963061,1.0,1
ds4,20,354.75,1,0,test,2.6450558287542556,173.56138705821738,19.151701192496507,0.001107641406447044,176.20644288697164,1.0,1
ds4,20,355.25,1,0,test,3.0790294306356913,140.80830033047798,5.613509741824798,0.0002816273901279205,143.88732976111368,1.0,1
ds4,20,355.75,1,0,test,4.866145827957297,146.99226704713462,10.434696841900868,0.0011616093444282013,151.85841287509191,1.0,1
ds4,20,356.25,1,0,test,1.3017827208676596,157.4487822774499,11.692638296531143,0.001845172741139513,158.75056499831757,1.0,1
ds4,20,356.75,1,0,test,2.9785030273765294,173.38530995632388,7.72494919012303,0.0011189807145982117,176.3638129837004,1.0,1
ds4,20,357.25,1,0,test,1.8841269844968611,161.02690941682957,9.462575607663885,9.034356206008671e-07,162.91103640132644,1.0,1
ds4,20,357.75,1,0,test,2.410038820072015,188.49108733473867,4.285844756647462,1.0260847160387112e-05,190.90112615481067,1.0,1
ds4,20,358.25,1,0,test,1.8242537012924396,146.1626889801834,2.7622297744897217,0.0003139297225586864,147.98694268147582,1.0,1
ds4,20,358.75,1,0,test,1.9464996740171905,192.7852930324585,5.305610207619491,0.000907948847579069,194.7317927064757,1.0,1
ds4,20,359.25,1,0,test,1.6798531768679748,199.93950343285323,2.2364644886832545,0.0020680001879885097,201.6193566097212,1.0,1
ds4,20,359.75,1,0,test,2.2341584772612677,185.68768600861785,1.9591929690981036,0.00013039325104410832,187.92184448587912,1.0,1
ds4,20,360.25,1,0,test,1.572130177021591,187.09203728256932,12.95392256668373,0.0007735344392072027,188.6641674595909,1.0,1
ds4,20,360.75,1,0,test,1.2281330712724419,181.41081691366225,6.230560353008889,7.491657784612792e-05,182.6389499849347,1.0,1
ds4,20,361.25,1,0,test,1.9524649814878854,195.47830849295605,34.86865353163829,0.0002113179766041672,197.43077347444392,1.0,1
ds4,20,361.75,1,0,test,1.9200935851157672,173.54702558284504,5.766784024583045,0.0001453530031506591,175.46711916796082,1.0,1
ds4,20,362.25,1,0,test,1.6695007466193421,155.27620048375158,10.021702734928883,0.004982924408511424,156.94570123037093,1.0,1
ds4,20,362.75,1,0,test,0.37963186221561557,174.03500274906924,219.67395338716187,0.00021031446346478737,174.41463461128484,1.0,1
ds4,20,363.25,1,0,test,1.9810826621412865,160.3542511376465,4.1212654440906835,0.004258816929678952,162.33533379978778,1.0,1
ds4,20,363.75,1,0,test,0.14535544159483393,196.88261625203253,5.846618625257022,0.004053398849773603,197.02797169362736,1.0,1
ds4,20,364.25,1,0,test,1.1327874048903481,195.65614114954786,11.251191013458653,0.0013509126189846447,196.7889285544382,1.0,1
ds4,20,364.75,1,0,test,1.315659248784212,160.62686643250174,136.09097862098005,3.775901634725911e-05,161.94252568128596,1.0,1
ds4,20,365.25,1,0,test,0.2112088320880205,148.58427535577187,16.888693773276017,9.375752809242911e-05,148.7954841878599,1.0,1
ds4,20,365.75,1,0,test,3.649237902637539,130.3888551511183,12.467206761390964,6.581310004058384e-05,134.03809305375583,1.0,1
ds4,20,366.25,1,0,test,0.5112840751110961,135.96772736257438,5.758481450905609,0.0023761875328427487,136.47901143768547,1.0,1
ds4,20,366.75,1,0,test,0.8866021588770444,125.30806100262036,4.85550799108556,0.0011073924388762476,126.1946631614974,1.0,1
ds4,20,367.25,1,0,test,0.7191433732358216,100.26291916434582,4.469185369605056,0.00219464289064696,100.98206253758164,1.0,1
ds4,20,367.75,1,0,test,1.881812273739635,160.289643639273,15.08680761339781,1.5645997757987755e-07,162.17145591301264,1.0,1
ds4,20,368.25,1,0,test,1.8339417468818766,121.05504237881179,29.73810640660541,0.002018424122785472,122.88898412569367,1.0,1
ds4,20,368.75,1,0,test,0.44036436557446196,169.93544543475798,3.6755014763174563,0.0004537482966370467,170.37580980033243,1.0,1
ds4,20,369.25,1,0,test,1.7759891782911301,168.91333894688185,100.97224938249595,0.0024949514981371813,170.68932812517298,1.0,1
ds4,20,369.75,1,0,test,0.9877687557102505,159.65216923874712,4.97367661970964,2.4305289944705345e-05,160.63993799445737,1.0,1
ds4,20,370.25,1,0,test,0.9818027970562699,140.2934168801414,2.4124063311942123,0.0002533995592956135,141.27521967719767,1.0,1
ds4,20,370.75,1,0,test,0.8555659956967269,157.0812215314682,3.914842825889708,0.0037388268364739142,157.93678752716494,1.0,1
ds4,20,371.25,1,0,test,0.5224203440438518,178.71754288089977,3.4394077457016894,0.0020592598618527943,179.23996322494364,1.0,1
ds4,20,371.75,1,0,test,1.817576344457204,186.51471425236798,5.169484613609929,0.0007163194021892043,188.33229059682517,1.0,1
ds4,20,372.25,1,0,test,1.5755954826022813,157.40739991540826,2.047342991874711,0.0005367187246471468,158.98299539801053,1.0,1
ds4,20,372.75,1,0,test,0.327648510860467,187.69785127321987,27.975574806340532,0.0001377237305192547,188.02549978408032,1.0,1
ds4,20,373.25,1,0,test,0.2653862070484205,161.38724169449458,1.3743367742836585,0.006359549052967926,161.65262790154299,1.0,1
ds4,20,373.75,1,0,test,0.4059253286532502,178.62362513346542,2.3719376028282086,0.0008710519857309152,179.02955046211866,1.0,1
ds4,20,374.25,1,0,test,0.9921447878520899,186.8296729605692,4.655677188476372,0.003974324648272451,187.8218177484213,1.0,1
ds4,20,374.75,1,0,test,0.09750082372656207,213.24617510289784,19.622809366622345,0.0015391038177253154,213.3436759266244,1.0,1
ds4,20,375.25,1,0,test,0.1146145402857256,169.17082030165034,9.776632513537564,0.0020001595725233196,169.28543484193605,1.0,1
ds4,20,375.75,1,0,test,1.2976050137030959,216.99099970251334,6.159220278599601,0.001641149029829523,218.28860471621644,1.0,1
ds4,20,376.25,1,0,test,0.21469166546514504,171.9175581482876,4.291861764594172,0.0006835803234980284,172.13224981375276,1.0,1
ds4,20,376.75,1,0,test,0.19176916554074364,133.22338686748657,3.134257914985679,5.849322146619639e-07,133.4151560330273,1.0,1
ds4,20,377.25,1,0,test,1.7586067522543747,126.53206190755495,43.25664606963917,0.0003918345513194582,128.2906686598093,1.0,1
ds4,20,377.75,1,0,test,1.3383878500119422,142.95473785075197,14.908825227975909,5.101803882364465e-06,144.2931257007639,1.0,1
ds4,20,378.25,1,0,test,0.7429156299721732,147.33331103140554,2.701676198028704,0.0025846121315869467,148.07622666137772,1.0,1
ds4,20,378.75,1,0,test,1.2333019932715248,130.5413206766027,8.440307034976856,0.0002703389985744416,131.77462266987425,1.0,1
ds4,20,379.25,1,0,test,6.939609537410773,128.6861010200433,13.035922338706772,0.00038008709765359526,135.62571055745408,1.0,1
ds4,20,379.75,1,0,test,4.550058581406505,104.66093726636988,6.148228768530584,0.012448398346329527,109.21099584777639,1.0,1
ds4,20,380.25,1,0,test,2.89983539376545,126.98396971379356,17.42347469954324,0.0032308761597848695,129.883805107559,1.0,1
ds4,20,380.75,1,0,test,4.549677228688043,122.64699198400308,4.167524998241886,0.0005882802662454208,127.19666921269112,1.0,1
ds4,20,381.25,1,0,test,2.867868761748424,137.52371657963178,3.2615937270674547,1.7905392474061925e-06,140.3915853413802,1.0,1
ds4,20,381.75,1,0,test,3.9546248001947344,133.9532780502271,9.635083519406765,0.004572826803939294,137.90790285042183,1.0,1
ds4,20,382.25,1,0,test,3.843847585650242,155.41899338243854,16.7074888070614,0.004177622402976331,159.2628409680888,1.0,1
ds4,20,382.75,1,0,test,5.326049510090746,162.87961177686125,312.78153274021804,0.0024680122087753224,168.205661286952,1.0,1
ds4,20,383.25,1,0,test,4.4305885982266755,146.76537652365056,16.44033402870174,7.034894938693194e-05,151.19596512187724,1.0,1
ds4,20,383.75,1,0,test,4.310114066666041,128.50242042319374,26.225418929319176,0.0028339411501793472,132.8125344898598,1.0,1
ds4,20,384.25,1,0,test,5.102121369177697,161.27070874263939,18.360715184674604,0.0024303445508816446,166.37283011181708,1.0,1
ds4,20,384.75,1,0,test,5.574887122005879,174.56183441242888,154.85601618012933,0.003432815750891114,180.13672153443477,1.0,1
ds4,20,385.25,1,0,test,6.044272897009678,127.46494027066433,8.30102479300502,0.000983189566100363,133.509213167674,1.0,1
ds4,20,385.75,1,0,test,5.003843827917002,166.16864803068432,12.28867627329834,0.00028299317097019535,171.17249185860132,1.0,1
ds4,20,386.25,1,0,test,5.109246577284772,170.87534774640585,11.004130817536884,0.002354285379365969,175.98459432369063,1.0,1
ds4,20,386.75,1,0,test,6.210217376241737,154.4149308193597,9.645948922959862,7.448256225442947e-05,160.62514819560144,1.0,1
ds4,20,387.25,1,0,test,4.834916383927358,161.9884938804682,9.750789060160002,0.0016448973596220866,166.82341026439556,1.0,1
ds4,20,387.75,1,0,test,3.5775776356293347,193.67779126291938,12.786228110371802,0.0024416593414870627,197.2553688985487,1.0,1
ds4,20,388.25,1,0,test,2.69317827081099,181.2949942815783,8.018047997869232,4.266105219203561e-05,183.9881725523893,1.0,1
ds4,20,388.75,1,0,test,3.9218876317209888,137.2145993152671,16.20623194297519,5.148072848517509e-05,141.13648694698807,1.0,1
ds4,20,389.25,1,0,test,3.2249706763615946,117.35851844081071,44.480025101521996,0.0008198525597399764,120.5834891171723,1.0,1
ds4,20,389.75,1,0,test,3.610158366613949,155.98826103593018,19.090493650199736,0.0013838117183417433,159.59841940254412,1.0,1
ds4,20,390.25,1,0,test,3.4567234320362967,141.14704750908155,7.9407147886848435,0.0020894958030129025,144.60377094111783,1.0,1
ds4,20,390.75,1,0,test,3.4841389016375417,132.68670138283497,16.927192682829123,0.0013314000993162947,136.17084028447252,1.0,1
ds4,20,391.25,1,0,test,3.5510213385913123,139.01967310985316,15.06471032161061,0.001354198355571089,142.57069444844447,1.0,1
ds4,20,391.75,1,0,test,6.915749286722182,109.58635606403756,12.53367626714762,4.492473791089363e-05,116.50210535075973,1.0,1
ds4,20,392.25,1,0,test,3.0554151811713157,134.85163394801336,5.009551790265656,0.00010699196579576656,137.90704912918468,1.0,1
ds4,20,392.75,1,0,test,3.387520546449695,174.47824438357353,17.530783201840375,0.0005310578848568148,177.86576493002323,1.0,1
ds4,20,393.25,1,0,test,3.2608898121173873,133.9502393931625,5.292922215668309,2.4286650470799495e-07,137.2111292052799,1.0,1
ds4,20,393.75,1,0,test,3.222186752315307,155.7948377213699,239.8031025296613,0.0019352247113313896,159.0170244736852,1.0,1
ds4,20,394.25,1,0,test,3.9451428149877805,158.56585451602112,12.565496883533477,0.0001018027220666934,162.5109973310089,1.0,1
ds4,20,394.75,1,0,test,3.978814600384282,181.94935677517793,6.206634311965939,0.0003515034529701202,185.92817137556221,1.0,1
ds4,20,395.25,1,0,test,5.397767308922664,156.49361805160729,16.952889597139144,0.00013303117776690027,161.89138536052994,1.0,1
ds4,20,395.75,1,0,test,4.187282218633544,161.4115330569257,5.663207381830057,0.005357728610731017,165.59881527555925,1.0,1
ds4,20,396.25,1,0,test,3.7548389475968524,151.27646001877517,12.613576292416235,0.0001638483402119253,155.03129896637202,1.0,1
ds4,20,396.75,1,0,test,4.143766536435169,168.22908342876727,11.150758994191843,0.001384235993009558,172.37284996520245,1.0,1
ds4,20,397.25,1,0,test,3.8295046878263532,190.80926402189849,16.32540890441931,0.000270216298305478,194.63876870972484,1.0,1
ds4,20,397.75,1,0,test,3.162357808257887,152.27231493296247,12.898521513977068,0.0005231681817155337,155.43467274122037,1.0,1
ds4,20,398.25,1,0,test,3.650005833591613,187.63475300888746,11.780885366266457,0.005850947542976111,191.28475884247908,1.0,1
ds4,20,398.75,1,0,test,2.858993702462249,137.7472833419087,9.957125230403769,1.0309105365711445e-05,140.60627704437096,1.0,1
ds4,20,399.25,1,0,test,3.9342883484832187,184.82749775764947,16.264972253489177,0.0003838128716663881,188.7617861061327,1.0,1
ds4,20,399.75,1,0,test,4.7536333192812705,156.3579287055904,13.929383975812511,0.00020885900996420282,161.1115620248717,1.0,1
ds4,20,400.25,1,0,test,2.81011978548456,133.27753004340687,10.900038096050016,0.0015336593292017782,136.08764982889144,1.0,1
ds4,20,400.75,1,0,test,3.9340736104237983,116.1147537829656,32.79308911733252,0.004909318477913496,120.04882739338939,1.0,1
ds4,20,401.25,1,0,test,3.529232510137031,178.99438592222728,9.254887505435006,0.0007253036149257953,182.52361843236432,1.0,1
ds4,20,401.75,1,0,test,3.975550374555371,189.39386196916556,5.327008794003031,0.0033925128701585787,193.36941234372094,1.0,1
ds4,20,402.25,1,0,test,3.768645269349536,169.92768373929718,6.1165614373895325,0.0016610720189001898,173.69632900864673,1.0,1
ds4,20,402.75,1,0,test,3.7483435975796064,135.04467133707132,10.531354821261797,0.0001144233631265852,138.79301493465093,1.0,1
ds4,20,403.25,1,0,test,3.8913176608329394,139.55671858700123,3.2375021400785955,0.000360769396368806,143.44803624783418,1.0,1
ds4,20,403.75,1,0,test,5.487323850557684,122.49087803121242,3.812184063675904,0.0002199446757309818,127.9782018817701,1.0,1
ds4,20,404.25,1,0,test,7.20764270634811,154.13857807075664,7.781318984200474,0.0029635143749156944,161.34622077710475,1.0,1
ds4,20,404.75,1,0,test,5.0077007742395345,145.27702717227763,14.585114487120507,0.0008317734352753073,150.28472794651717,1.0,1
ds4,20,405.25,1,0,test,6.832776978195825,127.38920444635121,4.2208316542183795,0.0179664978923343,134.22198142454704,1.0,1
ds4,20,405.75,1,0,test,4.8068220313045185,132.743624848585,15.526704182278696,0.00823696918948371,137.5504468798895,1.0,1
ds4,20,406.25,1,0,test,6.7725304564021025,159.27442073406604,8.07204437020304,0.017999847161620734,166.04695119046815,1.0,1
ds4,20,406.75,1,0,test,7.825106014808541,167.41066496543004,1640.9856178960538,0.012250745610880798,175.23577098023858,1.0,1
ds4,20,407.25,1,0,test,6.627787728653247,189.164748440457,17.310614012378785,0.006369806554089607,195.79253616911026,1.0,1
ds4,20,407.75,1,0,test,8.198825233953542,205.15955052405997,68.89597912650329,0.009074528210896028,213.3583757580135,1.0,1
ds4,20,408.25,1,0,test,19.986615253147015,151.29440314169554,530.419667248927,0.021109984056816588,171.28101839484256,1.0,1
ds4,20,408.75,1,0,test,10.376366979968784,199.831689401904,71.33157444546497,0.02218350709160758,210.20805638187278,1.0,1
ds4,20,409.25,1,0,test,11.138348599202963,183.48605417745574,135.12036273077004,0.017270063436825633,194.6244027766587,1.0,1
ds4,20,409.75,1,0,test,11.411411708756994,127.0373520747282,85.02325873807425,4.0803128145890325e-06,138.4487637834852,1.0,1
ds4,20,410.25,1,0,test,12.227460564316713,181.1064670039732,45.99349366387116,0.009329243015354337,193.3339275682899,1.0,1
ds4,20,410.75,1,0,test,10.765344800003163,170.56626111169547,282.32831009652557,0.012255694837146473,181.33160591169863,1.0,1
ds4,20,411.25,1,0,test,12.046851056494903,233.16127847940075,121.10045656770617,0.00015686580814621562,245.20812953589567,1.0,1
ds4,20,411.75,1,0,test,11.451071971341792,239.17886988110206,37.33883095938533,0.004570483516759233,250.62994185244386,1.0,1
ds4,20,412.25,1,0,test,12.491563578738756,151.2035103251861,84.10001599043377,0.002015874024311436,163.69507390392485,1.0,1
ds4,20,412.75,1,0,test,13.248116324466974,188.4970270558819,97.07619665200477,0.017794917073775434,201.74514338034885,1.0,1
ds4,20,413.25,1,0,test,13.148274515714247,197.18336363910558,64.6399447660498,0.004201951413259786,210.3316381548198,1.0,1
ds4,20,413.75,1,0,test,15.187921728422493,170.49141865558335,72.59137331773584,4.53415024187536e-06,185.67934038400583,1.0,1
ds4,20,414.25,1,0,test,10.759377970812068,184.7843091960685,50.8544568764655,0.0003727777018390387,195.54368716688057,1.0,1
ds4,20,414.75,1,0,test,12.726006326655623,161.26291720550444,21.90719477802075,0.00764667826475175,173.98892353216007,1.0,1
ds4,20,415.25,1,0,test,12.354061330044441,166.0813857227374,23.394119457094973,0.01707864562559183,178.43544705278183,1.0,1
ds4,20,415.75,1,0,test,11.410493948523506,123.32990130064525,626.8883450130783,0.02867614653768683,134.74039524916876,1.0,1
ds4,20,416.25,1,0,test,11.695526549709454,162.38549961354843,56.03177966739107,0.003463093318665735,174.0810261632579,1.0,1
ds4,20,416.75,1,0,test,12.263631768654903,183.0282224308227,77.12673049867627,0.0002620997087615544,195.2918541994776,1.0,1
ds4,20,417.25,1,0,test,11.327160205239213,175.6857428575825,53.396959094712685,0.0015493688531010282,187.01290306282172,1.0,1
ds4,20,417.75,1,0,test,11.900979114780235,143.59496517909494,56.643657413417756,0.0027654489550629005,155.49594429387517,1.0,1
ds4,20,418.25,1,0,test,11.354103530991582,152.98682512322284,58.08063056960557,0.0004403623365789162,164.34092865421442,1.0,1
ds4,20,418.75,1,0,test,9.735591939170444,157.43887676279357,83.51942940454187,0.017122605594793453,167.174468701964,1.0,1
ds4,20,419.25,1,0,test,11.22589323644202,154.0591271043639,30.411993835886808,0.006050026865018499,165.28502034080594,1.0,1
ds4,20,419.75,1,0,test,10.96571741222349,130.15039195546086,108.99505201285884,0.011774562745911403,141.11610936768434,1.0,1
ds4,20,420.25,1,0,test,9.586828332802472,159.16612333318204,128.75514991925505,0.011306911194817285,168.7529516659845,1.0,1
ds4,20,420.75,1,0,test,10.370765873328128,125.17235230213907,46.77487948604177,0.02237617972412074,135.5431181754672,1.0,1
ds4,20,421.25,1,0,test,9.972851653402529,150.54478796116626,44.17934042359168,0.014758723868167367,160.5176396145688,1.0,1
ds4,20,421.75,1,0,test,11.227376082101694,131.0920317952263,361.2806112523342,0.02338214429513971,142.319407877328,1.0,1
ds4,20,422.25,1,0,test,10.10357698227701,116.82429292691235,66.06328543041249,3.3785289224504504e-05,126.92786990918935,1.0,1
ds4,20,422.75,1,0,test,9.649623370083793,202.92324251235613,45.12991205341031,0.00016451610988881774,212.5728658824399,1.0,1
ds4,20,423.25,1,0,test,8.794336442831073,208.27741374967653,51.265143292816184,0.009584533378446877,217.0717501925076,1.0,1
ds4,20,423.75,1,0,test,10.379023565046722,166.85141920849318,43.090563642074684,0.005248898095208837,177.2304427735399,1.0,1
ds4,20,424.25,1,0,test,9.935974420634299,176.25500613309097,255.70044457609004,0.006111835783072488,186.19098055372527,1.0,1
ds4,20,424.75,1,0,test,11.26605264938217,135.4472543222965,121.38164296435032,0.023364996258573727,146.71330697167866,1.0,1
ds4,20,425.25,1,0,test,10.927085069253096,208.67551996494947,100.39292286776747,0.0020505736025571504,219.60260503420255,1.0,1
ds4,20,425.75,1,0,test,10.82542831423388,195.53820201707356,91.922175142648,0.011154505843758168,206.36363033130743,1.0,1
ds4,20,426.25,1,0,test,11.422062173938109,132.04422610608387,131.3081847133508,0.018031140553658412,143.46628828002198,1.0,1
ds4,20,426.75,1,0,test,12.516410929275782,163.27795957518154,115.94482889365021,0.0010788360263587035,175.79437050445733,1.0,1
ds4,20,427.25,1,0,test,12.71190114350004,207.5204166431327,109.85376568125588,0.0009331750300732144,220.23231778663273,1.0,1
ds4,20,427.75,1,0,test,12.008284260310333,187.8285818029073,91.58970058908544,0.004106000878268976,199.83686606321766,1.0,1
ds4,20,428.25,1,0,test,19.329826496890014,169.6632077785083,76.70324678108665,0.001626230798468016,188.99303427539832,1.0,1
ds4,20,428.75,1,0,test,15.094599352169881,201.61515029378873,76.34166858244875,0.017522203439250875,216.70974964595862,1.0,1
ds4,20,429.25,1,0,test,13.532825301464666,191.25721679323428,81.73640397703038,0.005105644185025393,204.79004209469895,1.0,1
ds4,20,429.75,1,0,test,13.611718387233054,154.8405397155464,49.66098702075752,0.017974930996167683,168.45225810277947,1.0,1
ds4,20,430.25,1,0,test,12.920170182176015,182.0517498099029,89.60241743415547,0.009349814595650414,194.9719199920789,1.0,1
ds4,20,430.75,1,0,test,12.807894675077735,157.93174004747013,45.90627855683769,0.014879696143888343,170.73963472254786,1.0,1
ds4,20,431.25,1,0,test,11.055866222046896,179.13432275833307,49.836032347967354,0.001802008246034235,190.19018898037996,1.0,1
ds4,20,431.75,1,0,test,9.846030247592715,126.45263008675185,30.330169389987358,0.0008718474577761591,136.29866033434456,1.0,1
ds4,20,432.25,1,0,test,10.861665985791786,135.97712116994126,24.903207972525685,0.0128104301353786,146.83878715573303,1.0,1
ds4,20,432.75,1,0,test,10.377727477480668,194.14936695764325,34.97853772140866,0.010177181277914149,204.52709443512393,1.0,1
ds4,20,433.25,1,0,test,11.066203589961892,142.49480230619403,19.96851873506619,0.003147717567923342,153.56100589615593,1.0,1
ds4,20,433.75,1,0,test,12.040615906579387,147.64866727051293,30.005858157312755,0.0019718446598411842,159.6892831770923,1.0,1
ds4,20,434.25,1,0,test,18.89551958248558,133.9344459535677,29.18828810441667,0.0060276144463664244,152.82996553605327,1.0,1
ds4,20,434.75,1,0,test,11.328740536840435,124.35147652336634,34.80097338743197,0.010849012677823414,135.6802170602068,1.0,1
ds4,20,435.25,1,0,test,10.291906429582001,143.2091285850311,53.372505581883026,0.005152470975969355,153.5010350146131,1.0,1
ds4,20,435.75,1,0,test,10.491178720515828,179.07642989707526,33.327490868927775,2.978015218300166e-07,189.56760861759108,1.0,1
ds4,20,436.25,1,0,test,10.837705728504842,192.45539156278736,33.67131735142726,0.004816722836140636,203.29309729129218,1.0,1
ds4,20,436.75,1,0,test,10.550962790487533,184.0983756071507,56.67783072430636,0.004286177864825547,194.64933839763825,1.0,1
ds4,20,437.25,1,0,test,9.837980771131509,195.60702550830572,22.53183590026987,0.0018677004719883034,205.44500627943722,1.0,1
ds4,20,437.75,1,0,test,8.999690844382641,191.11552123271508,28.9664488436831,7.965347404596712e-05,200.11521207709774,1.0,1
ds4,20,438.25,1,0,test,10.964584536670461,165.74034980301744,25.85294642358193,0.004069987162614221,176.7049343396879,1.0,1
ds4,20,438.75,1,0,test,9.65025847628849,165.5799492987187,48.40214941446277,0.004416516727273449,175.2302077750072,1.0,1
ds4,20,439.25,1,0,test,11.258530330612716,188.24777621334198,267.4238568358077,0.0024886842115237275,199.5063065439547,1.0,1
ds4,20,439.75,1,0,test,10.23247373422098,210.68742282332354,24.183482826766507,0.014816649098523807,220.91989655754452,1.0,1
ds4,20,440.25,1,0,test,10.460995771992907,202.37796712011283,12.186132779518216,0.000457220434440375,212.83896289210574,1.0,1
ds4,20,440.75,1,0,test,12.576574111107217,229.3306277361034,250.7625571985316,0.0022352104661217394,241.90720184721062,1.0,1
ds4,20,441.25,1,0,test,10.512179531165364,218.10732341877602,28.94733479664532,0.0044832663147343944,228.6195029499414,1.0,1
ds4,20,441.75,1,0,test,11.051893206681127,207.257596061789,19.47673210712687,0.0010131460792807438,218.30948926847012,1.0,1
ds4,20,442.25,1,0,test,9.090295915093373,189.16806771070492,20.665764131710425,0.0011912201741447134,198.2583636257983,1.0,1
ds4,20,442.75,1,0,test,9.01782032276186,151.17217796672728,9.788253504993177,0.00017370221171678944,160.18999828948913,1.0,1
ds4,20,443.25,1,0,test,10.782385880266379,202.6147542157667,10.043484921503596,1.561149828300269e-06,213.3971400960331,1.0,1
ds4,20,443.75,1,0,test,7.068137899707361,161.2120526285446,8.790359725497977,0.00030180996590190457,168.28019052825195,1.0,1
ds4,20,444.25,1,0,test,7.756131545987029,145.95875361999435,9.048590688331176,0.0006194687490204177,153.71488516598137,1.0,1
ds4,20,444.75,1,0,test,7.150705525233726,153.27474719906607,5.622266034723546,0.0002061077227730306,160.4254527242998,1.0,1
ds4,20,445.25,1,0,test,7.098172688254837,130.03305896772716,5.854868862687716,0.0023143853307754357,137.131231655982,1.0,1
ds4,20,445.75,1,0,test,9.588151559451825,128.7574965362113,16.90060373357768,0.006202837974472683,138.34564809566314,1.0,1
ds4,20,446.25,1,0,test,8.362958792236027,67.83809331538018,9.422470224139776,0.001626986525969141,76.2010521076162,0.9999999999999948,1
ds4,20,446.75,1,0,test,8.55647751728985,124.99559326217853,13.765113221431115,0.0007782951646418046,133.55207077946838,1.0,1
ds4,20,447.25,1,0,test,8.851485212966086,157.28057720835798,23.457462704403863,0.01221104585791139,166.13206242132406,1.0,1
ds4,20,447.75,1,0,test,9.67322879047391,166.28621934825745,18.799843345741266,5.995598145507541e-07,175.95944813873135,1.0,1
ds4,20,448.25,1,0,test,9.33817012943476,169.70605945560533,15.348068062173107,0.005261319072814532,179.04422958504009,1.0,1
ds4,20,448.75,1,0,test,11.008684467074866,198.53902296414745,22.115895559264448,1.1276203001810492e-07,209.5477074312223,1.0,1
ds4,20,449.25,1,0,test,11.064519822691466,160.0329041143104,5.322549959449666,0.00010992636869221274,171.09742393700188,1.0,1
ds4,20,449.75,1,0,test,11.026148675201295,172.42218136193648,5.728754598634805,0.001036780418314871,183.44833003713777,1.0,1
ds4,20,450.25,1,0,test,11.072430127396572,196.20624812013006,9.285467083029936,0.0006965430589835469,207.2786782475266,1.0,1
ds4,20,450.75,1,0,test,10.841273046244066,149.57769392507618,5.222860125736882,0.0010233087599019997,160.41896697132023,1.0,1
ds4,20,451.25,1,0,test,31.928439105258324,189.5629902509679,7.4176346132908595,0.003489344230681308,221.49142935622623,1.0,1
ds4,20,451.75,1,0,test,6.572500213772401,141.9345060346625,3.2147591237275113,5.52850244675917e-05,148.5070062484349,1.0,1
ds4,20,452.25,1,0,test,5.830304913336814,191.1620032393712,4.149736798017765,6.043299052652518e-05,196.992308152708,1.0,1
ds4,20,452.75,1,0,test,5.113132831198365,186.16354288932115,3.138728434977075,0.002692920697806207,191.2766757205195,1.0,1
ds4,20,453.25,1,0,test,8.263626902264537,153.23252053674503,8.5867570412064,0.0006049967043978468,161.49614743900958,1.0,1
ds4,20,453.75,1,0,test,3.5768306887252086,206.96117706700053,75.71080177734372,0.0002709717596312944,210.53800775572574,1.0,1
ds4,20,454.25,1,0,test,4.66212334341134,181.76836909209683,3.9846411478165056,0.00011062790421305419,186.43049243550817,1.0,1
ds4,20,454.75,1,0,test,3.394441540026673,192.4511651108686,4.511607303583105,2.2657645292337836e-06,195.84560665089526,1.0,1
ds4,20,455.25,1,0,test,3.3188267426812894,191.49738285960206,14.332377010395755,0.0012969905052419581,194.81620960228335,1.0,1
ds4,20,455.75,1,0,test,3.3006943367953077,139.39329605258922,11.863643663301705,0.00011444980778894671,142.69399038938454,1.0,1
ds4,20,456.25,1,0,test,2.873656494279391,150.3287030041396,4.025857274872146,0.004333794504972326,153.202359498419,1.0,1
ds4,20,456.75,1,0,test,2.780611822023944,165.86445169719184,4.191782190998691,0.0005034033472557748,168.6450635192158,1.0,1
ds4,20,457.25,1,0,test,2.224693311456491,171.97468087227514,28.466306171182975,1.4165088250217663e-06,174.19937418373163,1.0,1
ds4,20,457.75,1,0,test,3.1383614695409134,125.79555065639283,6.2982124593112125,8.764995715584846e-06,128.93391212593374,1.0,1
ds4,20,458.25,1,0,test,3.8283086498457872,139.6345486619054,30.80139574071755,6.103450182666534e-07,143.46285731175118,1.0,1
ds4,23,0.75,0,1,test,2592.286341167792,8607.960611034208,5919646.022657092,533.9989594024845,11200.246952202,1.0,1
ds4,23,1.25,0,1,test,37.57700370308799,8693.701362777358,810220.8684437391,35.00621814638105,8731.278366480446,1.0,1
ds4,23,1.75,0,1,test,32.570888816028635,8605.310339480531,3705273.574181435,0.00016276302168941344,8637.88122829656,1.0,1
ds4,23,2.25,0,1,test,30.059477691364133,8732.019909814047,224614.43251172657,0.0013586386448675312,8762.079387505411,1.0,1
ds4,23,2.75,0,1,test,7.775495617771689,8690.45037939877,22604.720134120118,0.0011363854415269747,8698.225875016542,1.0,1
ds4,23,3.25,0,1,test,115.63290914157274,8769.852864129914,14865.617471293222,0.001423639538380364,8885.485773271486,1.0,1
ds4,23,3.75,0,1,test,9.509680077177343,8917.052521421143,22275.828513625478,0.0016226718814005608,8926.56220149832,1.0,1
ds4,23,4.25,0,1,test,197.34575933509888,8841.403412419968,13558.223042966714,0.0005892528735990493,9038.749171755067,1.0,1
ds4,23,4.75,0,1,test,186.39259418953984,8916.5438907553,21518.355402882622,0.001657565563137778,9102.93648494484,1.0,1
ds4,23,5.25,0,1,test,32.0290677034897,8976.556851586494,12445.241563593452,0.0018483536313086673,9008.585919289984,1.0,1
ds4,23,5.75,0,1,test,10.73714744891395,8830.967380654578,12969.13616630433,0.0014142757063276019,8841.704528103492,1.0,1
ds4,23,6.25,0,1,test,43.880311531937394,8823.782095384466,11394.035421594439,0.0014550885045063464,8867.662406916403,1.0,1
ds4,23,6.75,0,1,test,3.9585007849987655,8727.435470063858,219007.46845048413,1.17504381366589,8731.393970848856,1.0,1
ds4,23,7.25,0,1,test,424.7115557260258,5057.538504919771,12676.389509812461,0.8860870596540518,5482.250060645797,1.0,1
ds4,23,7.75,0,1,test,8.859295292900894,1.2418827552551215,3323.533596835068,0.0023736495759189803,10.101178048156015,0.9275813510522776,0
ds4,23,8.25,0,1,test,7.8857441862462805,1.2879545151805334,4823.642022301772,0.011022469335110075,9.173698701426813,0.897666731090807,0
ds4,23,8.75,0,1,test,10.67253731119714,0.6943143643136894,3348.0223084329027,0.01230310673960615,11.366851675510828,0.9554275260074193,0
ds4,23,9.25,0,1,test,7.475706096604728,1.2504168354977,2583.577585606987,0.012611737273729013,8.72612293210243,0.8795003902516667,0
ds4,23,9.75,0,1,test,6.1846698048751065,0.7412159228670785,2278.7312543486223,0.009966110401301253,6.925885727742185,0.773789103937231,0
ds4,23,10.25,0,1,test,6.304701154692335,1.6798833592986486,2178.4420683306116,0.00983357935888755,7.984584513990984,0.8429127459097508,0
ds4,23,10.75,0,1,test,6.010218629621702,0.8180080350471812,1647.1311502331243,0.007534381369216651,6.828226664668883,0.7662680330086816,0
ds4,23,11.25,0,1,test,6.1759024318025535,0.8542024575382103,1464.573150337694,0.010874034563958293,7.030104889340764,0.781589019131664,0
ds4,23,11.75,0,1,test,5.9060552582484425,0.7856238460451858,1189.3576327176188,0.0085655398683795,6.6916791042936286,0.755401320933485,0
ds4,23,12.25,0,1,test,5.449981797937152,1.3911763792858989,960.6813531618196,0.008445061836729746,6.8411581772230505,0.767275851072654,0
ds4,23,12.75,0,1,test,5.767822859433236,1.9458443855138443,777.7382634336018,0.007633507019516514,7.7136672449470804,0.8272619734547055,0
ds4,23,13.25,0,1,test,7.424772604520085,0.825698614311128,653.823532375923,0.011886550495919145,8.250471218831212,0.8570387816397794,0
ds4,23,13.75,0,1,test,5.1575531028032975,1.1640575898807077,550.300817454968,0.00923502927925066,6.321610692684005,0.7238295797518983,0
ds4,23,14.25,0,1,test,5.527201269192286,2.2500613555056423,439.8032888696345,0.010048127485653306,7.777262624697928,0.8310541130126965,0
ds4,23,14.75,0,1,test,4.666206567744101,1.5131294364976378,369.339445383163,0.006007352768900113,6.179336004241739,0.7108421421938649,0
ds4,23,15.25,0,1,test,3.9427030965147285,3.7495220676588494,306.2173217032941,0.007503646245347842,7.692225164173578,0.825966680254778,0
ds4,23,15.75,0,1,test,3.489985126938998,3.0350305601783245,241.7431004814104,0.010055349763248239,6.525015687117323,0.7415718940358059,0
ds4,23,16.25,0,1,test,3.8563516713008807,0.8944784038886092,202.82005278229204,0.010286571695806478,4.75083007518949,0.5529603814224472,0
ds4,23,16.75,0,1,test,3.0374393231592904,0.9940396531253842,162.20495762402288,0.008017819965258792,4.031478976284674,0.455107288076636,0
ds4,23,17.25,0,1,test,3.2353238430070075,0.9005879790333394,129.73190511893714,0.007649484342055114,4.135911822040347,0.46998131173220575,0
ds4,23,17.75,0,1,test,2.7212554524480552,2.3209445278045515,114.8629391808779,0.01721977511776264,5.042199980252606,0.5892481994352967,0
ds4,23,18.25,0,1,test,2.666930462719366,1.0109018463812276,89.566355815814,0.010229225327365027,3.6778323091005936,0.40333372261244493,0
ds4,23,18.75,0,1,test,2.8371003319332373,0.8097533019935382,73.94656119372537,0.009602872106450918,3.6468536339267756,0.39870756207853686,0
ds4,23,19.25,0,1,test,2.884876218233634,1.7676982109801527,61.854469997772455,0.008682365147196506,4.652574429213787,0.5402674712979417,0
ds4,23,19.75,0,1,test,1.8067371485893613,1.0301430395395272,51.38873151087769,0.008153957581910346,2.8368801881288883,0.2748833956517388,0
ds4,23,20.25,0,1,test,1.818812350582143,1.394639099650357,50.055761387639954,0.011000153249867136,3.2134514502325002,0.33288399349704995,0
ds4,23,20.75,0,1,test,0.898815240309908,1.752844625095293,40.161772853896636,0.009636535298206473,2.651659865405201,0.24649866846280943,0
ds4,23,21.25,0,1,test,1.062859388039483,1.13617198536715,25.48057174900872,0.008649006320896548,2.199031373406633,0.17902413100683642,0
ds4,23,21.75,0,1,test,1.9869482901128626,0.7588436062817135,21.74025952846281,0.009408923939839092,2.745791896394576,0.26089364617511906,0
ds4,23,22.25,0,1,test,0.7345094510773014,0.5226077578917885,14.74319182484575,0.010081899120385065,1.2571172089690898,0.06071819439845059,0
ds4,23,22.75,0,1,test,1.2082649520016902,0.8861932151214215,15.255820692565953,0.010737098984022404,2.0944581671231117,0.16407336115232965,0
ds4,23,23.25,0,1,test,1.8507169525983023,0.8942729000491718,12.615039235168073,0.009411874650261212,2.744989852647474,0.2607706931860838,0
ds4,23,23.75,0,1,test,1.9757887467249209,0.8865893750662897,10.089239503441059,0.006587466554847907,2.8623781217912105,0.27880699851195767,0
ds4,23,24.25,0,1,test,0.5172342537367618,1.0953569444711022,8.156265194004607,0.009917646727972343,1.612591198207864,0.10027748411316639,0
ds4,23,24.75,0,1,test,2.4798815259019316,1.6531264314582346,9.031310093958881,0.009941239780684638,4.133007957360166,0.4695705340958451,0
ds4,23,25.25,0,1,test,0.6060195958238387,1.813507217167976,6.1159582214095245,0.009525896354412365,2.4195268129918146,0.2114373112772432,0
ds4,23,25.75,0,1,test,0.5615567498140621,1.4464738997363096,5.014938096980382,0.011387537592461798,2.0080306495503715,0.15196726991625215,0
ds4,23,26.25,0,1,test,0.04775666283327139,0.7948296679985084,4.285120949961496,0.011157036695067285,0.8425863308317798,0.025762092292958356,0
ds4,23,26.75,0,1,test,0.3311039348780841,0.8201730874062326,4.403867404469981,0.010937369241624586,1.1512770222843167,0.05053460845563409,0
ds4,23,27.25,0,1,test,6.530048726122029,0.6455802526348435,1.2974304617060575,0.008413669617830249,7.1756289787568726,0.7920971828849703,0
ds4,23,27.75,0,1,test,0.225614147723829,1.0169069901811139,2.8277294888639286,0.009621093920903686,1.2425211379049428,0.05926642058896538,0
ds4,23,28.25,0,1,test,0.4608904513707267,1.1218671723233828,3.760544650044696,0.00965726640005831,1.5827576236941097,0.09667344439074715,0
ds4,23,28.75,0,1,test,0.0736533818032464,1.1523362412785558,2.1139854877499404,0.011126144562392819,1.2259896230818021,0.057640154837332994,0
ds4,23,29.25,0,1,test,1.4208419040528577,1.2623951132125515,2.344029300502212,0.011482299618852101,2.683237017265409,0.25131895676624877,0
ds4,23,29.75,0,1,test,0.3276190213397399,1.8098633618556335,2.310345642570916,0.012779221477780617,2.1374823831953735,0.17018671104825467,0
ds4,23,30.25,0,1,test,0.6443740584339043,1.3397669614033205,0.7134369154312376,0.00846112411666574,1.984141019837225,0.148664948950675,0
ds4,23,30.75,0,1,test,0.10102476550963795,0.9648113724012289,0.974817240996843,0.010992402514338947,1.065836137910867,0.04291721744261391,0
ds4,23,31.25,0,1,test,1.4291087370959654,0.8548187718432642,0.9617873421708146,0.014479421877210744,2.2839275089392297,0.19137542875992114,0
ds4,23,31.75,0,1,test,0.12488577793309524,1.1398709706520953,1.1762060135571275,0.013207941364156425,1.2647567485851905,0.0614839436662004,0
ds4,23,32.25,0,1,test,0.10863507184920494,3.0734680520236752,1.444155316788,0.009425760854731655,3.18210312387288,0.3280657983681903,0
ds4,23,32.75,0,1,test,0.01347747184646194,0.8352788617133713,0.8763717234405247,0.011663400996220695,0.8487563335598333,0.0261801546416587,0
ds4,23,33.25,0,1,test,1.5924266402718308,1.0560783546658634,0.7474545755379467,0.009077327583820237,2.648504994937694,0.24601760619722599,0
ds4,23,33.75,0,1,test,0.007143075803443289,0.8940859070961021,0.33967570167607997,0.010319659746586883,0.9012289828995454,0.029867399935808808,0
ds4,23,34.25,0,1,test,2.6677227504732772,2.1619035216641485,1.2230023667593914,0.00867394823433251,4.829626272137426,0.5629751315060358,0
ds4,23,34.75,0,1,test,1.025163154478292,2.2708348714367035,0.6398526293725822,0.007742284300905622,3.2959980259149955,0.3455455617933007,0
ds4,23,35.25,0,1,test,0.16874833080998447,2.1303044887891276,0.4603133143575207,0.00833320543199588,2.2990528195991122,0.19359402493660063,0
ds4,23,35.75,0,1,test,0.12526700489838508,2.0923925386361955,0.5643349425941027,0.013782767116421282,2.2176595435345807,0.1817189008113066,0
ds4,23,36.25,0,1,test,1.2902582944215881,0.7790444629583476,0.5249194849180655,0.008362275896308799,2.0693027573799356,0.16052501576393113,0
ds4,23,36.75,0,1,test,0.5842675345038484,3.2393755555907906,1.3760914943617073,0.009531669337512101,3.823643090094639,0.4249237886642979,0
ds4,23,37.25,0,1,test,0.14310636799017318,0.662051105813331,0.3888688314772221,0.008166436072001727,0.8051574738035042,0.023296781946050442,0
ds4,23,37.75,0,1,test,0.19245008672160857,0.893634522127808,0.5829584136391754,0.009557815581267932,1.0860846088494167,0.04467202683942749,0
ds4,23,38.25,0,1,test,0.9076448623766467,0.3596365925402683,0.4272410107350025,0.007159786228794993,1.267281454916915,0.06173789322293135,0
ds4,23,38.75,0,1,test,0.7597578558785281,1.7502886935871156,0.5858294952716084,0.012033160949293006,2.5100465494656437,0.22501871344831098,0
ds4,23,39.25,0,1,test,0.40299216259885157,1.3485962888244607,0.6124626989177647,0.008225217545956296,1.7515884514233122,0.11766253436593965,0
ds4,23,39.75,0,1,test,0.047706002237590736,1.2092169759977924,0.842059812939985,0.0071757965744280155,1.2569229782353832,0.06069877831426688,0
ds4,23,40.25,0,1,test,0.0044917991011259465,0.9707890506319189,0.7657548201378147,0.009836623804161275,0.9752808497330449,0.03546519955633145,0
ds4,23,40.75,0,1,test,1.4112241354766413,1.4976966821047113,1.3658560128286423,0.011273889038749449,2.9089208175813526,0.2859748308922413,0
ds4,23,41.25,0,1,test,0.5637768925084092,1.38606677382672,0.9420442430550598,0.005506120705197984,1.9498436663351293,0.14395929832163953,0
ds4,23,41.75,0,1,test,5.8342299668473165,1.0416732096370198,0.4640135219468728,0.010799886406630306,6.875903176484337,0.7699656372942449,0
ds4,23,42.25,0,1,test,0.21540100114428826,1.8635507984586606,1.237800078552777,0.009190113187995251,2.0789517996029487,0.16188375026581509,0
ds4,23,42.75,0,1,test,0.625483238491619,1.3943594896714773,1.124438487701043,0.007981418067483028,2.019842728163096,0.1536073395305996,0
ds4,23,43.25,0,1,test,2.638570113779071,0.8508257543602471,0.6976056743797086,0.006181575000589923,3.4893958681393182,0.3750072277268757,0
ds4,23,43.75,0,1,test,1.753070725790839,0.7479661683602139,0.6951850501804799,0.012446695384788887,2.501036894151053,0.22366109529282655,0
ds4,23,44.25,0,1,test,0.35761931034633215,0.3070914288815518,0.5205447896475102,0.011868962344875706,0.6647107392278839,0.015150847475779656,0
ds4,23,44.75,0,1,test,0.49647854111833845,1.0521552732260238,0.7570993510086246,0.00813101688854904,1.5486338143443623,0.09260983096936658,0
ds4,23,45.25,0,1,test,0.8957793518944528,1.4492665608350908,0.8245252768927465,0.009541771269606628,2.3450459127295433,0.20037125385153645,0
ds4,23,45.75,0,1,test,4.7468449625481135,1.3150741228120546,1.0305357748341473,0.010189160121967541,6.061919085360168,0.6997595268981471,0
ds4,23,46.25,0,1,test,2.792528956986724,2.0024380884820396,0.7886878086596847,0.009172885475856143,4.794967045468764,0.5585882218759252,0
ds4,23,46.75,0,1,test,1.2435037584340964,0.6017027670081305,0.5017932870384333,0.0096571824525824,1.845206525442227,0.1298778343393467,0
ds4,23,47.25,0,1,test,2.477484575063629,2.5153763902335484,3.151274871592236,0.009549852311996634,4.992860965297178,0.5832479325025173,0
ds4,23,47.75,0,1,test,0.40442336685660174,1.3186867972168697,0.8864571226655364,0.009726509193629615,1.7231101640734714,0.1140244946725633,0
ds4,23,48.25,0,1,test,0.3459129778494168,1.3273492519969392,0.5694227667084003,0.010081014079167474,1.673262229846356,0.10774910487839137,0
ds4,23,48.75,0,1,test,6.1209315627893925,2.3159018916148106,1.29488478402942,0.010908100996319788,8.436833454404203,0.8662524130852317,0
ds4,23,49.25,0,1,test,3.9104331865731567,2.031893323851601,0.8260067516302579,0.011575547097135276,5.942326510424758,0.6881286797915647,0
ds4,23,49.75,0,1,test,0.783031297786132,2.272571862790684,0.7821881748054056,0.011443703473913576,3.055603160576816,0.3085863483116874,0
ds4,23,50.25,0,1,test,0.16206309651453887,1.690141958534366,0.7510462039493011,0.009660241560724129,1.8522050550489049,0.1308060644509329,0
ds4,23,50.75,0,1,test,0.9686187282488928,1.3998142885932925,0.9902684272751183,0.011786410523294712,2.3684330168421854,0.2038343987317651,0
ds4,23,51.25,0,1,test,8.064597462998394,1.8471882717406158,0.9090354240910912,0.013968528992783544,9.91178573473901,0.9222263054513538,0
ds4,23,51.75,0,1,test,0.16365180153422912,1.2379858778738702,0.9930120579798406,0.011601601632467535,1.4016376794080994,0.07586595554269325,0
ds4,23,52.25,0,1,test,0.052713198872618,0.47651323311779875,0.5269925880577506,0.012023546292882157,0.5292264319904167,0.008985988243693177,0
ds4,23,52.75,0,1,test,0.4823284278924185,1.1426791014221942,1.1654497778323847,0.011509597004552162,1.6250075293146127,0.10179122914029984,0
ds4,23,53.25,0,1,test,0.047075672115262646,1.7778867487510448,1.0553387906280425,0.010674117736159672,1.8249624208663073,0.1272043023328459,0
ds4,23,53.75,0,1,test,0.4342722794349738,0.5485099786014094,0.471514772663219,0.00963369568221475,0.9827822580363832,0.03605748647417399,0
ds4,23,54.25,0,1,test,10.942663404111018,0.6544701429731976,0.6266512678974466,0.006894380825220374,11.597133547084216,0.959254992748249,0
ds4,23,54.75,0,1,test,0.021746614316858866,0.9977656397788119,0.8453046540049317,0.0101968854529564,1.0195122540956707,0.039023328840933104,0
ds4,23,55.25,0,1,test,0.034198847479310866,0.5868351065621655,0.6158420152962699,0.008659044272586035,0.6210339540414764,0.012980049676267902,0
ds4,23,55.75,0,1,test,0.08895200486762767,1.3127647869085257,1.1058958746251057,0.012122836062999522,1.4017167917761535,0.07587461787581572,0
ds4,23,56.25,0,1,test,0.157306767150741,1.256084645046061,0.7714510345913768,0.010618451907417363,1.4133914121968019,0.07715718958944429,0
ds4,23,56.75,0,1,test,0.0008091114119506795,0.8223623366467895,0.8219877328864816,0.009701283706771665,0.8231714480587402,0.024468087729233663,0
ds4,23,57.25,0,1,test,0.06543122292764379,0.6831968966895634,0.5232601139254768,0.008997979684169294,0.7486281196172072,0.01980635122517233,0
ds4,23,57.75,0,1,test,0.4207749416868045,1.3509291807968926,0.5009568055396859,0.009846744483897881,1.7717041224836971,0.12025469636869297,0
ds4,23,58.25,0,1,test,0.20396819356589208,2.2086277665741822,0.5642667704764021,0.009435906285949997,2.412595960140074,0.21040313121314586,0
ds4,23,58.75,0,1,test,0.08344018471621477,0.7584419505907736,0.6912133675070906,0.01041739004476863,0.8418821353069883,0.02571458693859361,0
ds4,23,59.25,0,1,test,0.4196086582506505,2.0890943784261133,0.8873994037444729,0.011052709131466366,2.508703036676764,0.22481619010307513,0
ds4,23,59.75,0,1,test,0.29762601906788694,1.1815003919455878,0.9826951525170213,0.008942889258271884,1.4791264110134748,0.08453402167588618,0
ds4,23,60.25,0,1,test,0.005467591434010074,0.8731287739628507,0.8098386518450906,0.010565002913991333,0.8785963653968608,0.028248208966466275,0
ds4,23,60.75,0,1,test,0.6502317120174335,0.9373013840001426,0.8458742878843177,0.008988214225376533,1.5875330960175762,0.09724716265864827,0
ds4,23,61.25,0,1,test,0.05790752167306748,1.166014156694357,1.2621487154115645,0.010642569335089882,1.2239216783674245,0.05743807987496978,0
ds4,23,61.75,0,1,test,1.0178314024417447,1.7132017974263702,1.3680169345711999,0.009134486963531918,2.731033199868115,0.2586318908617277,0
ds4,23,62.25,0,1,test,0.39895838443303133,1.2907510148428865,0.8120217778099139,0.009605060724466456,1.6897093992759178,0.10980635899186882,0
ds4,23,62.75,0,1,test,0.5440790776582181,0.7376835030183558,0.7942487399169439,0.009320341180420064,1.281762580676574,0.06320293984324374,0
ds4,23,63.25,0,1,test,1.5370872285139454,1.299571504593506,1.2734367256321553,0.008406891364838638,2.836658733107451,0.27484933023188984,0
ds4,23,63.75,0,1,test,0.9131376986399387,1.260909458989807,1.4721267975535708,0.010281815342530625,2.1740471576297455,0.17542426502850378,0
ds4,23,64.25,0,1,test,0.433264457414906,0.8436256344900898,0.6500614108069941,0.009258761550164592,1.2768900919049957,0.06270839089222771,0
ds4,23,64.75,0,1,test,0.49481747131518355,1.4820032853939051,0.9440560259031631,0.005893668577550205,1.9768207567090887,0.14765705411556374,0
ds4,23,65.25,0,1,test,1.583188951821954,1.1468950034721417,0.604431909890041,0.006961258833144503,2.730083955294096,0.2584864752895775,0
ds4,23,65.75,0,1,test,1.75963020357078,1.099260574892564,0.9982596314275192,0.010385465900992739,2.858890778463344,0.27827021626367177,0
ds4,23,66.25,0,1,test,1.1837532534369422,0.7292308822091883,0.642780342236488,0.010692552447459215,1.9129841356461306,0.13895039744349352,0
ds4,23,66.75,0,1,test,0.9544364136328893,1.2529289996050093,1.0531173436123065,0.009780639084721205,2.2073654132378984,0.18022862875526421,0
ds4,23,67.25,0,1,test,3.166216617608903,0.5899753462201489,0.45901384407196644,0.007422675986935521,3.756191963829052,0.4149755815700581,0
ds4,23,67.75,0,1,test,0.6449938873493286,0.9387593410051703,0.7581249516406693,0.009432972439551556,1.583753228354499,0.09679295395281372,0
ds4,23,68.25,0,1,test,0.6691524955426842,1.6310416253968756,1.0060259520410235,0.008586978848862578,2.30019412093956,0.19376164165709192,0
ds4,23,68.75,0,1,test,0.6793741898145255,1.0184338814414613,0.7468638879064365,0.01047647283001629,1.6978080712559867,0.11082421058790035,0
ds4,23,69.25,0,1,test,1.7316995224253486,1.147346705379386,1.1394537650967185,0.009116513141818106,2.879046227804735,0.281373203832192,0
ds4,23,69.75,0,1,test,0.3942218595825875,0.9659182675106928,1.0246339527744315,0.009492646344538254,1.3601401270932802,0.07137664773334793,0
ds4,23,70.25,0,1,test,0.9346519930220925,1.218404260827219,0.8522229276161335,0.009087660838886654,2.1530562538493117,0.17241292826397808,0
ds4,23,70.75,0,1,test,1.120392905610361,0.9309686505072869,0.7686258119261125,0.009464948261164804,2.051361556117648,0.15800647495749395,0
ds4,23,71.25,0,1,test,0.9380114409129782,1.022340099160672,0.6892093051320065,0.009420586065961453,1.96035154007365,0.14539647986100654,0
ds4,23,71.75,0,1,test,2.6013963683741905,1.261375409890752,0.8523556166371191,0.005532050822513754,3.8627717782649427,0.4306620518962874,0
ds4,23,72.25,0,1,test,2.7230263021991976,1.556734662313536,1.238267708745578,0.0069542085721560655,4.279760964512734,0.4901204220022583,0
ds4,23,72.75,0,1,test,1.5139206184981207,1.2855960072221326,1.27175235064993,0.007873446351716997,2.799516625720253,0.2691392468407301,0
ds4,23,73.25,0,1,test,0.6370588918657104,1.9841865455391494,1.216430743731899,0.012194785552380181,2.62124543740486,0.24186530385888272,0
ds4,23,73.75,0,1,test,1.5532586710181784,2.1800045225827134,1.1915946682250258,0.0142076931673207,3.7332631936008918,0.41157822029902097,0
ds4,23,74.25,0,1,test,2.2705523311723748,2.378485229109715,1.2707944173316175,0.008423257818291913,4.64903756028209,0.5398063762966274,0
ds4,23,74.75,0,1,test,2.479406664371778,2.1457780770752004,0.5395645972410006,0.010478319996637037,4.625184741446978,0.5366891847489111,0
ds4,23,75.25,0,1,test,1.7253790089143282,3.434251819241584,1.147301562945897,0.00928850301175458,5.159630828155912,0.6032889291273671,0
ds4,23,75.75,0,1,test,7.674366622546253,1.760475721066205,0.6293200028940154,0.011538863018236792,9.434842343612457,0.9070729552076833,0
ds4,23,76.25,0,1,test,1.2249774138127407,2.9213518270972356,1.3787402926901828,0.00948041459900062,4.146329240909976,0.4714535995293934,0
ds4,23,76.75,0,1,test,0.3955205326480476,3.2720287797418433,0.7632881293719329,0.009687656730940295,3.667549312389891,0.4017995642652382,0
ds4,23,77.25,0,1,test,0.5262599969267164,2.148928021815458,0.7629333398965756,0.01022303156208883,2.6751880187421744,0.25008937459498287,0
ds4,23,77.75,0,1,test,1.6452678099159095,2.523065637256581,1.3475745287586864,0.01310336561365716,4.168333447172491,0.4745564643542,0
ds4,23,78.25,0,1,test,0.6634070578047683,2.7194011481601486,1.2382719376736508,0.01063411444771075,3.382808205964917,0.3588104188866961,0
ds4,23,78.75,0,1,test,0.6304233963895295,0.9358706614225509,0.6387330442785444,0.008788457216089163,1.5662940578120805,0.09470496214951743,0
ds4,23,79.25,0,1,test,0.4985453689178401,1.439707900718182,1.224942199746471,0.010376474206411003,1.9382532696360222,0.14237877030871351,0
ds4,23,79.75,0,1,test,0.34949447020203844,2.0131467573417856,0.7658739059488896,0.01117946492055938,2.362641227543824,0.20297572889832516,0
ds4,23,80.25,0,1,test,1.4303562467286242,1.285768305421378,1.2733062927906098,0.008623311619896212,2.716124552150002,0.2563488243796206,0
ds4,23,80.75,0,1,test,0.8987036417551625,1.0396170033589778,0.5434749162838408,0.011020277483915809,1.9383206451141404,0.1423879435774444,0
ds4,23,81.25,0,1,test,0.412836966618708,1.594305161337409,1.3998868470282584,0.008901746219570952,2.0071421279561172,0.15184409385510372,0
ds4,23,81.75,0,1,test,1.2411308189265662,1.4678122468065757,0.740774241569834,0.008702208843307925,2.708943065733142,0.25524970092857124,0
ds4,23,82.25,0,1,test,0.56771572369918,2.444848387963843,0.7020425398291025,0.0096594605477868,3.012564111663023,0.30195129452485714,0
ds4,23,82.75,0,1,test,1.8192899728497534,1.977606377135485,0.5217735533039963,0.010155768550494224,3.7968963499852384,0.42098735896359196,0
ds4,23,83.25,0,1,test,0.42570976463045995,0.9597276607585286,0.7142970104606611,0.006739832342150002,1.3854374253889885,0.07410039048632419,0
ds4,23,83.75,0,1,test,0.17665032698043376,1.2370814634333553,0.7730650069711695,0.011332669499236595,1.4137317904137892,0.07719471035374657,0
ds4,23,84.25,0,1,test,0.10901594670363692,1.5029195732416438,0.733767991333776,0.008973653632517314,1.6119355199452807,0.10019777003464654,0
ds4,23,84.75,0,1,test,0.593547981606704,1.0859227968660536,1.1627939172538562,0.009329376217589194,1.6794707784727576,0.10852412635074356,0
ds4,23,85.25,0,1,test,0.24083221439337388,0.7703761705500767,0.5465751913601157,0.008794215949976267,1.0112083849434506,0.03834331731593886,0
ds4,23,85.75,0,1,test,0.2543944297648358,1.004495727745024,0.8730131439982103,0.009863806168702676,1.2588901575098597,0.0608955462615148,0
ds4,23,86.25,0,1,test,1.144006541608548,1.0742225545233002,1.1986527807975509,0.010050487310706149,2.2182290961318483,0.18180143390324466,0
ds4,23,86.75,0,1,test,0.16305904125811635,0.9149571339164824,0.8869826217290308,0.009828703980978879,1.0780161751745987,0.043968979719695475,0
ds4,23,87.25,0,1,test,0.9075100229672463,1.9208401001090762,1.0387259388308219,0.011061533973759733,2.8283501230763224,0.27357141416945774,0
ds4,23,87.75,0,1,test,0.9065222753359872,1.2988804378949075,0.9136682227556251,0.008496841148215804,2.2054027132308947,0.17994480145126485,0
ds4,23,88.25,0,1,test,2.0819477241670237,1.8244084529217985,1.7736103631776745,0.011218296375527782,3.9063561770888224,0.43702426142011985,0
ds4,23,88.75,0,1,test,2.4100495337370877,1.0310376165648205,0.9600190581706932,0.008258331436942622,3.4410871503019083,0.3676799632748144,0
ds4,23,89.25,0,1,test,1.431535626386923,0.5500334887423797,0.5359616903460565,0.009395309451423582,1.9815691151293027,0.14831061840181875,0
ds4,23,89.75,0,1,test,0.4902914401359906,0.7301251536363301,0.7124688975937588,0.010577734992863809,1.2204165937723208,0.057096262982295184,0
ds4,23,90.25,0,1,test,0.5052317356517386,1.1161533068931098,0.7375695467240941,0.007513490939698388,1.6213850425448484,0.10134876356022074,0
ds4,23,90.75,0,1,test,1.2233097683720664,1.81431806878046,0.7980759511044455,0.00935541282402261,3.0376278371525265,0.3058154097238089,0
ds4,23,91.25,0,1,test,1.2864575126970528,0.9142221372725239,0.8166734960180754,0.013050382149037991,2.200679649969577,0.17926220807265142,0
ds4,23,91.75,0,1,test,1.2149872401272737,0.6898823069151524,0.5027175449093494,0.010737472267943029,1.9048695470424262,0.1378546242930991,0
ds4,23,92.25,0,1,test,0.6945361924245769,1.2501713950414775,0.5945509685083983,0.009599038185155652,1.9447075874660542,0.14325830165385606,0
ds4,23,92.75,0,1,test,0.2544384211096921,0.9444298044702263,0.8767027698796416,0.00940225528423148,1.1988682255799183,0.05501410258453533,0
ds4,23,93.25,0,1,test,0.5007767486485859,0.9604717145883342,0.6770824635252225,0.010746281396563428,1.4612484632369203,0.08250205798818826,0
ds4,23,93.75,0,1,test,0.5210088946101268,1.6275781614026805,1.8284847652555622,0.009830318501827948,2.1485870560128073,0.17177337031617537,0
ds4,23,94.25,0,1,test,0.8965633645535085,1.6385909785459125,0.788910240560316,0.0092490557342005,2.5351543430994212,0.22880829929843757,0
ds4,23,94.75,0,1,test,0.5521745483352244,0.8748227573714391,0.8313840759387559,0.00817506900288868,1.4269973057066636,0.07866256497950272,0
ds4,23,95.25,0,1,test,0.742088721541259,2.178372498769062,1.5567553975533837,0.010638611159575316,2.920461220310321,0.2877530325961372,0
ds4,23,95.75,0,1,test,0.901487029142011,3.448991746688858,0.6295257470266217,0.009864136416994731,4.350478775830869,0.49986550081403414,0
ds4,23,96.25,0,1,test,0.795352886901552,1.2659463144026324,0.6418277458114017,0.007675384653981465,2.0612992013041844,0.15940022414412358,0
ds4,23,96.75,0,1,test,0.20797252372700636,0.9894235249047478,0.9320565874311084,0.008216308215069416,1.197396048631754,0.054873065022088365,0
ds4,23,97.25,0,1,test,0.4094266989113059,1.45311822620591,0.9548422503136944,0.009210541498332836,1.862544925117216,0.13218114699806674,0
ds4,23,97.75,0,1,test,0.9895715315236518,0.6292615863370183,0.6324839493854775,0.007860539036422486,1.61883311786067,0.10103746953496498,0
ds4,23,98.25,0,1,test,1.8218999336590136,0.37027194398541496,0.48214592105977055,0.009376718574063723,2.1921718776444283,0.17803411493007026,0
ds4,23,98.75,0,1,test,0.9266850573654193,0.8172527687385448,0.7485829192553269,0.008054501534100107,1.7439378261039642,0.11668149308947899,0
ds4,23,99.25,0,1,test,1.4612311898936405,0.49167552898756917,0.499514542839083,0.010412951266396868,1.9529067188812097,0.1443778206510546,0
ds4,23,99.75,0,1,test,1.2643485879631216,1.1541785129308277,0.5954698809756493,0.011687893710939907,2.4185271008939493,0.2112880868959246,0
ds4,23,100.25,0,1,test,1.0185783793763208,0.7948468558268169,0.5794613375163641,0.009673179315391427,1.8134252352031377,0.12568839241248342,0
ds4,23,100.75,0,1,test,0.7319838339538501,1.0265888890891894,0.5026307187280196,0.010781250306554581,1.7585727230430397,0.11856046812504187,0
ds4,23,101.25,0,1,test,1.5194324621912185,0.6809425597055228,0.5925076907077668,0.007900669476066527,2.2003750218967415,0.1792182022194248,0
ds4,23,101.75,0,1,test,0.7200699996571068,0.8195361896367291,0.8393787494910652,0.010217070617321697,1.539606189293836,0.09154548725689587,0
ds4,23,102.25,0,1,test,0.8602009368003919,1.05920209165003,1.0454866430089802,0.010064763485127009,1.919403028450422,0.13981898101648632,0
ds4,23,102.75,0,1,test,1.1421384161047707,1.3317851442349014,0.8473511583231524,0.009359876650614404,2.473923560339672,0.219582988108935,0
ds4,23,103.25,0,1,test,1.898335322209219,0.5279832310311334,0.5559361870147528,0.010170327086298456,2.4263185532403524,0.21245156832813658,0
ds4,23,103.75,0,1,test,1.1915890861948966,1.0863427575555265,0.646334562730895,0.007765654885751548,2.277931843750423,0.19049742521347915,0
ds4,23,104.25,0,1,test,0.8564338381056823,1.3105252182146794,0.9560324748579064,0.009104700699700067,2.1669590563203616,0.17440604806600138,0
ds4,23,104.75,0,1,test,1.4343362688713368,0.46605682811201193,0.45934105762315847,0.009993900228031349,1.9003930969833487,0.13725122714160687,0
ds4,23,105.25,0,1,test,1.7970440684106763,2.023026338959513,0.48970746917860986,0.006226819299409627,3.8200704073701894,0.4243986316157751,0
ds4,23,105.75,0,1,test,2.031705172411193,2.1717048479906063,1.4222758180348423,0.009976276565364909,4.203410020401799,0.47948290082904343,0
ds4,23,106.25,0,1,test,0.7408877241897527,1.0175614680356118,0.8080641692908507,0.011698214131400224,1.7584491922253644,0.11854456706993288,0
ds4,23,106.75,0,1,test,0.9936650104923821,0.7003395492219303,0.6300008842360192,0.0119949777164905,1.6940045597143123,0.11034578449171158,0
ds4,23,107.25,0,1,test,2.0780326531812126,0.6869276520411162,0.6815444188501395,0.013216522846922334,2.7649603052223286,0.2638334786753151,0
ds4,23,107.75,0,1,test,0.9984511925759818,1.2972541751974904,0.9730054443286484,0.011499390466912557,2.295705367773472,0.1931025712930443,0
ds4,23,108.25,0,1,test,1.5508453986825221,2.1162519153477515,0.9278552171323008,0.009979833997912446,3.667097314030274,0.4017320958779583,0
ds4,23,108.75,0,1,test,0.32595049794416786,1.309116679047842,0.7836028041095469,0.008200635949346497,1.6350671769920098,0.10302350826729545,0
ds4,23,109.25,0,1,test,5.3356450169056915,0.9741175588745901,1.1350994989039018,0.007873762522497428,6.309762575780281,0.7227663303327957,0
ds4,23,109.75,0,1,test,0.31683906455359345,0.7092271576777288,0.6352114140053976,0.007999597897029405,1.0260662222313224,0.03956392892855361,0
ds4,23,225.25,1,1,test,22.536796340825404,835.248685555037,1.7249877425221218,0.009993890888918153,857.7854818958624,1.0,1
ds4,23,225.75,1,1,test,23.388552186442293,821.6661851325639,1.9627929923354839,0.010355480317818695,845.0547373190062,1.0,1
ds4,23,226.25,1,1,test,21.804768105060376,838.7228321176376,1.7853192061930367,0.007995126807003358,860.527600222698,1.0,1
ds4,23,226.75,1,1,test,21.88414679408111,846.1797983744376,2.483657353827629,0.009887393340385983,868.0639451685187,1.0,1
ds4,23,227.25,1,1,test,18.933528333965185,857.1916277157267,2.88642823583956,0.010177619711348722,876.1251560496919,1.0,1
ds4,23,227.75,1,1,test,19.051748381266705,856.9658899498091,1.5720311276007555,0.014156916503161593,876.0176383310759,1.0,1
ds4,23,228.25,1,1,test,17.86826512156951,862.6193452959433,2.9243290314895196,0.011696447704016583,880.4876104175128,1.0,1
ds4,23,228.75,1,1,test,20.167447962525,875.9607501331886,1.664171563754994,0.010156460102674349,896.1281980957136,1.0,1
ds4,23,229.25,1,1,test,20.290264583574533,909.2667388511335,2.0047490151854266,0.012112820880969244,929.557003434708,1.0,1
ds4,23,229.75,1,1,test,19.685695838104948,925.4828013123313,1.4925831814817834,0.011440461104550376,945.1684971504362,1.0,1
ds4,23,230.25,1,1,test,20.133178281717086,940.6999648830573,2.2257748932837162,0.011398877249063084,960.8331431647744,1.0,1
ds4,23,230.75,1,1,test,19.40292337550843,942.5759912597487,2.4294940334985156,0.011975602827670389,961.9789146352571,1.0,1
ds4,23,231.25,1,1,test,18.05806940062399,940.1899359631655,1.5802373318306557,0.010777819008343192,958.2480053637894,1.0,1
ds4,23,231.75,1,1,test,22.71031593678793,981.5556671140678,1.0589480554302437,0.011276907878639287,1004.2659830508557,1.0,1
ds4,23,232.25,1,1,test,16.1907988800508,982.3293300290271,2.280189901487334,0.008584616991406004,998.5201289090779,1.0,1
ds4,23,232.75,1,1,test,16.433187931191977,986.6724719049109,2.1117839904315376,0.01055890420736549,1003.1056598361029,1.0,1
ds4,23,233.25,1,1,test,16.56680803826275,1000.5426438253734,1.5926842281652451,0.010372341118383688,1017.1094518636361,1.0,1
ds4,23,233.75,1,1,test,16.075342884022486,1033.5559356659696,1.944493304664202,0.010374627126966,1049.6312785499922,1.0,1
ds4,23,234.25,1,1,test,15.509112981447535,1018.8167774055231,1.5421833261171751,0.010724154388152813,1034.3258903869707,1.0,1
ds4,23,234.75,1,1,test,16.372280165578804,1053.7581027307938,1.5975171415083793,0.009422051843125615,1070.1303828963726,1.0,1
ds4,23,235.25,1,1,test,14.662250514263619,1055.273371266196,1.8481682300464988,0.013414965535229131,1069.9356217804595,1.0,1
ds4,23,235.75,1,1,test,14.266826261176625,1112.9296197434837,2.381897566296593,0.00959880773115498,1127.1964460046604,1.0,1
ds4,23,236.25,1,1,test,12.263392251255173,1089.6826782743512,1.2677146575972051,0.01012832446933976,1101.9460705256065,1.0,1
ds4,23,236.75,1,1,test,11.873514305094991,1096.1840327983396,1.949922689202792,0.008286842693322348,1108.0575471034344,1.0,1
ds4,23,237.25,1,1,test,11.845033774774743,1146.592597350349,2.2585169626129393,0.010442192321704217,1158.4376311251237,1.0,1
ds4,23,237.75,1,1,test,11.304623488064202,1152.9676206930685,1.9382517985539882,0.009008956743566022,1164.2722441811327,1.0,1
ds4,23,238.25,1,1,test,12.766582673041524,1147.7658292526078,1.8241447920348317,0.010356610155476556,1160.5324119256493,1.0,1
ds4,23,238.75,1,1,test,12.90645406751951,1155.4989687038183,1.5740768271432934,0.009593439752114814,1168.4054227713377,1.0,1
ds4,23,239.25,1,1,test,11.227322163968404,1191.7445464349946,1.3687621964319003,0.008869152113029301,1202.971868598963,1.0,1
ds4,23,239.75,1,1,test,12.230126973539166,1197.995238584726,1.4315901495366528,0.012607259717007848,1210.2253655582651,1.0,1
ds4,23,240.25,1,1,test,13.134146499143858,1186.6650149240616,1.9048086816237522,0.011919346046962697,1199.7991614232053,1.0,1
ds4,23,240.75,1,1,test,18.278180873743516,1182.3053478252552,1.3097762341299806,0.010955747210302949,1200.5835286989989,1.0,1
ds4,23,241.25,1,1,test,5.89302825948714,1231.0045199076606,1.937966716548556,0.010093881021429855,1236.8975481671478,1.0,1
ds4,23,241.75,1,1,test,3.767467196448284,1194.7267997005922,1.629635534581986,0.008228706942481066,1198.4942668970405,1.0,1
ds4,23,242.25,1,1,test,6.59582512937299,1203.2054086396913,2.094547450955836,0.011925599446557826,1209.8012337690643,1.0,1
ds4,23,242.75,1,1,test,4.8372048894577295,1176.6615330359882,1.52302925421075,0.009923539363594174,1181.498737925446,1.0,1
ds4,23,243.25,1,1,test,3.420034169109007,1239.9085766904955,1.3313247438892335,0.01027876819265135,1243.3286108596044,1.0,1
ds4,23,243.75,1,1,test,6.329166390999191,1189.6317780739369,0.9046035027479136,0.01054085683140822,1195.9609444649361,1.0,1
ds4,23,244.25,1,1,test,5.61910676953898,1143.1336182028515,1.5870832382258075,0.0080488451526501,1148.7527249723905,1.0,1
ds4,23,244.75,1,1,test,4.610374276336507,1121.2785506680386,0.9610014177210543,0.009092950200364686,1125.888924944375,1.0,1
ds4,23,245.25,1,1,test,3.6459008258082477,1123.0984270770728,1.4533834681712159,0.008505883348788136,1126.744327902881,1.0,1
ds4,23,245.75,1,1,test,4.008754390886499,1117.739110052818,1.4335892553548135,0.008353569663898545,1121.7478644437044,1.0,1
ds4,23,246.25,1,1,test,3.8748015660394333,1114.605732678878,1.2107631326773003,0.011250141381961757,1118.4805342449174,1.0,1
ds4,23,246.75,1,1,test,3.167363380101999,1114.9225427207,1.3385863750134595,0.009347884945760655,1118.089906100802,1.0,1
ds4,23,247.25,1,1,test,2.6062838980094596,1110.782409014464,0.9387150357668418,0.010418752032430626,1113.3886929124735,1.0,1
ds4,23,247.75,1,1,test,6.7423767553488805,1070.4990210363258,1.9337251435654377,0.007602963444261145,1077.2413977916747,1.0,1
ds4,23,248.25,1,1,test,1.590444029519183,1081.1861852076888,1.0713368943120765,0.009574999130404382,1082.776629237208,1.0,1
ds4,23,248.75,1,1,test,1.4917645178431196,1060.8751681020672,0.8527483313603407,0.009216423130778644,1062.3669326199104,1.0,1
ds4,23,249.25,1,1,test,1.1143515395817123,1061.9090610468052,2.1511442577571707,0.010330430540515419,1063.023412586387,1.0,1
ds4,23,249.75,1,1,test,1.0287382265868943,1023.1062515352259,0.7534015282903298,0.0074965900682646604,1024.1349897618127,1.0,1
ds4,23,250.25,1,1,test,2.9352272477398196,963.4141453317557,1.2026973162879258,0.014518106189423754,966.3493725794955,1.0,1
ds4,23,250.75,1,1,test,0.9390322156377496,947.2829181636089,0.5363885433660588,0.009678411247851192,948.2219503792467,1.0,1
ds4,23,251.25,1,1,test,1.505438428610049,881.4521963128716,0.7880382791004046,0.008464387959465098,882.9576347414817,1.0,1
ds4,23,251.75,1,1,test,8.727258196704037,923.7156924179066,1.096303587283119,0.01117494608977309,932.4429506146106,1.0,1
ds4,23,252.25,1,1,test,0.9826169174683509,815.9999417657428,0.5919974113900015,0.01024665474543077,816.9825586832112,1.0,1
ds4,23,252.75,1,1,test,2.448547392814597,827.1942425521711,1.0598202633603908,0.009480441299808488,829.6427899449857,1.0,1
ds4,23,253.25,1,1,test,13.08035145463258,769.430827242458,0.5319109850786577,0.011382684035237805,782.5111786970906,1.0,1
ds4,23,253.75,1,1,test,1.4161604614488943,729.9913944697437,0.934708526936882,0.01088936044231628,731.4075549311925,1.0,1
ds4,23,254.25,1,1,test,3.1543669968628563,666.084345359637,0.46688754739820143,0.008917336443771434,669.2387123565,1.0,1
ds4,23,254.75,1,1,test,2.232992656906774,658.4011317756302,0.42090306697257196,0.00880580771743531,660.634124432537,1.0,1
ds4,23,255.25,1,1,test,2.4021083346695806,621.4039292967985,0.46230544690374353,0.009848576365199669,623.8060376314681,1.0,1
ds4,23,255.75,1,1,test,3.2535337901937402,574.3624743098092,0.4909014634966162,0.005930569385650567,577.6160081000029,1.0,1
ds4,23,256.25,1,1,test,7.9631357917085985,558.3151410852189,0.7502159112716377,0.007570565781154141,566.2782768769275,1.0,1
ds4,23,256.75,1,1,test,13.217761883935522,460.2135507835998,0.5614611731083577,0.005364291513848165,473.43131266753534,1.0,1
ds4,23,257.25,1,1,test,9.029959533979124,477.08000983791777,0.5742078848044091,0.009009633402643718,486.1099693718969,1.0,1
ds4,23,257.75,1,1,test,10.166429490567664,386.10862460865866,20.987975579840302,0.008621248384868477,396.27505409922634,1.0,1
ds4,23,258.25,1,1,test,8.702409053748065,370.9151916463544,0.7174535682206817,0.010292343917813336,379.61760070010246,1.0,1
ds4,23,258.75,1,1,test,9.564696804905768,309.23821953440756,0.5569316651857638,0.009092115251027598,318.80291633931336,1.0,1
ds4,23,259.25,1,1,test,15.320710065029548,280.57015024264547,0.2677800763572186,0.006754934806201665,295.89086030767504,1.0,1
ds4,23,259.75,1,1,test,13.41275878242688,263.2277202452362,0.6554561916002261,0.008885875314971436,276.64047902766305,1.0,1
ds4,23,260.25,1,1,test,12.071269345013336,215.2900745170627,0.3910482299359601,0.00544309653755914,227.36134386207604,1.0,1
ds4,23,260.75,1,1,test,13.256419362408895,189.93946462287397,1.5426805524911853,0.005454239947487958,203.19588398528288,1.0,1
ds4,23,261.25,1,1,test,13.910598843729836,174.62606831862962,0.2898475046863659,0.005373443032289777,188.53666716235946,1.0,1
ds4,23,261.75,1,1,test,14.409567730750226,155.60014028157198,18.283522596764826,0.005429709658898929,170.00970801232222,1.0,1
ds4,23,262.25,1,1,test,24.815429761677112,156.09871039033612,0.12319509567580239,0.008581583436724662,180.91414015201323,1.0,1
ds4,23,262.75,1,1,test,20.010381184530367,174.3792400070233,0.29396817345056725,0.005387167766328473,194.38962119155366,1.0,1
ds4,23,263.25,1,1,test,19.451698530192118,170.48312871071747,4.546195675885627,0.005357664575213222,189.93482724090958,1.0,1
ds4,23,263.75,1,1,test,20.14695164723223,207.496661774727,3.765975430993278,0.0035072226502456108,227.64361342195923,1.0,1
ds4,23,264.25,1,1,test,22.18964789785149,207.21297516103772,0.48492306828129267,0.005715975457170575,229.40262305888922,1.0,1
ds4,23,264.75,1,1,test,39.651251033017225,263.91427674724383,1.155812839909922,0.005720315272242019,303.56552778026105,1.0,1
ds4,23,265.25,1,1,test,28.927886279928778,273.70287395378233,1.1226838297783297,0.004542541420739112,302.6307602337111,1.0,1
ds4,23,265.75,1,1,test,29.51144204512877,316.92028741822213,1.929934370238811,0.004419054425211607,346.4317294633509,1.0,1
ds4,23,266.25,1,1,test,31.284340540492725,354.01087599091363,1.6928432234605157,0.005397483736332764,385.29521653140637,1.0,1
ds4,23,266.75,1,1,test,41.5936588879461,391.02614345256325,0.930324399963661,0.00613305781814262,432.61980234050935,1.0,1
ds4,23,267.25,1,1,test,41.09189508389343,555.1434041502038,0.2569638854660302,0.0043645835060693566,596.2352992340972,1.0,1
ds4,23,267.75,1,1,test,42.72052808777073,638.4002844059444,0.44090210796497725,0.005623634175062145,681.1208124937151,1.0,1
ds4,23,268.25,1,1,test,42.30071626002509,714.2768881484968,0.2615365949456216,0.004272048620750242,756.5776044085219,1.0,1
ds4,23,268.75,1,1,test,44.967482367406795,813.6735272480453,1.0669528507139474,0.004192188367259313,858.641009615452,1.0,1
ds4,23,269.25,1,1,test,46.910501546159,934.2890736343022,38.58137231783554,0.010196349630401396,981.1995751804612,1.0,1
ds4,23,269.75,1,1,test,50.051109596108354,962.7568044293556,3.5451570861002843,0.0054973312512155495,1012.807914025464,1.0,1
ds4,23,270.25,1,1,test,51.57808597015799,1009.6383238256809,1.2404784897391719,0.009687893757814484,1061.216409795839,1.0,1
ds4,23,270.75,1,1,test,60.68127718222883,1179.244729631831,2.25577285150246,0.006470844000371315,1239.9260068140597,1.0,1
ds4,23,271.25,1,1,test,57.51404975471214,1279.1256149406788,0.37180208286419436,0.006149585958880205,1336.639664695391,1.0,1
ds4,23,271.75,1,1,test,53.22319205663316,1276.4942072173378,1.4660419417385007,0.01283974469513839,1329.717399273971,1.0,1
ds4,23,272.25,1,1,test,54.59768894825608,1267.5326365155051,1.5336405675522136,0.006380065405341037,1322.1303254637612,1.0,1
ds4,23,272.75,1,1,test,54.02800187818432,1368.986077326412,2.2167968177837203,0.0020163598523321377,1423.0140792045963,1.0,1
ds4,23,273.25,1,1,test,53.759985794979244,1302.763844946797,1.2748952430336606,0.003056704270539903,1356.5238307417762,1.0,1
ds4,23,273.75,1,1,test,54.771187302392946,1286.4438675876772,0.11779502385061613,0.00553349809348987,1341.2150548900702,1.0,1
ds4,23,274.25,1,1,test,55.68844544202421,1353.5390179751423,1.5957072699521746,0.005761631269607404,1409.2274634171665,1.0,1
ds4,23,274.75,1,1,test,53.26004130636893,1270.058923896658,2.2299404347732414,0.004716572978193206,1323.318965203027,1.0,1
ds4,23,275.25,1,1,test,53.11120484319638,1263.3365592842017,0.06407264450977543,0.00486032328368166,1316.4477641273982,1.0,1
ds4,23,275.75,1,1,test,55.78662973714656,1254.77479350512,3.017896510504549,0.0042952931062777795,1310.5614232422665,1.0,1
ds4,23,276.25,1,1,test,56.394269109776936,1160.3552239212213,1.2158547905100576,0.00393023779234902,1216.7494930309983,1.0,1
ds4,23,276.75,1,1,test,55.806534386924405,1207.2641943122067,0.0950343606709899,0.004689316446183066,1263.070728699131,1.0,1
ds4,23,277.25,1,1,test,53.28596233539803,1194.425646739761,0.9102298524127942,0.00769166737656077,1247.711609075159,1.0,1
ds4,23,277.75,1,1,test,52.34659117412926,1139.8963210788993,0.8333857596725492,0.006785586593795901,1192.2429122530286,1.0,1
ds4,23,278.25,1,1,test,51.15303385184918,1160.1690910746943,0.4703712427766367,0.00440735399023484,1211.3221249265434,1.0,1
ds4,23,278.75,1,1,test,49.457720587130694,1041.6205792741341,1.3496354001190798,0.007104241962748316,1091.078299861265,1.0,1
ds4,23,279.25,1,1,test,49.41214394147476,1080.8691225905027,0.7526072095713163,0.005916097257356935,1130.2812665319775,1.0,1
ds4,23,279.75,1,1,test,48.94368563148313,1039.2748555395244,0.4595845830083221,0.007189530318310303,1088.2185411710075,1.0,1
ds4,23,280.25,1,1,test,48.98557781158755,892.8260509790194,1.0408100358360113,0.003202952446211224,941.811628790607,1.0,1
ds4,23,280.75,1,1,test,47.575823217586645,888.2984171325835,0.3753998576904384,0.008043672866790714,935.8742403501701,1.0,1
ds4,23,281.25,1,1,test,47.00593452445857,797.006511706052,0.5102146011395952,0.0055742599031397035,844.0124462305106,1.0,1
ds4,23,281.75,1,1,test,45.24267826781812,736.2532116311068,0.14360688381352105,0.011413156839873399,781.4958898989248,1.0,1
ds4,23,282.25,1,1,test,45.83269298319135,644.5469142011084,2.023230634541112,0.005644791289435613,690.3796071842997,1.0,1
ds4,23,282.75,1,1,test,42.815272438472284,631.9501697229158,0.08300978896022614,0.0039986297859312524,674.7654421613881,1.0,1
ds4,23,283.25,1,1,test,41.368278726188294,624.6174753469261,0.41507455115467917,0.008822709380637596,665.9857540731143,1.0,1
ds4,23,283.75,1,1,test,39.217498942712304,572.4277794427161,0.7646820113508093,0.007137706205757321,611.6452783854284,1.0,1
ds4,23,284.25,1,1,test,37.68309485702873,530.0536886981828,1.7490141156384613,0.007624706826245068,567.7367835552116,1.0,1
ds4,23,284.75,1,1,test,37.95950021601192,466.13811302350314,0.19484076647413665,0.005568688015914539,504.09761323951506,1.0,1
ds4,23,285.25,1,1,test,39.35597032350448,432.80643807055105,1.5522905215936795,0.005707545467991528,472.16240839405555,1.0,1
ds4,23,285.75,1,1,test,36.822913893434105,443.95615421734544,1.254064943749622,0.005259389135273589,480.7790681107796,1.0,1
ds4,23,286.25,1,1,test,35.418825691408365,393.7562941705995,0.5385691189931237,0.008806748884680284,429.1751198620079,1.0,1
ds4,23,286.75,1,1,test,32.79156152484916,352.4400815034913,0.22741971509936781,0.008894517429578105,385.23164302834044,1.0,1
ds4,23,287.25,1,1,test,36.11995522614675,312.79056636109243,0.248649004520579,0.007511510106917118,348.9105215872392,1.0,1
ds4,23,287.75,1,1,test,29.466569789242282,303.260678090749,0.5033516151604253,0.010492109226691148,332.7272478799913,1.0,1
ds4,23,288.25,1,1,test,24.366906673358663,285.028014321465,0.49909095306997514,0.007168350970452721,309.3949209948236,1.0,1
ds4,23,288.75,1,1,test,22.287103011185305,255.52639371883916,0.39984891484218926,0.006565559424957772,277.81349673002444,1.0,1
ds4,23,289.25,1,1,test,22.379909031535053,241.7775338806324,0.34329940553877597,0.0051118843467643895,264.1574429121675,1.0,1
ds4,23,289.75,1,1,test,21.703771479993787,250.79516230477455,1.179311675576863,0.006347455680744882,272.4989337847683,1.0,1
ds4,23,290.25,1,1,test,20.827387258773864,223.59007431613415,0.8141738112816406,0.01019335411816994,244.417461574908,1.0,1
ds4,23,290.75,1,1,test,25.33857615075049,198.96570675227645,0.5525633766107928,0.010452471353358793,224.30428290302694,1.0,1
ds4,23,291.25,1,1,test,19.683156391853878,178.92843476197973,0.20739942084800964,0.007263821823626132,198.61159115383361,1.0,1
ds4,23,291.75,1,1,test,20.122609251763738,176.91017326681015,0.5300963482701603,0.007129614940760987,197.0327825185739,1.0,1
ds4,23,292.25,1,1,test,27.049275923982027,164.91336393043156,0.4981236542474275,0.00568501863777232,191.9626398544136,1.0,1
ds4,23,292.75,1,1,test,17.723269731265088,147.52383862474915,0.3425991009771079,0.008462938323316363,165.24710835601422,1.0,1
ds4,23,293.25,1,1,test,16.10428880125424,138.5207605390502,0.5821709725034951,0.00677677317979629,154.62504934030443,1.0,1
ds4,23,293.75,1,1,test,15.121138476455862,138.43696716009882,0.3913009211364619,0.008219098003909976,153.55810563655467,1.0,1
ds4,23,294.25,1,1,test,14.581763049619395,122.19462006808983,0.30659629356069246,0.004223519664054169,136.77638311770923,1.0,1
ds4,23,294.75,1,1,test,14.18659585082071,118.90663293346996,0.3190715223992924,0.00963118364996603,133.0932287842907,1.0,1
ds4,23,295.25,1,1,test,13.584849987780753,117.65848983770606,0.5965940892310277,0.005570682739728986,131.2433398254868,1.0,1
ds4,23,295.75,1,1,test,12.493854456293255,115.37827177943856,0.6815088928943444,0.006117907852041068,127.87212623573181,1.0,1
ds4,23,296.25,1,1,test,13.905572157220206,128.25848546660865,0.35122781419360605,0.007869999798848937,142.16405762382885,1.0,1
ds4,23,296.75,1,1,test,14.5416366387758,121.78289960812704,0.48348994808768614,0.007530903651753604,136.32453624690285,1.0,1
ds4,23,297.25,1,1,test,13.589239254412746,128.93697475030103,0.9893836510333617,0.007898372474158935,142.52621400471378,1.0,1
ds4,23,297.75,1,1,test,15.503817329310358,137.69657276953896,0.7278727980553351,0.0074597111250415795,153.2003900988493,1.0,1
ds4,23,298.25,1,1,test,15.688287869817595,139.66181542787686,0.47044266807518287,0.008523194518539704,155.35010329769446,1.0,1
ds4,23,298.75,1,1,test,13.782504467775768,129.54846414433612,0.28039194719338373,0.00833520608596623,143.3309686121119,1.0,1
ds4,23,299.25,1,1,test,13.53869790201399,162.29978393256957,0.7096036862804169,0.009692065914043748,175.83848183458355,1.0,1
ds4,23,299.75,1,1,test,14.943953625364372,174.65165912120062,0.31152304358126526,0.004480952267254579,189.595612746565,1.0,1
ds4,23,300.25,1,1,test,14.478646255228625,166.8224514853415,0.42322320912126693,0.00913250092558948,181.30109774057013,1.0,1
ds4,23,300.75,1,1,test,13.552204181036098,190.73789046397562,0.7473184221172489,0.0048998767611966405,204.29009464501172,1.0,1
ds4,23,301.25,1,1,test,11.756207976337727,181.12691484833056,0.34865554685224104,0.011443469722327062,192.88312282466828,1.0,1
ds4,23,301.75,1,1,test,12.165242205847065,219.32974223142634,0.3601169978834013,0.005725693265818786,231.4949844372734,1.0,1
ds4,23,302.25,1,1,test,12.364298546214622,238.99163441682163,0.4739247055133409,0.0074989200914990116,251.35593296303625,1.0,1
ds4,23,302.75,1,1,test,12.86240678006076,254.0207281364936,1.2620875207721864,0.01452746964233461,266.88313491655435,1.0,1
ds4,23,303.25,1,1,test,13.305651546747768,280.08899246601544,0.746052824375101,0.008228201539110754,293.3946440127632,1.0,1
ds4,23,303.75,1,1,test,13.800391009704875,290.3611960083181,0.7272338883827368,0.006046605411537793,304.16158701802294,1.0,1
ds4,23,304.25,1,1,test,14.082918298529153,260.22369292269013,0.5345075459324066,0.011738337872659944,274.30661122121927,1.0,1
ds4,23,304.75,1,1,test,12.984233152757527,286.5253735498725,0.5952032480784837,0.011070918440044009,299.50960670263004,1.0,1
ds4,23,305.25,1,1,test,13.422056209710295,299.66877771297374,0.28341042921710186,0.010793969581104715,313.09083392268406,1.0,1
ds4,23,305.75,1,1,test,11.778231538119055,303.9676695286384,0.9374183928904906,0.009057337933614414,315.7459010667574,1.0,1
ds4,23,306.25,1,1,test,11.50803626459429,325.52716574346107,1.0753938585698535,0.005218147595666643,337.03520200805536,1.0,1
ds4,23,306.75,1,1,test,12.865157166340627,354.98205434751117,0.2940291768490478,0.006309950274093576,367.8472115138518,1.0,1
ds4,23,307.25,1,1,test,12.306793931718582,374.6443812610753,10.890097464591188,0.008028488930563576,386.95117519279387,1.0,1
ds4,23,307.75,1,1,test,20.09302159170169,361.771406530903,0.3588715531800685,0.010267746439261684,381.8644281226047,1.0,1
ds4,23,308.25,1,1,test,16.042946951711887,412.235362675497,0.40602039899905573,0.01012021743490743,428.2783096272089,1.0,1
ds4,23,308.75,1,1,test,14.49652317814999,435.86662160297976,0.16476560464616433,0.008950019258619326,450.36314478112973,1.0,1
ds4,23,309.25,1,1,test,13.127263853743347,446.18545978681453,1.0759350623606232,0.005971081996728286,459.31272364055786,1.0,1
ds4,23,309.75,1,1,test,12.884533986980232,483.32290302562666,0.7256151307479972,0.0057175837542406014,496.2074370126069,1.0,1
ds4,23,310.25,1,1,test,13.429773244861332,483.20845972909433,0.2675106305126184,0.006696657612189791,496.63823297395567,1.0,1
ds4,23,310.75,1,1,test,11.752874779693332,476.0621389722605,0.5966553618605194,0.00691883979576164,487.81501375195387,1.0,1
ds4,23,311.25,1,1,test,10.328537091022698,484.40900171186564,1.6333709349971217,0.011087727224944473,494.73753880288837,1.0,1
ds4,23,311.75,1,1,test,10.189270523481046,542.9993037203612,0.8824580026272523,0.009410456756189858,553.1885742438423,1.0,1
ds4,23,312.25,1,1,test,7.90477649171146,533.4023623341993,0.9558148442096065,0.007669812550824266,541.3071388259108,1.0,1
ds4,23,312.75,1,1,test,7.620567620771412,557.3259331834756,0.9825198722214737,0.008064110042248345,564.9465008042471,1.0,1
ds4,23,313.25,1,1,test,8.3649277576254,619.2497755073451,0.3509074157748937,0.007063554605915415,627.6147032649706,1.0,1
ds4,23,313.75,1,1,test,6.336769817703533,624.3161535613613,0.3201334570300771,0.009698119580955839,630.6529233790648,1.0,1
ds4,23,314.25,1,1,test,8.00175278051006,652.7165030812296,0.37416405737692726,0.009002311295320298,660.7182558617396,1.0,1
ds4,23,314.75,1,1,test,5.904056831851641,662.8129682290962,0.4183748989630983,0.008468056008085664,668.7170250609479,1.0,1
ds4,23,315.25,1,1,test,5.08964398196879,710.0200084001843,1.1065820348075615,0.008029642253653345,715.1096523821532,1.0,1
ds4,23,315.75,1,1,test,6.99313932768529,703.1933188659812,0.768621363818114,0.009120010379460267,710.1864581936665,1.0,1
ds4,23,316.25,1,1,test,5.331651689556483,694.9642282281413,0.9076020773137033,0.012550802150461407,700.2958799176978,1.0,1
ds4,23,316.75,1,1,test,5.873867846332991,724.9429028365048,1.0801910534810693,0.009267723677647924,730.8167706828378,1.0,1
ds4,23,317.25,1,1,test,5.788489717305853,758.9512544858061,0.9410027056413531,0.009855473664177595,764.739744203112,1.0,1
ds4,23,317.75,1,1,test,5.700504382695024,780.1979978637274,0.49073725965828685,0.0068020378134848215,785.8985022464225,1.0,1
ds4,23,318.25,1,1,test,7.0245649905513075,864.0449634877652,0.3554830052558862,0.008978860757396975,871.0695284783166,1.0,1
ds4,23,318.75,1,1,test,5.7883986544593125,881.2851147550485,0.4923492236733405,0.011577284642881519,887.0735134095079,1.0,1
ds4,23,319.25,1,1,test,6.506550282138206,917.7932771303276,0.4433325975523715,0.007664027826077456,924.2998274124658,1.0,1
ds4,23,319.75,1,1,test,6.237783752768967,921.1411665965645,0.8513764335701457,0.009197246088304984,927.3789503493335,1.0,1
ds4,23,320.25,1,1,test,6.463894963742277,889.9356737898837,0.5596043521045982,0.0087542017035358,896.399568753626,1.0,1
ds4,23,320.75,1,1,test,7.417272676715035,941.6179090065395,1.3686721993359356,0.007217836848254464,949.0351816832546,1.0,1
ds4,23,321.25,1,1,test,6.382066706742541,930.8676786484177,0.9251296187261899,0.006185215537266726,937.2497453551603,1.0,1
ds4,23,321.75,1,1,test,5.207163114512334,906.4767197738015,1.236637123886373,0.009664171862738933,911.6838828883139,1.0,1
ds4,23,322.25,1,1,test,5.048046790536559,923.169020495051,0.5788788647725138,0.010671624129410763,928.2170672855875,1.0,1
ds4,23,322.75,1,1,test,5.568960623835232,918.2302598186953,1.0709933777875245,0.009651837250542255,923.7992204425306,1.0,1
ds4,23,323.25,1,1,test,7.000808156399851,923.3239133344345,0.419554159287877,0.007398105619875547,930.3247214908343,1.0,1
ds4,23,323.75,1,1,test,6.290232349887466,985.5646218150365,0.7263852201826276,0.007051920564459451,991.854854164924,1.0,1
ds4,23,324.25,1,1,test,7.61844918166974,930.5291781529526,0.6644361114939128,0.008367109068894322,938.1476273346223,1.0,1
ds4,23,324.75,1,1,test,13.249681307503076,997.4689266141596,1.0095531160644595,0.008708393419021052,1010.7186079216627,1.0,1
ds4,23,325.25,1,1,test,9.495902991794834,968.404331644986,1.2439245492313558,0.008318898547937053,977.9002346367809,1.0,1
ds4,23,325.75,1,1,test,10.70623424033599,976.0026230764701,0.6530225387684185,0.00762946082779941,986.7088573168061,1.0,1
ds4,23,326.25,1,1,test,11.023361166780331,989.9471738445229,0.30212429942086166,0.00833001754088607,1000.9705350113032,1.0,1
ds4,23,326.75,1,1,test,10.865969296322524,1002.8814231187832,0.44657507127298723,0.007157606781225875,1013.7473924151058,1.0,1
ds4,23,327.25,1,1,test,10.314418791107537,963.8011942065013,0.5330077247383515,0.007330923254807552,974.1156129976089,1.0,1
ds4,23,327.75,1,1,test,10.090027968848277,958.2850938758905,0.3645801553810969,0.012164404624433462,968.3751218447388,1.0,1
ds4,23,328.25,1,1,test,11.712374666198473,1016.7280352613623,0.7341669551554305,0.010585418303496854,1028.4404099275607,1.0,1
ds4,23,328.75,1,1,test,10.478153886430112,956.2368194486533,0.5729674502038697,0.00822701362419234,966.7149733350834,1.0,1
ds4,23,329.25,1,1,test,10.37243287773816,945.609063822854,0.39776793001754385,0.008684632435035282,955.9814967005921,1.0,1
ds4,23,329.75,1,1,test,10.304780025231729,926.8071224277334,0.7934887822209536,0.010046855526279574,937.1119024529651,1.0,1
ds4,23,330.25,1,1,test,10.821037204798575,912.2752332900436,1.2214601138143129,0.008787035439991054,923.0962704948422,1.0,1
ds4,23,330.75,1,1,test,11.522370690983662,923.3325799779792,0.828084885914206,0.008338885556759476,934.8549506689628,1.0,1
ds4,23,331.25,1,1,test,14.441853838897611,962.2488644145976,0.7152223477608219,0.011995908953213421,976.6907182534952,1.0,1
ds4,23,331.75,1,1,test,9.679106267965274,870.0435294528311,0.7006445900914939,0.009577218079939895,879.7226357207963,1.0,1
ds4,23,332.25,1,1,test,8.864580552011878,871.2931271697119,1.1171126121180275,0.010915214885841072,880.1577077217237,1.0,1
ds4,23,332.75,1,1,test,9.94180332192138,844.6680062531112,1.164088431379192,0.006976206367373299,854.6098095750326,1.0,1
ds4,23,333.25,1,1,test,9.966131813833986,841.2167523496379,0.4120409421314315,0.00988820998264835,851.1828841634718,1.0,1
ds4,23,333.75,1,1,test,9.842606648978798,858.3800217933356,0.5645940991026611,0.0074318019324935685,868.2226284423143,1.0,1
ds4,23,334.25,1,1,test,10.79017969935351,867.9161553898588,1.9725015110615758,0.008744066265875977,878.7063350892123,1.0,1
ds4,23,334.75,1,1,test,11.209967075836765,898.9858513696963,0.6118232895805906,0.009943102629789128,910.1958184455331,1.0,1
ds4,23,335.25,1,1,test,10.901651041181628,860.2203906498694,0.742624729753974,0.007273139680511766,871.122041691051,1.0,1
ds4,23,335.75,1,1,test,8.077061106234682,890.3419686838959,0.5348836328529227,0.007097655328265864,898.4190297901306,1.0,1
ds4,23,336.25,1,1,test,8.013903018803564,930.6170295501013,0.48353984037950637,0.00883711367778005,938.6309325689049,1.0,1
ds4,23,336.75,1,1,test,7.268489504944533,892.6928775719119,0.7928826572287359,0.009880954227095638,899.9613670768565,1.0,1
ds4,23,337.25,1,1,test,6.580628557762733,852.2825957372379,0.8560932839898077,0.007217673532076114,858.8632242950006,1.0,1
ds4,23,337.75,1,1,test,7.874621502364166,810.977389611373,0.7597111307621115,0.011781341475007139,818.8520111137373,1.0,1
ds4,23,338.25,1,1,test,7.551663600975906,852.8629430415377,1.1595208780839301,0.009683401209146163,860.4146066425136,1.0,1
ds4,23,338.75,1,1,test,7.375522379373921,857.7554048081379,0.29933020647381525,0.00800137523037012,865.1309271875118,1.0,1
ds4,23,339.25,1,1,test,6.504123609097252,904.9358481650748,3.153452575101849,0.005468335787064533,911.4399717741721,1.0,1
ds4,23,339.75,1,1,test,6.297514226629973,845.5890905818566,0.24767318461769738,0.00882546965702989,851.8866048084866,1.0,1
ds4,23,340.25,1,1,test,7.686586077505099,838.107153415724,5.95712248808095,0.010396744815819974,845.7937394932292,1.0,1
ds4,23,340.75,1,1,test,5.66504120981022,801.4232045770752,0.8224495072312467,0.00785332182175263,807.0882457868854,1.0,1
ds4,23,341.25,1,1,test,4.7168697129150505,825.7446683401947,1.0765299187913535,0.005518757040386957,830.4615380531097,1.0,1
ds4,23,341.75,1,1,test,4.743914598430656,836.8170497880014,1.023015578623155,0.010936538672796895,841.5609643864321,1.0,1
ds4,23,342.25,1,1,test,4.0924052753241265,838.6945684627449,0.5720908948646646,0.0069889144175438464,842.786973738069,1.0,1
ds4,23,342.75,1,1,test,8.837507046077132,767.3437621395251,1.2316343230992342,0.004603498941134395,776.1812691856022,1.0,1
ds4,23,343.25,1,1,test,5.60888933775572,786.7605240880018,0.8362274955683368,0.004489531748442411,792.3694134257576,1.0,1
ds4,23,343.75,1,1,test,5.232714547330592,789.168757041127,1.421230180563762,0.006919642973883856,794.4014715884576,1.0,1
ds4,23,344.25,1,1,test,7.587456909349469,754.124340946657,1.031975972477297,0.009854651763793111,761.7117978560065,1.0,1
ds4,23,344.75,1,1,test,6.2348346442244065,810.6487505459012,0.6011232881588985,0.008850705196433953,816.8835851901256,1.0,1
ds4,23,345.25,1,1,test,7.907828993726948,789.4164105763614,0.4911809091704426,0.00907004857767277,797.3242395700884,1.0,1
ds4,23,345.75,1,1,test,7.322801484298004,799.7440406256902,1.0493246407794907,0.009834458283561666,807.0668421099882,1.0,1
ds4,23,346.25,1,1,test,8.922666098407698,871.8569510132276,2.118151818276629,0.0063728604177377005,880.7796171116353,1.0,1
ds4,23,346.75,1,1,test,8.427202415663217,816.5517401304515,1.0107396231457924,0.008730141218737764,824.9789425461148,1.0,1
ds4,23,347.25,1,1,test,9.677020141963709,777.5742718562732,0.9406222681943978,0.009684698708310216,787.2512919982369,1.0,1
ds4,23,347.75,1,1,test,8.520384408515197,780.5236753730101,0.550977578585729,0.007844773341556616,789.0440597815252,1.0,1
ds4,23,348.25,1,1,test,9.642100338200127,792.4885609991227,0.8820928541429425,0.008760499694167923,802.1306613373229,1.0,1
ds4,23,348.75,1,1,test,8.493336343094672,843.3554675790273,3.0924863984284507,0.007584996240891462,851.848803922122,1.0,1
ds4,23,349.25,1,1,test,10.278558347660532,858.4740094366156,0.519472383086107,0.009915691487018399,868.7525677842762,1.0,1
ds4,23,349.75,1,1,test,8.900578178397026,878.7189019222793,0.7987272771183263,0.009288610525119544,887.6194801006764,1.0,1
ds4,23,350.25,1,1,test,8.345223719821387,883.7401184511615,0.5662332956024403,0.011637598904010935,892.0853421709829,1.0,1
ds4,23,350.75,1,1,test,11.21661776791816,873.9492645223754,2.5352458769987765,0.00772419009722691,885.1658822902936,1.0,1
ds4,23,351.25,1,1,test,8.594766018318163,862.8076207228518,0.6121706745080835,0.009577244760995305,871.40238674117,1.0,1
ds4,23,351.75,1,1,test,8.189008028096223,979.0790172500688,0.4263261860151826,0.006226628886537411,987.2680252781649,1.0,1
ds4,23,352.25,1,1,test,7.981122019536279,957.5109396575476,0.31519527442359047,0.008202061712376484,965.4920616770839,1.0,1
ds4,23,352.75,1,1,test,9.109552656073612,861.62185098107,0.6653787089117439,0.005582609090306601,870.7314036371436,1.0,1
ds4,23,353.25,1,1,test,7.954042262475572,913.7950202401881,0.5292760244582908,0.013338213150193448,921.7490625026637,1.0,1
ds4,23,353.75,1,1,test,8.699222089883333,883.4284942572476,0.7292749202659848,0.010357423147965082,892.1277163471309,1.0,1
ds4,23,354.25,1,1,test,9.366071653813217,817.7795535269194,1.7613453539163253,0.006823325406639655,827.1456251807326,1.0,1
ds4,23,354.75,1,1,test,7.764316939953477,844.6405029911647,0.20427447782306252,0.005485296773527408,852.4048199311181,1.0,1
ds4,23,355.25,1,1,test,9.069124755304426,811.2714512026848,1.2216729568466573,0.005981967980608152,820.3405759579892,1.0,1
ds4,23,355.75,1,1,test,9.373319717614134,839.8279144587239,0.7229378941639848,0.010183348689198846,849.201234176338,1.0,1
ds4,23,356.25,1,1,test,8.066299237360955,831.7954987292752,0.5346450602530642,0.005464273968218903,839.8617979666361,1.0,1
ds4,23,356.75,1,1,test,8.455741861264826,781.0851168384246,1.9999194185862406,0.009130588509685738,789.5408586996895,1.0,1
ds4,23,357.25,1,1,test,9.131532332295455,681.2955506534315,1.1312671135635792,0.010358153100104725,690.427082985727,1.0,1
ds4,23,357.75,1,1,test,7.404056297448068,686.8051672594358,0.9698358510872991,0.011812833084149878,694.2092235568839,1.0,1
ds4,23,358.25,1,1,test,6.8738880208020845,694.2674935512965,0.37291992959140235,0.008032263831649877,701.1413815720986,1.0,1
ds4,23,358.75,1,1,test,6.528667240652271,725.7976234299217,0.7174644794169484,0.011791345860916295,732.3262906705739,1.0,1
ds4,23,359.25,1,1,test,5.734401362471248,731.8065292625595,0.36389816675481446,0.009558471331642957,737.5409306250307,1.0,1
ds4,23,359.75,1,1,test,5.797985405310582,708.4644197695112,0.9166168606314298,0.00850320065133532,714.2624051748218,1.0,1
ds4,23,360.25,1,1,test,7.163990088063549,777.1694766133154,0.9892676063173144,0.006912037041809058,784.3334667013789,1.0,1
ds4,23,360.75,1,1,test,6.061317045102306,717.0991198165437,0.970176268603712,0.00863733847986566,723.1604368616461,1.0,1
ds4,23,361.25,1,1,test,5.346554828486881,734.9107007880511,0.5730187677430965,0.011930076599421028,740.257255616538,1.0,1
ds4,23,361.75,1,1,test,5.391475918893179,763.785512283246,0.3440160441020283,0.006325198813591942,769.1769882021392,1.0,1
ds4,23,362.25,1,1,test,5.847692716648382,744.8756681574118,0.8852888298785885,0.011574329862288436,750.7233608740602,1.0,1
ds4,23,362.75,1,1,test,5.174934490439381,715.3532515236535,0.6554578154994783,0.007324249495449262,720.5281860140929,1.0,1
ds4,23,363.25,1,1,test,5.779134259255047,732.3374868596711,0.8755453086230215,0.012005664491435638,738.1166211189262,1.0,1
ds4,23,363.75,1,1,test,5.331933802375366,745.7216344689344,0.5451308692423474,0.010931465410066322,751.0535682713098,1.0,1
ds4,23,364.25,1,1,test,4.774857021209648,703.2702777077834,0.44730966880272593,0.010632551114058982,708.045134728993,1.0,1
ds4,23,364.75,1,1,test,5.477831708926182,725.4037849898014,1.0369171989761121,0.005607356608096651,730.8816166987275,1.0,1
ds4,23,365.25,1,1,test,4.48295722548342,695.306961635372,0.8127915096365579,0.010053678614255187,699.7899188608554,1.0,1
ds4,23,365.75,1,1,test,4.141721571732969,708.9952132870453,0.4435729759563706,0.0076056965281743215,713.1369348587783,1.0,1
ds4,23,366.25,1,1,test,4.699503854941145,694.8982255216947,1.4922067730185846,0.00965929516348797,699.5977293766358,1.0,1
ds4,23,366.75,1,1,test,3.6528872184451755,696.7740545373193,0.42747916656360513,0.009512684753385453,700.4269417557645,1.0,1
ds4,23,367.25,1,1,test,3.4277062160890153,676.8776379510768,0.9495093570256778,0.011615074182377644,680.3053441671659,1.0,1
ds4,23,367.75,1,1,test,3.0982183291928895,699.2876881867488,0.5000245915734775,0.00885324397852192,702.3859065159418,1.0,1
ds4,23,368.25,1,1,test,4.6841112271912735,720.0895374989067,0.7150135716909424,0.007486962676008174,724.7736487260979,1.0,1
ds4,23,368.75,1,1,test,3.5711235348767114,688.8984725965428,1.0873140734344082,0.006779860824927854,692.4695961314195,1.0,1
ds4,23,369.25,1,1,test,4.311160805170052,681.2886960445594,0.4585478329994423,0.006478919274691377,685.5998568497295,1.0,1
ds4,23,369.75,1,1,test,6.000763594150722,661.4730468894339,0.4942357913241194,0.007563307226648095,667.4738104835847,1.0,1
ds4,23,370.25,1,1,test,4.423641268864161,671.7998416943921,0.74820652464315,0.009039633910768802,676.2234829632562,1.0,1
ds4,23,370.75,1,1,test,3.294578080233545,650.6641940833703,1.025328895262964,0.011558501744875476,653.9587721636038,1.0,1
ds4,23,371.25,1,1,test,3.4913629863330553,664.9051571896327,0.533342088372664,0.008797206105815709,668.3965201759657,1.0,1
ds4,23,371.75,1,1,test,4.285491765092921,690.9134618900914,0.7283464371780833,0.010170052150812433,695.1989536551844,1.0,1
ds4,23,372.25,1,1,test,3.632500550834111,675.0105809315223,0.6755275229116948,0.007908990779974714,678.6430814823565,1.0,1
ds4,23,372.75,1,1,test,2.8958107249535394,672.1409689713086,0.4596687603473981,0.007266480976223377,675.0367796962621,1.0,1
ds4,23,373.25,1,1,test,3.7677292838336314,734.905028884293,1.3059774421363006,0.00936614314480754,738.6727581681266,1.0,1
ds4,23,373.75,1,1,test,3.849997796720335,723.5149339473504,0.4495339460943831,0.009568469313459975,727.3649317440708,1.0,1
ds4,23,374.25,1,1,test,2.650337465671347,690.2634437578716,0.5376690791285628,0.006832684551738665,692.913781223543,1.0,1
ds4,23,374.75,1,1,test,4.0071438595176705,697.4238977423374,0.4402351945616553,0.0045584294623098615,701.4310416018551,1.0,1
ds4,23,375.25,1,1,test,3.5356579349078796,664.0318053260057,0.7954961093363926,0.011116275231795631,667.5674632609137,1.0,1
ds4,23,375.75,1,1,test,4.219275539602548,668.6626089760007,0.6162626044929714,0.009533460249397047,672.8818845156032,1.0,1
ds4,23,376.25,1,1,test,2.7747831835871075,668.7926156292715,0.4695861991350099,0.010045526070917148,671.5673988128586,1.0,1
ds4,23,376.75,1,1,test,2.159335427333982,664.3045846186219,0.9083768912209095,0.0095303112805055,666.4639200459559,1.0,1
ds4,23,377.25,1,1,test,2.1235396608492714,631.0341611844252,0.5805158776082359,0.0076501239489630635,633.1577008452745,1.0,1
ds4,23,377.75,1,1,test,2.1185013753669812,619.6685960999052,0.5732494573548533,0.007417957138513201,621.7870974752723,1.0,1
ds4,23,378.25,1,1,test,2.1380080332703937,616.5062697786714,0.4508247908081685,0.010952946882416438,618.6442778119417,1.0,1
ds4,23,378.75,1,1,test,2.2271394405763965,616.2536630055023,0.4426651262067983,0.007587089691123532,618.4808024460787,1.0,1
ds4,23,379.25,1,1,test,3.3000700673583143,606.8706059967203,0.8352996352125469,0.00983960461184212,610.1706760640786,1.0,1
ds4,23,379.75,1,1,test,3.9964997288105817,600.487290945266,1.2552931342123035,0.009185980477809629,604.4837906740765,1.0,1
ds4,23,380.25,1,1,test,2.716008390718609,611.0668680511407,0.4741132756568536,0.011309992296276928,613.7828764418592,1.0,1
ds4,23,380.75,1,1,test,2.640626883696452,630.2212670281455,0.5796464637820589,0.006835096368810175,632.8618939118419,1.0,1
ds4,23,381.25,1,1,test,2.3436020457637636,670.8252908622121,0.6646252644020405,0.006343585766501216,673.1688929079759,1.0,1
ds4,23,381.75,1,1,test,3.243374877781777,676.0457967852192,1.0973007809156496,0.009495598146322197,679.289171663001,1.0,1
ds4,23,382.25,1,1,test,2.4135778780404764,669.4433632923767,1.2123037794892537,0.00927177690387761,671.8569411704171,1.0,1
ds4,23,382.75,1,1,test,3.671195546170861,654.8447229392343,1.095735569695183,0.009384582761017016,658.5159184854052,1.0,1
ds4,23,383.25,1,1,test,2.0932072928264165,612.6915165518886,0.4852608813457537,0.012955808243370857,614.784723844715,1.0,1
ds4,23,383.75,1,1,test,3.399162246405595,624.1699750142917,0.6912732620765826,0.008724992673726253,627.5691372606973,1.0,1
ds4,23,384.25,1,1,test,1.6269377566657763,584.4006843667787,0.5439749075869645,0.009230081569325511,586.0276221234445,1.0,1
ds4,23,384.75,1,1,test,1.1277285356912503,576.0385327879369,0.6234773207120243,0.009178940006933773,577.1662613236282,1.0,1
ds4,23,385.25,1,1,test,0.9070083258241509,558.1936809608653,0.46717124313128505,0.005617201442374495,559.1006892866894,1.0,1
ds4,23,385.75,1,1,test,1.3048120639844842,578.4027745176254,0.5334638244587121,0.009246110339306942,579.7075865816099,1.0,1
ds4,23,386.25,1,1,test,0.9046282679409439,580.1339291875785,0.428744364676673,0.0102553839271141,581.0385574555194,1.0,1
ds4,23,386.75,1,1,test,2.366427523769856,556.1482877034932,0.5143574788746628,0.006699462188547828,558.5147152272631,1.0,1
ds4,23,387.25,1,1,test,1.7995639748782868,559.8975714957867,1.0693763732476917,0.01133604785347746,561.697135470665,1.0,1
ds4,23,387.75,1,1,test,2.81853086478868,557.463026010015,0.7147683141976093,0.007318951411680146,560.2815568748038,1.0,1
ds4,23,388.25,1,1,test,2.1317976269645516,556.9224010224209,0.4755167155969376,0.006015029623370173,559.0541986493854,1.0,1
ds4,23,388.75,1,1,test,1.7447227052100664,548.7807601229076,0.7189174619821681,0.009541525708953388,550.5254828281177,1.0,1
ds4,23,389.25,1,1,test,2.036476352355939,564.3685611080285,1.0733993922482266,0.008144241890076861,566.4050374603845,1.0,1
ds4,23,389.75,1,1,test,2.3530077261404427,520.0185787489379,0.41599928358654326,0.008497225893673547,522.3715864750783,1.0,1
ds4,23,390.25,1,1,test,2.601755920390927,530.3164342688063,0.43029212422100127,0.009241627192515318,532.9181901891973,1.0,1
ds4,23,390.75,1,1,test,2.8891611668249886,493.08334610958707,0.6753962733289888,0.006096245231170801,495.97250727641205,1.0,1
ds4,23,391.25,1,1,test,2.444462802085887,478.9780309760438,0.8504190626143772,0.006896426861590316,481.42249377812965,1.0,1
ds4,23,391.75,1,1,test,3.129482313769963,490.51235102941416,0.4736139254859382,0.011481192591062875,493.64183334318415,1.0,1
ds4,23,392.25,1,1,test,1.3272930231385145,496.8805203126286,0.67619857552461,0.01002223344299708,498.2078133357671,1.0,1
ds4,23,392.75,1,1,test,0.7317684626913331,491.9787030884377,1.1473753715443495,0.0114968127992293,492.71047155112905,1.0,1
ds4,23,393.25,1,1,test,2.010082553549622,477.555633559615,0.44532993211982563,0.009996843653323472,479.5657161131646,1.0,1
ds4,23,393.75,1,1,test,1.0359340166966884,502.24529057871484,0.6260560590237764,0.00921992494330448,503.2812245954115,1.0,1
ds4,23,394.25,1,1,test,0.8399124909650657,498.2758380878493,0.518043087751815,0.008122264983195075,499.11575057881436,1.0,1
ds4,23,394.75,1,1,test,1.0624039186924699,531.4896912489985,1.3442841031833017,0.00593723066934269,532.5520951676909,1.0,1
ds4,23,395.25,1,1,test,1.383579068266829,522.4032204487826,1.89902471536767,0.008997690876121579,523.7867995170494,1.0,1
ds4,23,395.75,1,1,test,3.438448375479377,487.0268201231627,0.7290114253676065,0.012049015914755273,490.46526849864205,1.0,1
ds4,23,396.25,1,1,test,1.824057338800752,504.90750761336346,0.7164561917332943,0.006989884329185858,506.7315649521642,1.0,1
ds4,23,396.75,1,1,test,4.147360870395206,557.8802577580572,0.5800186547798479,0.007487344289560952,562.0276186284524,1.0,1
ds4,23,397.25,1,1,test,2.9404947808240967,491.8342336744432,0.46335943628469184,0.009740745965259472,494.77472845526734,1.0,1
ds4,23,397.75,1,1,test,3.6363220651323136,475.87135876387987,0.785582805628718,0.008613440824606858,479.5076808290122,1.0,1
ds4,23,398.25,1,1,test,3.1697421372040075,468.1006563713724,0.5252057019573781,0.010242835558477239,471.2703985085764,1.0,1
ds4,23,398.75,1,1,test,1.3271085785672545,485.12188462291135,0.5447672437876311,0.01045086958405147,486.44899320147863,1.0,1
ds4,23,399.25,1,1,test,3.042078435427964,513.3822961881367,1.3842161491376606,0.013106356655096517,516.4243746235646,1.0,1
ds4,23,399.75,1,1,test,0.896244922572434,515.4127917478762,0.670698805590557,0.009941292367348096,516.3090366704487,1.0,1
ds4,23,400.25,1,1,test,2.9018473019854465,506.1872717492564,1.3302270722356566,0.00792295268995304,509.0891190512419,1.0,1
ds4,23,400.75,1,1,test,1.0304667865315187,495.8501457084258,0.5249342502044679,0.010647867805700014,496.88061249495735,1.0,1
ds4,23,401.25,1,1,test,0.7583648418775547,465.2840369035057,0.7245993552398328,0.010302064401600357,466.04240174538324,1.0,1
ds4,23,401.75,1,1,test,0.5375148172206836,464.0440725209721,0.5547781655974771,0.00875344799659387,464.58158733819283,1.0,1
ds4,23,402.25,1,1,test,0.5284809618109281,479.36137606542076,0.5653191174715543,0.007876314030959758,479.8898570272317,1.0,1
ds4,23,402.75,1,1,test,2.1019559153236256,479.74165133132584,0.5053301971167714,0.011952873894512748,481.84360724664947,1.0,1
ds4,23,403.25,1,1,test,1.8766051674089614,443.93990141783235,0.9285976134926218,0.01084973520883437,445.8165065852413,1.0,1
ds4,23,403.75,1,1,test,2.8104000178038198,446.6314598528621,0.6632277382855112,0.0070385980570559755,449.44185987066595,1.0,1
ds4,23,404.25,1,1,test,2.7466603939778267,450.5663880967617,0.5553072403049989,0.007920425772004665,453.31304849073956,1.0,1
ds4,23,404.75,1,1,test,1.5972131446489828,432.0966511219306,0.5303325685656644,0.008766437335833188,433.6938642665796,1.0,1
ds4,23,405.25,1,1,test,2.5520697010109847,440.07130259446905,0.49603690781748333,0.007413019015753227,442.62337229548,1.0,1
ds4,23,405.75,1,1,test,2.2583727337677924,444.0438491555036,0.5075919239341932,0.00893590302603545,446.3022218892714,1.0,1
ds4,23,406.25,1,1,test,2.5476432995820573,433.648993629295,0.7792744543781417,0.007825667681272007,436.196636928877,1.0,1
ds4,23,406.75,1,1,test,3.66360772886975,426.36066511107214,0.8382513448292032,0.008033690170545397,430.0242728399419,1.0,1
ds4,23,407.25,1,1,test,2.903900982552965,386.74172986322367,0.47139896552799904,0.00811962584197178,389.6456308457766,1.0,1
ds4,23,407.75,1,1,test,3.427597839849556,401.75300504140546,3.4153152300224443,0.0075755878914292064,405.180602881255,1.0,1
ds4,23,408.25,1,1,test,3.151396333367351,387.6892386327448,0.5169030053676543,0.006538681177725706,390.84063496611213,1.0,1
ds4,23,408.75,1,1,test,3.4097561345341907,392.86440334476504,0.7770252077451378,0.009579094302893864,396.2741594792992,1.0,1
ds4,23,409.25,1,1,test,8.991416524230393,401.3110797529712,0.4615560811799782,0.006491075814775103,410.30249627720156,1.0,1
ds4,23,409.75,1,1,test,5.847039228008427,429.22607794019467,0.652681335185043,0.006682018003822948,435.0731171682031,1.0,1
ds4,23,410.25,1,1,test,4.582687031705197,400.7905818773153,1.7186531846367894,0.00737458471692749,405.37326890902045,1.0,1
ds4,23,410.75,1,1,test,5.155076054983882,409.9311055539973,0.3564781572476098,0.011122372490638457,415.08618160898124,1.0,1
ds4,23,411.25,1,1,test,6.245788777936057,390.31901063180885,0.3769443898037253,0.008216578493156048,396.5647994097449,1.0,1
ds4,23,411.75,1,1,test,6.316485297439762,390.282477759375,0.6593881079313192,0.012681390226156396,396.5989630568148,1.0,1
ds4,23,412.25,1,1,test,4.602577824099435,405.95464133104616,0.8426607435153846,0.012609985970878297,410.5572191551456,1.0,1
ds4,23,412.75,1,1,test,4.440441787795463,417.7917361889588,0.4008819921609398,0.006700853449183792,422.23217797675426,1.0,1
ds4,23,413.25,1,1,test,4.051281135851326,402.8359368935883,0.6684807481669033,0.01107436552889381,406.8872180294396,1.0,1
ds4,23,413.75,1,1,test,4.754054540853924,413.92619798328116,0.47124125671019246,0.007747062382990496,418.6802525241351,1.0,1
ds4,23,414.25,1,1,test,4.722060078467375,414.7063712086832,0.8452005600742192,0.008849338724707178,419.4284312871506,1.0,1
ds4,23,414.75,1,1,test,4.162470174577968,406.4205741240581,0.512342607068946,0.010833401849165415,410.583044298636,1.0,1
ds4,23,415.25,1,1,test,6.21157843054503,430.76528310279383,0.5010080098236469,0.008304873634136092,436.9768615333389,1.0,1
ds4,23,415.75,1,1,test,12.037486375521532,384.4635561234211,0.5846161510197192,0.007535347456190855,396.50104249894264,1.0,1
ds4,23,416.25,1,1,test,3.452463942105295,379.2089048533411,0.9724995561621222,0.01003394485716412,382.6613687954464,1.0,1
ds4,23,416.75,1,1,test,3.636587294228658,398.2617229837215,0.5173606781070996,0.010084782964764527,401.89831027795015,1.0,1
ds4,23,417.25,1,1,test,3.964729798481527,410.8975164737969,0.725959353978541,0.006100069025336969,414.8622462722784,1.0,1
ds4,23,417.75,1,1,test,5.8310051643610805,393.5202635845865,0.36040501834852473,0.009990377343288025,399.3512687489476,1.0,1
ds4,23,418.25,1,1,test,5.1007902525081255,379.01384562867463,0.6350541290081173,0.008348246185335428,384.1146358811828,1.0,1
ds4,23,418.75,1,1,test,4.1016047202012205,398.42210279918623,2.0236871610972167,0.006792232312653741,402.5237075193875,1.0,1
ds4,23,419.25,1,1,test,4.514872664932762,383.43511994705955,0.6519799879456759,0.004741857616436792,387.9499926119923,1.0,1
ds4,23,419.75,1,1,test,4.656738571969966,408.5090807152489,0.3956650505315842,0.004978325474091503,413.1658192872189,1.0,1
ds4,23,420.25,1,1,test,5.235091181275665,396.55444905932546,0.5243912756033082,0.010398225410377878,401.7895402406011,1.0,1
ds4,23,420.75,1,1,test,4.342371807928147,396.3430826140749,0.8079443330577216,0.006829770718982542,400.68545442200303,1.0,1
ds4,23,421.25,1,1,test,4.617010873304162,397.3435834321547,1.1166893673324185,0.010037900130691573,401.9605943054588,1.0,1
ds4,23,421.75,1,1,test,4.78312517354123,363.68348488074315,0.4826899656088545,0.006582376716068366,368.4666100542844,1.0,1
ds4,23,422.25,1,1,test,4.829589035116576,355.0326889299393,0.6204556994673985,0.013402728623307414,359.86227796505585,1.0,1
ds4,23,422.75,1,1,test,4.840031974267537,363.15991345709534,0.5721148149583606,0.006465428187328154,367.9999454313629,1.0,1
ds4,23,423.25,1,1,test,3.5884817349420435,361.8265930186419,0.49734696712212184,0.007822384526523183,365.41507475358395,1.0,1
ds4,23,423.75,1,1,test,3.6977261778267323,367.5795762654946,0.4011881437994553,0.009880710945212364,371.27730244332133,1.0,1
ds4,23,424.25,1,1,test,2.9350896589175726,378.73611693956695,0.42531814049245276,0.01021641752009086,381.6712065984845,1.0,1
ds4,23,424.75,1,1,test,4.219973765964048,368.02678440153335,0.459132939876977,0.009249808783338212,372.2467581674974,1.0,1
ds4,23,425.25,1,1,test,3.111564086504739,367.7181897984297,0.40504035386919984,0.008490507173437583,370.82975388493446,1.0,1
ds4,23,425.75,1,1,test,4.977171615125603,344.02661309801016,0.59135508206876,0.0072231529897780694,349.00378471313576,1.0,1
ds4,23,426.25,1,1,test,2.178879444824749,356.6638487674444,0.5807044122555733,0.010882322309460757,358.84272821226915,1.0,1
ds4,23,426.75,1,1,test,2.1160106067709408,338.2267505827112,0.613313103254035,0.007323100090205437,340.34276118948213,1.0,1
ds4,23,427.25,1,1,test,3.5113025755170533,334.05842228793006,0.44522663457271566,0.008431252753346198,337.5697248634471,1.0,1
ds4,23,427.75,1,1,test,2.8237765041780842,340.8959071691948,0.5503486849578042,0.008870122045718824,343.71968367337286,1.0,1
ds4,23,428.25,1,1,test,2.0005898203114816,342.57448556148495,0.48747415606207223,0.008474594283826874,344.5750753817964,1.0,1
ds4,23,428.75,1,1,test,2.8499481077887237,309.281904855175,0.5933523109126804,0.008372868649638673,312.13185296296376,1.0,1
ds4,23,429.25,1,1,test,2.188382003138422,312.48418507145,2.8660596100778926,0.007891811581158672,314.6725670745884,1.0,1
ds4,23,429.75,1,1,test,2.3042443907599464,324.24691717377794,0.6990614294996607,0.010502483342093138,326.5511615645379,1.0,1
ds4,23,430.25,1,1,test,3.697269654729619,298.412407957613,0.41880941029118945,0.009138407169659801,302.10967761234264,1.0,1
ds4,23,430.75,1,1,test,2.969338336214287,321.42355591129467,0.450579167013289,0.007836009357629488,324.39289424750893,1.0,1
ds4,23,431.25,1,1,test,4.5010159335937265,302.0664799149536,4.741327336712111,0.011562822226066301,306.56749584854737,1.0,1
ds4,23,431.75,1,1,test,3.531300898502887,317.28581995612853,0.5259040042228149,0.009912242682012401,320.8171208546314,1.0,1
ds4,23,432.25,1,1,test,4.315190395440965,320.40162519186117,0.3552351289834545,0.007275847688673714,324.7168155873021,1.0,1
ds4,23,432.75,1,1,test,4.3056961508933025,330.77423070527965,0.625031238944462,0.010196979749754703,335.07992685617296,1.0,1
ds4,23,433.25,1,1,test,4.994535416585184,323.40625370837967,0.7111842627818686,0.01076249944467909,328.40078912496483,1.0,1
ds4,23,433.75,1,1,test,5.230661135611178,305.8714943704688,0.36969208330470166,0.008663809524344257,311.10215550607995,1.0,1
ds4,23,434.25,1,1,test,5.101091079067699,311.9040570560243,0.6087495387642957,0.007839256271155882,317.00514813509204,1.0,1
ds4,23,434.75,1,1,test,4.198731738990547,328.78139863875197,0.5462822663746004,0.008564891265891985,332.9801303777425,1.0,1
ds4,23,435.25,1,1,test,4.618342428797699,316.26616496398435,0.6546633422637451,0.010168144955097764,320.88450739278204,1.0,1
ds4,23,435.75,1,1,test,5.464012297659233,338.6147985108484,1.976958347724517,0.007168909065867748,344.0788108085076,1.0,1
ds4,23,436.25,1,1,test,4.901738993663005,338.91077528195547,0.46233143292014234,0.008743643291038977,343.81251427561847,1.0,1
ds4,23,436.75,1,1,test,5.350718150044843,319.7755112666047,0.6422574720161648,0.006045314331831707,325.12622941664955,1.0,1
ds4,23,437.25,1,1,test,5.582444570700922,310.9275121157693,0.5132231324062083,0.009199581746694083,316.5099566864702,1.0,1
ds4,23,437.75,1,1,test,5.53522098473722,305.8517117489764,1.290651220803589,0.0056524059037174265,311.38693273371365,1.0,1
ds4,23,438.25,1,1,test,5.520373115651952,320.5673604722432,0.5744146262541703,0.0070902623353817995,326.0877335878952,1.0,1
ds4,23,438.75,1,1,test,6.87214560793279,290.0914720146181,0.6837288410678335,0.009565229151783502,296.9636176225509,1.0,1
ds4,23,439.25,1,1,test,5.607783193663295,281.3325400582848,0.29016314869535753,0.006886068489202099,286.9403232519481,1.0,1
ds4,23,439.75,1,1,test,4.7947360418242235,280.1142703070172,0.7819804621697702,0.007329497293162216,284.90900634884144,1.0,1
ds4,23,440.25,1,1,test,5.769206028044289,264.83985916753824,0.6748704970995225,0.0082576030967695,270.6090651955825,1.0,1
ds4,23,440.75,1,1,test,4.593836927612047,266.8679208202932,0.8214701957474726,0.009111016407155016,271.46175774790527,1.0,1
ds4,23,441.25,1,1,test,5.147000069891415,276.63346017156346,0.5442421765285055,0.0060156127147610785,281.7804602414549,1.0,1
ds4,23,441.75,1,1,test,4.999643626791515,263.2152194500197,0.5853975499254322,0.011317392789309955,268.2148630768112,1.0,1
ds4,23,442.25,1,1,test,5.044707850822042,268.48783094162627,2.064160970263962,0.009456527474565634,273.5325387924483,1.0,1
ds4,23,442.75,1,1,test,5.543913543193374,245.0293694390176,0.5208883579469503,0.008989569973124638,250.57328298221097,1.0,1
ds4,23,443.25,1,1,test,6.414032923057124,260.9386190052307,0.4297472728493658,0.01079785729410961,267.3526519282878,1.0,1
ds4,23,443.75,1,1,test,6.3026753592952725,254.8752495557168,0.7678972475677969,0.007622219195203902,261.17792491501206,1.0,1
ds4,23,444.25,1,1,test,5.887151746320922,258.2347242415186,1.602628509983067,0.008133489075972522,264.12187598783953,1.0,1
ds4,23,444.75,1,1,test,5.106642535800361,236.02914511034686,0.5195260989733679,0.008223258477510513,241.1357876461472,1.0,1
ds4,23,445.25,1,1,test,5.9411328730539585,249.88407466381776,0.3285332519564442,0.006413734005369396,255.82520753687172,1.0,1
ds4,23,445.75,1,1,test,5.519345566162388,252.09368040908836,0.5056573696729074,0.00964411558979503,257.61302597525076,1.0,1
ds4,23,446.25,1,1,test,5.498981355065602,231.76563001517113,0.3316591097042103,0.009251220456917241,237.26461137023674,1.0,1
ds4,23,446.75,1,1,test,4.853309042652821,236.03979730432368,1.6244001039585292,0.011660964715290363,240.8931063469765,1.0,1
ds4,23,447.25,1,1,test,6.787870041198046,241.5561860322124,0.4245486643012815,0.0053006704213253136,248.34405607341043,1.0,1
ds4,23,447.75,1,1,test,5.358598841055962,254.10447461436095,0.7907944964181929,0.010061812598857429,259.4630734554169,1.0,1
ds4,23,448.25,1,1,test,5.910264127126039,245.08263848826746,0.3523548178791415,0.009491126670880777,250.9929026153935,1.0,1
ds4,23,448.75,1,1,test,6.6105971178406095,260.78662808849873,1.0087871413982121,0.006617309586256508,267.39722520633933,1.0,1
ds4,23,449.25,1,1,test,6.028249222747252,239.74429790821364,0.8764641458184584,0.009575176237247166,245.7725471309609,1.0,1
ds4,23,449.75,1,1,test,6.41822725315835,239.5198751213094,1.7034239676555019,0.009278631239305902,245.93810237446777,1.0,1
ds4,23,450.25,1,1,test,7.0723520218288325,266.7514679846126,0.6776771933505997,0.00781937159052357,273.8238200064414,1.0,1
ds4,23,450.75,1,1,test,7.011121424486865,273.84522962252595,0.3558654377617189,0.0086619707470054,280.8563510470128,1.0,1
ds4,23,451.25,1,1,test,7.084738723544198,275.8321886860565,0.33111400923935935,0.007060594810338452,282.9169274096007,1.0,1
ds4,23,451.75,1,1,test,8.024372199545027,285.0684464614895,0.6094477388869554,0.007071601147131853,293.0928186610345,1.0,1
ds4,23,452.25,1,1,test,7.287491423228319,285.99166607280677,1.1039981308593332,0.008961606156185957,293.2791574960351,1.0,1
ds4,23,452.75,1,1,test,8.605939493469219,282.41071764503226,0.5770505760011776,0.010617497412949775,291.0166571385015,1.0,1
ds4,23,453.25,1,1,test,7.7330576553308665,262.23495880123915,1.0714850805967018,0.006067430315993129,269.96801645657,1.0,1
ds4,23,453.75,1,1,test,9.26053489997489,221.8231942715609,0.7464662251379741,0.0096658342385227,231.0837291715358,1.0,1
ds4,23,454.25,1,1,test,7.214253352498867,261.7659792857351,0.3446376288442704,0.007851340344759006,268.980232638234,1.0,1
ds4,23,454.75,1,1,test,6.407388363700558,251.55557791487368,0.41673130249988677,0.009731739651963027,257.96296627857424,1.0,1
ds4,23,455.25,1,1,test,6.957084634763126,245.75704633453833,0.47943273112745793,0.008984829435666373,252.71413096930146,1.0,1
ds4,23,455.75,1,1,test,5.894724197171579,257.8076543644893,1.1862208011788378,0.011149460063475575,263.70237856166085,1.0,1
ds4,23,456.25,1,1,test,6.245942500435996,255.42712176202804,0.5173833061953267,0.00830808553025679,261.67306426246404,1.0,1
ds4,23,456.75,1,1,test,6.904264748136549,250.41543761814142,1.027164770701768,0.007098164497187838,257.31970236627797,1.0,1
ds4,23,457.25,1,1,test,6.147142400736933,246.52012042132415,0.8684123268577323,0.00793843535622115,252.66726282206108,1.0,1
ds4,23,457.75,1,1,test,7.2231501778131735,237.8858738148527,0.8291077999836196,0.006587353936696558,245.10902399266587,1.0,1
ds4,23,458.25,1,1,test,8.71399216439599,281.4831093296113,0.8979553598959846,0.024113493273027135,290.19710149400726,1.0,1
ds4,30,10.25,0,0,test,1352.9022935700605,8164.775425097917,12668003.870784666,297.0355642570596,9517.677718667977,1.0,1
ds4,30,10.75,0,0,test,18.058442647098826,8416.351328740491,8680224.92231084,0.7579381492307502,8434.40977138759,1.0,1
ds4,30,11.25,0,0,test,68.68716128265353,8307.568310985564,4168759.4394246126,0.058502113425706576,8376.255472268218,1.0,1
ds4,30,11.75,0,0,test,189.54800589133816,8300.425006167512,850738.569098597,0.09295757704902084,8489.97301205885,1.0,1
ds4,30,12.25,0,0,test,115.4033788777404,8150.084049680489,556057.53050615,0.07422204180288884,8265.48742855823,1.0,1
ds4,30,12.75,0,0,test,160.90810309561678,8048.955516226688,731021.5368664471,0.06891556415355991,8209.863619322305,1.0,1
ds4,30,13.25,0,0,test,60.60449771953042,8140.34440576464,616290.4560506849,0.0740965700076487,8200.94890348417,1.0,1
ds4,30,13.75,0,0,test,20.730938250766226,8407.792251550325,750468.9928389381,0.09334580301593653,8428.523189801092,1.0,1
ds4,30,14.25,0,0,test,142.4554486309342,8272.66399718789,744978.2224148174,0.05393386743377044,8415.119445818824,1.0,1
ds4,30,14.75,0,0,test,10.746892980227335,8824.250001664994,679080.279217738,0.054867913257285884,8834.99689464522,1.0,1
ds4,30,15.25,0,0,test,4.619114300173472,8567.347908735775,958866.5323278917,0.06263799644068496,8571.96702303595,1.0,1
ds4,30,15.75,0,0,test,29.649694222305367,8277.629331562102,738547.1132231193,3.5773430117245977,8307.279025784408,1.0,1
ds4,30,16.25,0,0,test,222.42870056829926,8476.295534961748,53678229.73411234,11.125336544655163,8698.724235530048,1.0,1
ds4,30,16.75,0,0,test,22.419882455606196,644.0679121491987,114520.81877559921,0.0034134343795068035,666.4877946048049,1.0,1
ds4,30,17.25,0,0,test,0.5665811338516634,242.5223993003153,93653.7076781497,0.0009118985830493907,243.08898043416696,1.0,1
ds4,30,17.75,0,0,test,0.041248006295068626,17.697986924048074,84083.89442223989,0.0015262072698533026,17.73923493034314,0.9967083879480653,0
ds4,30,18.25,0,0,test,3.92285570222493,5.183453197502294,76327.66690930103,0.005337050257241098,9.106308899727225,0.8951017525138689,0
ds4,30,18.75,0,0,test,3.131972762695946,22.488809763674343,59554.678517753346,0.0017531458481393684,25.620782526370288,0.9998943121220853,0
ds4,30,19.25,0,0,test,0.40355982786306316,7.422249930786337,50306.51947021658,0.006162983702774681,7.8258097586494,0.8338995143194278,0
ds4,30,19.75,0,0,test,1.6687883995300403,6.1486024468532,44300.93123565996,0.005286772162854656,7.81739084638324,0.833409115531411,0
ds4,30,20.25,0,0,test,2.323347948621473,5.125127056826409,34773.181792103984,0.005398908518462163,7.448475005447882,0.8106347499306804,0
ds4,30,20.75,0,0,test,0.6818483989571497,4.979253085577658,29040.18611907722,0.008126500395844512,5.661101484534807,0.6593963606473329,0
ds4,30,21.25,0,0,test,0.26134489551676787,9.827109745627345,24255.792668248887,0.012230275943314613,10.088454641144113,0.9272326295988936,0
ds4,30,21.75,0,0,test,0.4628534161434796,1.9144447845204313,19667.132281327387,0.008266347779932898,2.377298200663911,0.20515000124687005,0
ds4,30,22.25,0,0,test,0.30196337307896093,4.785998418122716,16412.700820729617,0.0047025057046739364,5.0879617912016775,0.5947601156962783,0
ds4,30,22.75,0,0,test,4.735648780479572,2.0146323597633176,12900.362023440173,0.005339220982306397,6.7502811402428895,0.7601155517265871,0
ds4,30,23.25,0,0,test,0.060801829595480486,2.9705139219617185,10891.838949622617,0.008542140941456333,3.031315751557199,0.3048423061828881,0
ds4,30,23.75,0,0,test,0.6495305812601533,5.347564819840339,8675.977113804449,0.0050417309847768715,5.997095401100492,0.6934983488643429,0
ds4,30,24.25,0,0,test,0.6203637194064872,3.4343705071300232,7197.2326838889285,0.002462047395985842,4.05473422653651,0.45843719763615065,0
ds4,30,24.75,0,0,test,0.034132268996724065,3.6129064297689064,5727.976037283126,0.004124979824572666,3.6470386987656305,0.3987352367488228,0
ds4,30,25.25,0,0,test,1.6888138443801353,2.092828645600962,4846.378009676547,0.0074160299735900196,3.781642489981097,0.4187374134504691,0
ds4,30,25.75,0,0,test,0.004069367554502983,3.9948299053386926,3590.6827750679267,0.0016165239018773637,3.998899272893196,0.4504255595595069,0
ds4,30,26.25,0,0,test,0.19041379197148195,6.677991526056151,2853.348220613156,0.0055448871232227194,6.868405318027633,0.7693874132976581,0
ds4,30,26.75,0,0,test,0.3411266585075226,3.5387214335254713,2716.0357271896464,0.0020359414121703745,3.879848092032994,0.4331585148045308,0
ds4,30,27.25,0,0,test,0.2941956397454209,5.076408420898599,2085.842377705858,0.004354740351628455,5.370604060644021,0.6276567227339402,0
ds4,30,27.75,0,0,test,0.3287636945832357,5.793970327313005,1545.5303224911372,0.0022461451628574026,6.122734021896241,0.7055410668813751,0
ds4,30,28.25,0,0,test,0.5660979652178223,3.2036643065991797,1312.84560310987,0.0018495069116743177,3.769762271817002,0.4169826189636362,0
ds4,30,28.75,0,0,test,1.5401267821123452,2.6410464358633705,1070.3323981415365,0.001650781197219847,4.181173217975716,0.4763626232193346,0
ds4,30,29.25,0,0,test,1.2920048938346607,7.041796237161503,915.2593418614376,0.00526085811279243,8.333801130996163,0.8612265720226059,0
ds4,30,29.75,0,0,test,0.2763435797222948,3.615491212544318,718.3207905011877,0.005007772845168239,3.891834792266613,0.4349080234650512,0
ds4,30,30.25,0,0,test,1.8849529494836565,3.9635852944424963,511.6212012894546,0.0010402809361510254,5.848538243926153,0.6787630569017133,0
ds4,30,30.75,0,0,test,1.3533709871226525,5.6336488532245905,529.8205931800038,0.001715440384434302,6.9870198403472425,0.7783925496942303,0
ds4,30,31.25,0,0,test,0.43389919691946927,6.551515932440659,349.5319791629338,0.005691318988272646,6.9854151293601285,0.7782727347637511,0
ds4,30,31.75,0,0,test,0.10244273029739885,6.058218874236046,349.1963767293757,0.0045686983349027595,6.160661604533445,0.7091016782451725,0
ds4,30,32.25,0,0,test,0.0820240895376996,10.635973560089074,242.2876645984297,0.0014447060081895747,10.717997649626774,0.9427330076479966,0
ds4,30,32.75,0,0,test,0.7519195593917526,1.5624451648899818,266.18047589992796,0.004957378127446564,2.3143647242817345,0.1958452070687385,0
ds4,30,33.25,0,0,test,0.28909050714179735,8.902956695950207,163.19343991197832,0.00010574087357146976,9.192047203092004,0.8983551017278311,0
ds4,30,33.75,0,0,test,0.7481838552303508,4.742510922427821,129.03106329585137,0.0014724288981733372,5.490694777658171,0.6410326887646558,0
ds4,30,34.25,0,0,test,0.2789638081426777,5.491643885367799,115.04279516444386,0.002331145396145384,5.770607693510477,0.6708164510811694,0
ds4,30,34.75,0,0,test,0.7830402805918194,9.051889714758694,86.55005432603723,0.00042253604499971017,9.834929995350514,0.9199501531406941,0
ds4,30,35.25,0,0,test,0.9835528275445723,4.045916206891766,91.93249868884577,0.0018115363522083036,5.029469034436338,0.5877056502091167,0
ds4,30,35.75,0,0,test,0.3346436080143372,8.468695100261417,58.724089801172056,0.0012403742726427322,8.803338708275755,0.882829860761991,0
ds4,30,36.25,0,0,test,1.8721779122296536,6.051366282903988,41.32478071016846,0.00022144390154886162,7.923544195133641,0.83950010127653,0
ds4,30,36.75,0,0,test,0.4405193334776475,3.6122771075430786,45.467232362493775,0.004328413611081673,4.0527964410207264,0.4581601091624511,0
ds4,30,37.25,0,0,test,0.04951522059392505,8.473095751587268,40.53678081024136,0.007029391225256326,8.522610972181193,0.8703112122600288,0
ds4,30,37.75,0,0,test,0.3188417241843844,1.4463658802328947,32.98286649251477,0.006146808290256705,1.765207604417279,0.1194155355183042,0
ds4,30,38.25,0,0,test,0.3111715361503065,14.185506419072395,33.885760023043616,0.003704255449399166,14.496677955222701,0.987255980933569,0
ds4,30,38.75,0,0,test,4.267161318808531,6.560700481423219,31.219752302319268,0.003252376429436316,10.827861800231751,0.9450981603752422,0
ds4,30,39.25,0,0,test,4.88946287183013,7.610699585315295,10.0278483320471,0.005055863913702598,12.500162457145425,0.9714587197306821,0
ds4,30,39.75,0,0,test,0.5581679455426459,9.815872729826369,13.199566134161792,0.0046769634139775616,10.374040675369015,0.9346953059531995,0
ds4,30,40.25,0,0,test,1.3915842833634415,9.42578850466481,8.381819504672436,0.0030899827901616854,10.817372788028251,0.9448763812822356,0
ds4,30,40.75,0,0,test,0.509539779081411,10.544367546324564,5.518388805862929,0.003524456528635981,11.053907325405975,0.9496784258822009,0
ds4,30,41.25,0,0,test,0.9140745912461566,9.374946548724905,2.72334112271505,0.0028731913456714066,10.289021139971062,0.932551893476148,0
ds4,30,41.75,0,0,test,1.3400734248926003,6.870628526217925,6.047270593639015,0.006346752235753134,8.210701951110526,0.855000633837182,0
ds4,30,42.25,0,0,test,3.7062957154724487,4.3990765679455555,6.241114766608236,0.007009041415946854,8.105372283418005,0.8494768289832588,0
ds4,30,42.75,0,0,test,1.3444192235041978,3.381796463129794,112.03645183219241,0.0005576928527794448,4.726215686633992,0.5498018529012512,0
ds4,30,43.25,0,0,test,1.0995855603309534,2.6996068309245884,18.41095334676269,0.004506653704971206,3.799192391255542,0.4213257148117838,0
ds4,30,43.75,0,0,test,1.3880935325783177,3.94721176756099,5.306985903876675,0.0037243867004789046,5.335305300139308,0.6236567301551963,0
ds4,30,44.25,0,0,test,0.4615303802431746,7.418072361687132,4.203762876032082,0.0031235280271928027,7.879602741930307,0.8370030282445182,0
ds4,30,44.75,0,0,test,0.7303963296828117,2.088202864910502,6.410263340327605,0.0037328415928444213,2.8185991945933138,0.2720720726433095,0
ds4,30,45.25,0,0,test,3.262869082027188,9.122617462131752,6.538992562066159,0.004054932206879925,12.38548654415894,0.9701290419010579,0
ds4,30,45.75,0,0,test,1.036967201657573,13.126783027603626,3.2628821010185773,0.004155379073603721,14.163750229261199,0.9853979621796681,0
ds4,30,46.25,0,0,test,1.2651369605928071,1.5420667780160553,2.4695651020532323,0.0011071937960138879,2.8072037386088624,0.2703204600339296,0
ds4,30,46.75,0,0,test,3.1743929873597594,8.420718361213673,14.378511710472043,0.002483382865975207,11.595111348573433,0.9592227808884435,0
ds4,30,47.25,0,0,test,0.8897666001538466,13.542695317799149,16.586818425663314,0.005105862329515793,14.432461917952995,0.9869163866800843,0
ds4,30,47.75,0,0,test,0.6461905173933526,17.79191121760354,2.131110740357823,0.0026741303663217896,18.438101734996895,0.9975553897648005,0
ds4,30,48.25,0,0,test,5.0503899076915815,2.8595716068206034,3.2305922724813367,0.005936271196633883,7.909961514512185,0.8387318661985412,0
ds4,30,48.75,0,0,test,0.8231422379966021,2.3912840385472456,2.205094992431508,0.0009939769246757975,3.214426276543848,0.333033746145312,0
ds4,30,49.25,0,0,test,1.2891213586780057,5.115315654917802,13.46648329592401,0.00402688771712593,6.404437013595807,0.7311703816607396,0
ds4,30,49.75,0,0,test,1.5234436383518777,6.371354178808646,1.9466511437575305,0.011532650999949722,7.894797817160524,0.837870374464198,0
ds4,30,50.25,0,0,test,1.0252940709004126,10.491899496054051,9.839850313471505,0.002120583426315098,11.517193566954465,0.9579630653555316,0
ds4,30,50.75,0,0,test,1.6858266030513755,13.74392139817081,3.2553761423978873,0.004665526050553923,15.429748001222187,0.9913244247519165,0
ds4,30,51.25,0,0,test,0.7344299871595287,8.708692343542177,4.04590332167623,2.753657073615022e-05,9.443122330701705,0.9073577666167081,0
ds4,30,51.75,0,0,test,0.8347136646735771,3.1513058215892635,1.6378161395962185,0.0029597886585699504,3.9860194862628404,0.44856943779229386,0
ds4,30,52.25,0,0,test,0.15992363727599074,6.31137193592822,41.24630289520482,0.000419361796002626,6.471295573204211,0.736979319001334,0
ds4,30,52.75,0,0,test,0.10553689727310883,3.0690350811375238,3.2069962871917275,0.0005146245542638578,3.1745719784106328,0.32690760121283546,0
ds4,30,53.25,0,0,test,0.06944534112759065,16.04960799767629,4.794072813586856,0.003242008319290203,16.11905333880388,0.993487735339151,0
ds4,30,53.75,0,0,test,0.05190154731720239,31.89524564937595,5.951234377892018,0.0015260154146128054,31.947147196693155,0.9999939138358135,0
ds4,30,54.25,0,0,test,0.17693939096973066,4.842453375454241,7.553813128813328,0.00013204817493370688,5.019392766423971,0.586481943062342,0
ds4,30,54.75,0,0,test,0.7834352783909729,4.0629232574201675,78.61602242567707,0.0014601529322554006,4.846358535811141,0.5650827133078109,0
ds4,30,55.25,0,0,test,0.0482898423021436,14.352600066827202,20.763224131889945,0.0004072848038604255,14.400889909129345,0.9867462295980144,0
ds4,30,55.75,0,0,test,0.5679134190450454,10.46086406747206,2.3869043328760657,0.0035327745847386622,11.028777486517106,0.94918761332275,0
ds4,30,56.25,0,0,test,3.7800765412214297,7.474098003950503,4.3112436764462885,0.0027481971940685663,11.254174545171931,0.9534330461801429,0
ds4,30,56.75,0,0,test,0.35589167175661873,33.45699970521753,5.001206684041294,0.0003349703931416303,33.81289137697414,0.9999974058159643,0
ds4,30,57.25,0,0,test,0.6770964529699653,6.883037979856577,56.024276044366346,0.001772658850220524,7.560134432826542,0.8177982479288189,0
ds4,30,57.75,0,0,test,0.5343645687975908,6.855371013947847,9.898701200285773,0.003815521597469749,7.389735582745438,0.8067691991887025,0
ds4,30,58.25,0,0,test,0.04948880323059649,11.0326752380823,6.708278268281619,0.0022513375944723567,11.082164041312897,0.9502249692811232,0
ds4,30,58.75,0,0,test,0.12445885919755678,7.792213288009495,14.369598874598456,0.0024677145254864397,7.916672147207051,0.8391118239013435,0
ds4,30,59.25,0,0,test,0.46264553094361155,3.523368571707615,9.389479899610631,0.0013743038423512694,3.9860141026512266,0.44856866133304163,0
ds4,30,59.75,0,0,test,1.935596163513042,16.844408438379098,3.1199128452895306,0.00028191223192608163,18.78000460189214,0.9978878473528748,0
ds4,30,60.25,0,0,test,2.4279700414558425,6.147957857719442,6.0819997463090365,0.0004092304144160935,8.575927899175284,0.8727778281235341,0
ds4,30,60.75,0,0,test,1.2013432397709451,10.325321285013347,13.663787781130653,0.0032365899356106365,11.526664524784293,0.9581181310075242,0
ds4,30,61.25,0,0,test,0.8366455468006115,21.030502787375852,8.61419541533957,0.0013556441992125328,21.867148334176463,0.9994450642586175,0
ds4,30,61.75,0,0,test,1.5929683434856368,3.5972946558766283,2.6812756240041122,0.0009130054887872207,5.190262999362265,0.6068955442108558,0
ds4,30,62.25,0,0,test,2.091628218856872,8.540318325231178,10.336291706175311,0.00010254855012853097,10.63194654408805,0.9408140287370207,0
ds4,30,62.75,0,0,test,0.9657425385334664,3.136474983197521,6.566882427544992,0.000379712893526816,4.102217521730987,0.46520493907552324,0
ds4,30,63.25,0,0,test,1.521867491049155,5.465838383856694,3.28744061827362,0.003446121846949673,6.987705874905849,0.7784437553797384,0
ds4,30,63.75,0,0,test,0.8278201645348293,8.768427152150998,7.231190099449031,0.00047803533815433827,9.596247316685828,0.9124821092540701,0
ds4,30,64.25,0,0,test,0.6387244077744241,1.2508108619124012,4.954960418177464,0.01553200988203557,1.8895352696868253,0.135790912984823,0
ds4,30,64.75,0,0,test,0.4904144433384332,13.99147154310406,18.460617933746214,0.004487919537972918,14.481885986442494,0.9871785208288766,0
ds4,30,65.25,0,0,test,0.2178188652968505,2.770071023505009,3.029832123514247,0.0011709747824529425,2.9878898888018592,0.29814703080449884,0
ds4,30,65.75,0,0,test,0.4120499512138475,6.696913774336196,2.025106415828354,0.001017302496244448,7.108963725550044,0.7873381402636832,0
ds4,30,66.25,0,0,test,4.249604394068956,6.882920617556342,2.4858154519905216,0.004429900748073747,11.132525011625297,0.9511851978017962,0
ds4,30,66.75,0,0,test,1.4396987822321554,8.481531918828594,2.8099413274120995,0.0034636044014344897,9.92123070106075,0.9225018457731494,0
ds4,30,67.25,0,0,test,0.028223853976374124,0.24817546400791446,9.130920820426176,0.002601055407256201,0.2763993179842886,0.0019364651723490739,0
ds4,30,67.75,0,0,test,0.5608808226519327,6.345293390700279,3.8402297853414895,0.0018483547687456604,6.9061742133522115,0.7722876997627415,0
ds4,30,68.25,0,0,test,0.10193390048039444,5.336380188751903,4.397906944328644,0.003003919163835448,5.438314089232297,0.6352426141982426,0
ds4,30,68.75,0,0,test,1.1280833308894662,5.675003974149833,8.114091732716576,0.0033003425882740674,6.803087305039299,0.7642983151289193,0
ds4,30,69.25,0,0,test,1.5165285927473573,7.606016132868867,3.57627926911194,0.0004739058133781586,9.122544725616224,0.895725035188132,0
ds4,30,69.75,0,0,test,1.2094057559575069,5.205598095010003,3.167130456941377,0.0006459834583907799,6.415003850967509,0.7320953767521277,0
ds4,30,70.25,0,0,test,0.2731278838319789,3.1482034184881527,6.244534403435495,0.0013583102786212601,3.4213313023201315,0.36467681483032777,0
ds4,30,70.75,0,0,test,1.251913112941997,4.396109309058975,2.174132109611026,0.004630809577125727,5.648022422000972,0.658012503134632,0
ds4,30,71.25,0,0,test,0.4099301426018192,2.509404854900986,2.280310229039096,0.0007220213286511947,2.9193349975028053,0.28757948569942104,0
ds4,30,71.75,0,0,test,0.11477480680207977,3.2616664024772746,2.2472519153797377,0.0065002582353162605,3.3764412092793545,0.35783957393903176,0
ds4,30,72.25,0,0,test,0.32891017138754375,4.067702137460536,3.9660986811643846,0.002464982376622763,4.39661230884808,0.5061656464367602,0
ds4,30,72.75,0,0,test,0.11328753396788496,5.469098642281929,13.742172601571546,0.0007011084293855403,5.5823861762498135,0.651003515656704,0
ds4,30,73.25,0,0,test,0.3149169297771968,6.126678490395395,3.212251958144856,0.000501217749118585,6.441595420172591,0.7344116503709508,0
ds4,30,73.75,0,0,test,0.1587444141685472,3.921732631437157,3.8247621329805255,0.004248948644442554,4.080477045605704,0.46211156820873517,0
ds4,30,74.25,0,0,test,1.572577541309399,7.264551901903737,10.509718967012981,8.710031715797618e-05,8.837129443213136,0.8842604632357312,0
ds4,30,74.75,0,0,test,0.1437818214236963,5.355829953999855,16.869142649347477,0.0006625339052611782,5.499611775423551,0.6420115470362566,0
ds4,30,75.25,0,0,test,0.6332255911526649,3.790879625218384,1.3393545667975053,0.006930609028706646,4.424105216371049,0.5098983406934878,0
ds4,30,75.75,0,0,test,0.14249448598769282,11.14349373280165,3.443314786315096,0.003546295577838844,11.285988218789342,0.9540045621657555,0
ds4,30,76.25,0,0,test,0.7054606577900768,3.1993521670300047,1.6259137529269894,0.000623009766641322,3.9048128248200813,0.4367995133188624,0
ds4,30,76.75,0,0,test,16.741521155052933,12.564116644716087,160.8512190738171,0.00013772501167152602,29.30563779976902,0.9999798039869978,0
ds4,30,77.25,0,0,test,3.0255690648355085,3.489582838132909,66.48511239817206,3.083980097330566e-05,6.515151902968418,0.7407336045941284,0
ds4,30,77.75,0,0,test,0.2647404977144144,1.6766227867652408,3.979004345832571,0.0018715615359618356,1.9413632844796551,0.1428023795374686,0
ds4,30,78.25,0,0,test,0.13483066859000767,19.764014315359315,10.078761599774474,2.0200679398050717e-05,19.898844983949324,0.9986944555344012,0
ds4,30,78.75,0,0,test,1.4115531540721242,9.368284634772726,15.0286785172194,0.0005245461940390657,10.77983778884485,0.9440758240704308,0
ds4,30,79.25,0,0,test,0.16118705738190106,4.5832823998414405,4.462615355581441,2.3572528406472953e-05,4.7444694572233415,0.5521455513264345,0
ds4,30,79.75,0,0,test,5.310469711808331,7.4348614029682665,2.938936221053724,0.00640951520001164,12.745331114776597,0.9741141671078336,0
ds4,30,80.25,0,0,test,0.2584727507953237,9.212207012872652,4.234480342512925,0.00398912017811997,9.470679763667976,0.9082998996657793,0
ds4,30,80.75,0,0,test,0.7550862424799628,10.662646710992927,59.2088067566658,0.0009543397523586063,11.41773295347289,0.9563014315059923,0
ds4,30,81.25,0,0,test,0.2761409515922305,4.050895749127777,9.587979104593416,0.0014779222710072665,4.327036700720008,0.4966467812598882,0
ds4,30,81.75,0,0,test,24.597504083872533,9.222135889020741,13.741982078892471,0.0033857053052524177,33.81963997289327,0.9999974138250343,0
ds4,30,82.25,0,0,test,0.5829287511617252,3.325562996322796,7.440055263552715,0.0009979815749818935,3.908491747484521,0.43733518393121396,0
ds4,30,82.75,0,0,test,0.9858970741208286,5.697531978455697,4.614074376222799,0.002093469391023645,6.683429052576525,0.7547314940437732,0
ds4,30,83.25,0,0,test,2.431631846564872,2.5910521069594727,7.8411163204216034,0.002845166051431475,5.022683953524345,0.5868819127344196,0
ds4,30,83.75,0,0,test,0.5865202307894869,5.5345814043392165,2.433436287070514,0.0012719911837630452,6.121101635128704,0.7053870438891914,0
ds4,30,84.25,0,0,test,0.05701867502094847,11.801980143574024,4.775942039918604,0.004367035197402213,11.858998818594973,0.9632282563089305,0
ds4,30,84.75,0,0,test,0.7754855314413522,9.059293916697484,3.024244408004016,2.3346494930007317e-05,9.834779448138837,0.9199456345616599,0
ds4,30,85.25,0,0,test,0.08685782794487862,15.644459746652398,6.244198091672595,0.0018494660305635653,15.731317574597277,0.9923454538316298,0
ds4,30,85.75,0,0,test,0.043112610129612275,28.42816246294375,3.8204814521410397,0.004236000594041146,28.47127507307336,0.9999705637074923,0
ds4,30,86.25,0,0,test,0.32516360564314595,12.280445094906456,5.2266888180625495,0.0030058893914501157,12.605608700549602,0.9726312876946073,0
ds4,30,86.75,0,0,test,0.10881372068268085,13.87789977832688,3.8928264641676265,0.006902272174685612,13.98671349900956,0.9843059656664975,0
ds4,30,87.25,0,0,test,0.7357049486550733,4.718214897554404,1.36690845631848,0.0035973056888311404,5.453919846209477,0.6369748013916898,0
ds4,30,87.75,0,0,test,0.4279299920823128,27.34512267527805,4.293598369383468,0.004403138662641248,27.77305266736036,0.9999596882585338,0
ds4,30,88.25,0,0,test,0.23726276310401115,10.170069112131857,4.217379358326194,0.002359470047742888,10.407331875235869,0.9355171284195819,0
ds4,30,88.75,0,0,test,0.35231650804624526,12.624754280271791,7.713024729915989,0.003494866879991621,12.977070788318036,0.976405410297739,0
ds4,30,89.25,0,0,test,0.24768758475079936,2.900484509104454,0.9800439336672314,0.002524793659267798,3.1481720938552535,0.32284579546274905,0
ds4,30,89.75,0,0,test,1.0006294910304756,10.117858719712984,4.285965066496867,0.01059741230022962,11.11848821074346,0.950919331060769,0
ds4,30,90.25,0,0,test,0.6273548958006523,1.1966675806230147,0.9269202789845702,0.005392971859483672,1.824022476423667,0.12708058783576465,0
ds4,30,90.75,0,0,test,0.7792510415907887,3.8234958982707186,5.14246837689132,5.1151471225564596e-05,4.6027469398615075,0.5337449640515535,0
ds4,30,91.25,0,0,test,0.733028575890278,3.7792567187506,0.6010389071993374,0.005482320321870167,4.512285294640878,0.5217586075218794,0
ds4,30,91.75,0,0,test,1.806804962033286,19.397107167594427,5.219418375696763,5.395032544501328e-06,21.203912129627714,0.999258745426721,0
ds4,30,92.25,0,0,test,41.50840297205953,6.259092757582319,3.8342099573534507,0.004740273228780077,47.76749572964185,0.999999996037975,0
ds4,30,92.75,0,0,test,11.965296346851511,13.505147709679122,15.677435352968956,3.004562121859134e-05,25.47044405653063,0.9998869880486236,0
ds4,30,93.25,0,0,test,0.5792370126933774,1.0472144456744483,2.8983951082142854,0.007242079695258737,1.6264514583678258,0.10196778592218728,0
ds4,30,93.75,0,0,test,1.8323784119873834,2.672441215706135,6.909896824073078,0.0029201233731528664,4.504819627693518,0.5207611524566857,0
ds4,30,94.25,0,0,test,0.11661385731416792,5.501907119537783,2.960965240386682,0.0011098338221989022,5.6185209768519515,0.6548754356736126,0
ds4,30,94.75,0,0,test,0.39364714523004113,12.061959908596148,12.71864100902187,0.0035814710526384194,12.455607053826188,0.9709489579941968,0
ds4,30,95.25,0,0,test,2.945767001087432,6.050966961406245,5.966178556342484,0.00014847433262346092,8.996733962493677,0.8908054998687618,0
ds4,30,95.75,0,0,test,2.9217132467808393,5.161719785840925,2.4815368745931634,0.0036209663312800743,8.083433032621764,0.8483029825906133,0
ds4,30,96.25,0,0,test,0.2297211737237308,0.6940277451617767,2.665462606811422,0.0019113666658813692,0.9237489188855075,0.0315214490503294,0
ds4,30,96.75,0,0,test,0.5737915392781988,2.5364872506942415,1.8396048797394327,1.1002397978841836e-08,3.1102787899724404,0.3170113454629739,0
ds4,30,97.25,0,0,test,0.33811328332550034,1.3165855609223338,20.31101883866108,0.002334641440855427,1.654698844247834,0.1054432222128239,0
ds4,30,97.75,0,0,test,0.061982546861092044,3.5686176945989025,2.2409868970629763,0.0012462152268874777,3.6306002414599945,0.3962752627921753,0
ds4,30,98.25,0,0,test,0.5493282221868268,3.96628703843963,3.0093237129379675,0.0047038337152426335,4.515615260626457,0.5222031076670095,0
ds4,30,98.75,0,0,test,0.21579738876072624,9.0728775894371,4.01498690754901,0.0008955257646313287,9.288674978197827,0.9019107728514677,0
ds4,30,99.25,0,0,test,0.7629078957463971,1.9644226885095093,2.077094358327391,0.002352400041640167,2.727330584255906,0.25806472276530806,0
ds4,30,99.75,0,0,test,2.5178941304393208,12.467995014459012,3.1002045116635584,0.0029744736224672284,14.985889144898334,0.989577198129228,0
ds4,30,100.25,0,0,test,1.2667489867115045,7.757795344503833,0.7076868758748143,0.0015016400269800769,9.024544331215338,0.8919108371616796,0
ds4,30,100.75,0,0,test,0.24790562734754276,0.9896848468459477,1.2578179514857484,0.0033645723152488168,1.2375904741934904,0.05877936208006078,0
ds4,30,101.25,0,0,test,2.322303343182438,6.1016609135027995,1.7499795310461173,0.0019300024996319518,8.423964256685238,0.8656337205674874,0
ds4,30,101.75,0,0,test,0.4037643725113926,10.676086799050427,3.033866014140665,0.0007193320353019113,11.07985117156182,0.950180444822268,0
ds4,30,102.25,0,0,test,0.6767291041120405,1.6090468285225894,1.123194360751213,0.005687242712727219,2.28577593263463,0.19164627830252273,0
ds4,30,102.75,0,0,test,0.8762893206062161,4.37429851751457,7.141509230029197,0.003582495564010817,5.250587838120786,0.6139301894679778,0
ds4,30,103.25,0,0,test,0.011851614136539467,1.8327305067977058,2.4556549639162175,0.0022602586971750653,1.8445821209342452,0.1297951166549619,0
ds4,30,103.75,0,0,test,0.5930920472829351,2.906672358658182,3.366625610770926,0.008061210923776534,3.499764405941117,0.37657672356475713,0
ds4,30,104.25,0,0,test,1.4305432848629773,4.334721948230093,5.884029521893274,0.003221112713746682,5.76526523309307,0.6702661893079507,0
ds4,30,104.75,0,0,test,0.040730616737295174,5.207869609639178,20.093403823249584,0.0009006504076046318,5.248600226376473,0.6136998469640541,0
ds4,30,105.25,0,0,test,2.5725598421488787,2.017104336196322,1.3430401955062474,0.004626091441700956,4.589664178345201,0.5320229609915156,0
ds4,30,105.75,0,0,test,0.0737830538097064,8.46665203752617,1.0701852011474449,0.0019296623159130528,8.540435091335876,0.8711405673940007,0
ds4,30,106.25,0,0,test,0.8664870052958822,4.42623292502308,3.1170155253902334,0.0003293606586749539,5.292719930318962,0.6187897481500414,0
ds4,30,106.75,0,0,test,1.3585948981013183,21.583170742366633,12.938894247979984,0.001832304840122977,22.941765640467953,0.9996536703485949,0
ds4,30,107.25,0,0,test,0.5684906016896275,12.23739421820885,10.925737074898672,0.0015171060574672482,12.805884819898477,0.9747326432885414,0
ds4,30,107.75,0,0,test,0.8605162719043848,6.076181823505624,67.76406441612659,0.0010263421027448783,6.936698095410009,0.7746091157144664,0
ds4,30,108.25,0,0,test,0.06895709302548439,1.7940926163283373,2.750347957589314,0.0017890104738057012,1.8630497093538216,0.1322483891651809,0
ds4,30,108.75,0,0,test,6.897313668759825,11.418820495300045,2.805008131093736,0.012395011921471029,18.316134164059868,0.9974247862836879,0
ds4,30,109.25,0,0,test,2.0783183833669474,11.309496541410459,2.4443532393774032,0.0023550872236255305,13.387814924777405,0.9799967114440552,0
ds4,30,109.75,0,0,test,0.5820867863864582,14.931256719564557,4.720920382465676,0.0009433116434568471,15.513343505951015,0.9916200139576177,0
ds4,30,225.25,1,0,test,148.37634103209115,1806.489005101316,4478.729932584835,0.4645150421413045,1954.8653461334072,1.0,1
ds4,30,225.75,1,0,test,147.48491221877111,1205.4720917862253,4275.8854405628335,0.12103383194129308,1352.9570040049964,1.0,1
ds4,30,226.25,1,0,test,187.6267022163905,1204.5224936892341,1395.8451078574928,0.10760943422106116,1392.1491959056245,1.0,1
ds4,30,226.75,1,0,test,156.30907381789373,744.5736468359394,2054.077347996355,0.21033510133790642,900.8827206538331,1.0,1
ds4,30,227.25,1,0,test,148.66046795734997,747.8047995996998,7230.919042598962,0.11054637569371202,896.4652675570497,1.0,1
ds4,30,227.75,1,0,test,149.49904541232056,353.09759777651243,3552.8734600214875,0.07914726736137419,502.596643188833,1.0,1
ds4,30,228.25,1,0,test,137.2356132869491,382.9962453165777,32321.023204663055,0.34714905533593027,520.2318586035268,1.0,1
ds4,30,228.75,1,0,test,134.9400871229968,435.8985069719867,2815.318191281117,0.10100351370135327,570.8385940949835,1.0,1
ds4,30,229.25,1,0,test,135.85095425753835,274.65982404103175,3675.1066823247875,0.046814177000067715,410.51077829857013,1.0,1
ds4,30,229.75,1,0,test,135.69736295188048,253.92900820605598,2762.9388392795604,0.02387830580077952,389.62637115793643,1.0,1
ds4,30,230.25,1,0,test,128.13050276268427,74.73605252520785,2263.054407012098,0.06297796330652855,202.86655528789214,1.0,1
ds4,30,230.75,1,0,test,123.93763387067557,269.5098467398248,1433.523065491052,0.11028389888294442,393.4474806105004,1.0,1
ds4,30,231.25,1,0,test,123.5705048832982,97.86963825939553,1896.9170033577727,0.046598997466300876,221.44014314269373,1.0,1
ds4,30,231.75,1,0,test,123.1654653645372,135.71635221865915,1462.1634078305515,0.0054123672388550195,258.8818175831964,1.0,1
ds4,30,232.25,1,0,test,121.53625007984284,117.79505353592708,1598.0940356281853,0.00270790428154973,239.3313036157699,1.0,1
ds4,30,232.75,1,0,test,102.31510504464741,199.84753789037893,989.0483430143024,0.022289323905655554,302.1626429350263,1.0,1
ds4,30,233.25,1,0,test,111.83464692981276,179.8364958080526,1036.5585239589057,0.0011438225760475546,291.67114273786535,1.0,1
ds4,30,233.75,1,0,test,89.79446529021189,274.540255018275,1299.931473170598,0.0030823938802917853,364.3347203084869,1.0,1
ds4,30,234.25,1,0,test,99.24372540308549,296.73844083648396,765.1013577651793,0.007330597053065211,395.98216623956944,1.0,1
ds4,30,234.75,1,0,test,76.01744787986094,488.97380752162246,426.9016539814174,0.020637474668021336,564.9912554014834,1.0,1
ds4,30,235.25,1,0,test,79.45258168317015,659.7806372166873,372.13747980594354,0.0022063425370137716,739.2332188998574,1.0,1
ds4,30,235.75,1,0,test,69.82951147558443,658.0995303315984,362.35454968438535,0.03370049545467484,727.9290418071829,1.0,1
ds4,30,236.25,1,0,test,67.73594412544782,809.0177351489098,325.3257326921563,0.0020831469294108384,876.7536792743576,1.0,1
ds4,30,236.75,1,0,test,65.80155668974301,706.0675367266192,956.7432717292464,0.025041608940981515,771.8690934163623,1.0,1
ds4,30,237.25,1,0,test,87.99465175929316,948.7250158637823,416.9014968368951,0.00031211947188571195,1036.7196676230756,1.0,1
ds4,30,237.75,1,0,test,62.278788150316686,1066.3011679821755,260.728289888886,4.716720115115872e-05,1128.579956132492,1.0,1
ds4,30,238.25,1,0,test,63.54535189941587,1340.1482354549482,210.37794771766323,0.0012720511882274947,1403.6935873543641,1.0,1
ds4,30,238.75,1,0,test,48.46100865432753,1376.7115151933842,194.06845805005776,0.0035639485309533147,1425.1725238477118,1.0,1
ds4,30,239.25,1,0,test,53.232068632658546,1347.0974439227746,229.78275643234664,0.0012365641694287348,1400.3295125554332,1.0,1
ds4,30,239.75,1,0,test,38.3616474849443,1329.6330299382678,196.87338163828403,0.00016181061868683085,1367.9946774232121,1.0,1
ds4,30,240.25,1,0,test,37.39615559317617,1436.0938176281402,137.5819299583868,4.470138533581105e-05,1473.4899732213164,1.0,1
ds4,30,240.75,1,0,test,48.51936015202639,1374.1895673429276,109.01089946161115,3.212910984739554e-05,1422.708927494954,1.0,1
ds4,30,241.25,1,0,test,61.54323485419444,1338.2470704078999,113.13756680359451,0.004182875766989431,1399.7903052620943,1.0,1
ds4,30,241.75,1,0,test,26.116428371807835,1390.4669869242723,198.4425482039193,5.515519876405513e-05,1416.5834152960801,1.0,1
ds4,30,242.25,1,0,test,23.323659762537865,1263.0918135370118,87.18401895618749,0.0007872207812003331,1286.4154732995496,1.0,1
ds4,30,242.75,1,0,test,26.070874304254236,1334.7189870729874,81.99561985108062,0.00016946108385471176,1360.7898613772416,1.0,1
ds4,30,243.25,1,0,test,23.669225882858115,1348.2491408554504,64.17250067967825,0.004099121905645646,1371.9183667383086,1.0,1
ds4,30,243.75,1,0,test,11.793084146765798,1239.2171358547616,22.937190681852186,0.00023485286982858245,1251.0102200015274,1.0,1
ds4,30,244.25,1,0,test,13.821534878616845,1358.1149054491875,51.35774809511854,0.0042600700695708755,1371.9364403278043,1.0,1
ds4,30,244.75,1,0,test,9.3304753030403,1260.400153347767,42.49911537237936,0.003664685755710207,1269.7306286508071,1.0,1
ds4,30,245.25,1,0,test,8.570996952532877,1350.5263354245087,25.32581641508286,0.00013273506140994582,1359.0973323770415,1.0,1
ds4,30,245.75,1,0,test,14.046602031976763,1228.600489916878,22.563439385594982,0.0046976521642605705,1242.6470919488547,1.0,1
ds4,30,246.25,1,0,test,7.205429164686828,1185.9907872205094,26.740306726871626,0.0013872341710914429,1193.1962163851963,1.0,1
ds4,30,246.75,1,0,test,5.954273753382104,1155.4699868558744,27.822847919546966,0.004234571501897961,1161.4242606092564,1.0,1
ds4,30,247.25,1,0,test,5.762559709354458,1183.7526626672643,12.392073377009925,0.000676402037538517,1189.5152223766188,1.0,1
ds4,30,247.75,1,0,test,6.206819788884003,1123.6938479969824,19.640059908116868,0.0004992052136441305,1129.9006677858665,1.0,1
ds4,30,248.25,1,0,test,4.545875681610855,1220.4803724840633,17.967386787815556,0.0017500718028455597,1225.0262481656741,1.0,1
ds4,30,248.75,1,0,test,2.9566313838199485,1071.2021873552183,7.45243835761534,0.0008542641596798117,1074.1588187390382,1.0,1
ds4,30,249.25,1,0,test,2.7794554447594564,1201.137043707471,8.898643395732968,0.0004468986638604859,1203.9164991522305,1.0,1
ds4,30,249.75,1,0,test,21.529818266316024,1125.7728648196637,3.880005431598441,0.0014365323211966339,1147.3026830859797,1.0,1
ds4,30,250.25,1,0,test,1.8777418504792311,1148.0187170904576,7.547786251487295,0.0002616730207781972,1149.8964589409368,1.0,1
ds4,30,250.75,1,0,test,7.879367588171283,1262.2054201104831,2.363812844692324,0.005457452894759891,1270.0847876986545,1.0,1
ds4,30,251.25,1,0,test,2.0574369585150647,1236.9809198349876,10.283980148647144,0.004202660279448476,1239.0383567935028,1.0,1
ds4,30,251.75,1,0,test,3.4734629793587515,1132.829982323773,3.5468856211317834,0.0020709948970908084,1136.3034453031319,1.0,1
ds4,30,252.25,1,0,test,1.2896215141375311,1136.5048665448126,1.414243892320255,0.005712690950346316,1137.79448805895,1.0,1
ds4,30,252.75,1,0,test,1.7137014037572857,1201.1597601598883,4.826780936657209,0.0009808821185200956,1202.8734615636456,1.0,1
ds4,30,253.25,1,0,test,2.935128130281021,1028.7009028439172,1.5445584297886905,1.5610313026743886e-06,1031.6360309741983,1.0,1
ds4,30,253.75,1,0,test,2.0967989593594667,1117.5082670349675,1.6231398773248944,0.0032933277818981118,1119.6050659943269,1.0,1
ds4,30,254.25,1,0,test,0.6078478915687437,1249.3938784876057,2.0536582254102163,9.647610364003254e-06,1250.0017263791744,1.0,1
ds4,30,254.75,1,0,test,0.35334229003283035,1177.237036677392,5.371346368531244,0.0034339731598199766,1177.5903789674248,1.0,1
ds4,30,255.25,1,0,test,1.5292704727685953,1125.3952555845176,3.2139361290671276,5.226434959358345e-05,1126.9245260572861,1.0,1
ds4,30,255.75,1,0,test,2.074998722793772,1130.201289254071,6.1320106212956125,0.002799568154573167,1132.2762879768648,1.0,1
ds4,30,256.25,1,0,test,10.81767782670899,1163.9617529971074,2.434694136204412,0.00138153082033771,1174.7794308238165,1.0,1
ds4,30,256.75,1,0,test,0.35408550085506807,1303.0277332060678,3.3556005239867597,0.0015464819847784681,1303.3818187069228,1.0,1
ds4,30,257.25,1,0,test,0.24698703905608055,1024.2681190805392,3.013084859869798,0.004991636627687055,1024.5151061195954,1.0,1
ds4,30,257.75,1,0,test,0.7875923913120196,1056.4139486675035,5.196171436797101,0.0006748229085611074,1057.2015410588156,1.0,1
ds4,30,258.25,1,0,test,1.8929484445894202,1075.6677415323031,1.3477418073459675,0.0002908352757266326,1077.5606899768925,1.0,1
ds4,30,258.75,1,0,test,1.3252004644517592,1008.5363246581086,10.577643266536434,1.5222046208807394e-06,1009.8615251225604,1.0,1
ds4,30,259.25,1,0,test,0.9958444699639231,1012.2190893599358,4.74153248633901,0.0009557783646236594,1013.2149338298997,1.0,1
ds4,30,259.75,1,0,test,0.7695128214290574,953.1272613532368,5.7195784280257955,0.0006536845163414422,953.8967741746659,1.0,1
ds4,30,260.25,1,0,test,0.41785416279110993,879.1284804028397,11.863322943902745,4.4855924765059685e-05,879.5463345656308,1.0,1
ds4,30,260.75,1,0,test,9.039161068954382,885.0006686783794,3.624907620737782,0.0005027303759313093,894.0398297473338,1.0,1
ds4,30,261.25,1,0,test,1.044560578697523,845.5224552710263,23.15440100816595,1.56986484177038e-05,846.5670158497238,1.0,1
ds4,30,261.75,1,0,test,2.0969442078717884,813.8533334837521,5.094949925122417,0.0026653567458456147,815.9502776916239,1.0,1
ds4,30,262.25,1,0,test,10.084661051940271,544.7530592294481,164.35249719593858,0.006493841005881331,554.8377202813884,1.0,1
ds4,30,262.75,1,0,test,2.7904894818389527,590.3936493593909,7.074701539396985,0.0003149738541460261,593.1841388412298,1.0,1
ds4,30,263.25,1,0,test,18.098065303069145,553.8355183526211,50.5811157243443,1.4894115085643193e-06,571.9335836556902,1.0,1
ds4,30,263.75,1,0,test,3.721890035148226,440.86711044547286,324.7532392156844,0.0008101999928903132,444.5890004806211,1.0,1
ds4,30,264.25,1,0,test,9.826585884333698,451.28134929052135,8.164594508190621,0.0002391940685019572,461.1079351748551,1.0,1
ds4,30,264.75,1,0,test,5.019431961651949,296.67971624754216,13.349945096180125,0.0004794409119160383,301.6991482091941,1.0,1
ds4,30,265.25,1,0,test,5.566940230514012,345.04563280098955,3.6261441562491754,0.00017096758788858396,350.6125730315036,1.0,1
ds4,30,265.75,1,0,test,7.37912254659131,259.10485650640527,248.47094442955944,0.002359743671481792,266.4839790529966,1.0,1
ds4,30,266.25,1,0,test,6.6222047254970295,234.8493558401749,3.839375817759575,0.00033598623202158167,241.47156056567192,1.0,1
ds4,30,266.75,1,0,test,5.695860528796782,222.6071682698998,14.889486479704306,0.014939031754983175,228.30302879869657,1.0,1
ds4,30,267.25,1,0,test,16.41327500598176,150.4098860776375,15.784190700786894,0.001547361283800241,166.82316108361925,1.0,1
ds4,30,267.75,1,0,test,8.301737096908562,116.90224719444566,13.474295384016278,0.001988290434331221,125.20398429135423,1.0,1
ds4,30,268.25,1,0,test,8.977552180070829,94.49704232289356,14.871055528991887,0.0007881328696055544,103.4745945029644,1.0,1
ds4,30,268.75,1,0,test,14.239828360918159,43.00685069582468,13.64976254341277,0.0036405232345071863,57.24667905674284,0.9999999999550179,0
ds4,30,269.25,1,0,test,10.791919740550231,29.644330466591995,8.486497628372046,5.5636401891131655e-05,40.43625020714222,0.9999998780559923,0
ds4,30,269.75,1,0,test,17.78089243078537,32.880839174526244,28.16713220925339,7.033773839354717e-05,50.661731605311616,0.999999998985532,0
ds4,30,270.25,1,0,test,16.488392261164563,30.776952068102098,8.537853874528246,0.029289212233579127,47.26534432926666,0.9999999949840073,0
ds4,30,270.75,1,0,test,50.153121341551966,26.020774059606936,3913.922172006915,0.05020373664402815,76.1738954011589,0.9999999999999947,1
ds4,30,271.25,1,0,test,16.50779994888497,14.678041989248072,52.81240587564653,0.0012308258250823946,31.18584193813304,0.9999913918694703,0
ds4,30,271.75,1,0,test,16.864639539318286,8.940542780555361,66.65159822975703,0.016586287991230644,25.805182319873648,0.9999026564882738,0
ds4,30,272.25,1,0,test,16.75992993495421,10.88682799376971,56.876663290117925,0.000601042000896464,27.646757928723922,0.9999573329166048,0
ds4,30,272.75,1,0,test,16.508303151138875,17.780631664893512,56.31755675353425,0.0004092129383312655,34.28893481603239,0.9999979144595407,0
ds4,30,273.25,1,0,test,17.557164789631262,17.109536927919443,44.54449439218931,0.007705787572605543,34.66670171755071,0.9999982464258477,0
ds4,30,273.75,1,0,test,18.3467595818125,15.746400774599575,36.63119456633178,0.005756039302010175,34.09316035641207,0.9999977185456607,0
ds4,30,274.25,1,0,test,16.68884293351288,26.698988977137464,83.04231946099875,0.0026782017788938455,43.38783191065035,0.9999999691687058,0
ds4,30,274.75,1,0,test,18.304330216068323,33.417779551984715,57.547764938806885,0.015363402019000398,51.72210976805304,0.9999999993848826,0
ds4,30,275.25,1,0,test,18.336646563795437,16.12153869890548,20.411687803498776,3.735820100365317e-05,34.458185262700916,0.9999980702852006,0
ds4,30,275.75,1,0,test,15.159533838340769,15.640909230157915,18.95014293248811,0.0002780602659689309,30.800443068498684,0.9999897434562002,0
ds4,30,276.25,1,0,test,31.436754334196245,8.690654812887642,14.930900901632645,0.00424573876110664,40.12740914708389,0.9999998592425867,0
ds4,30,276.75,1,0,test,19.990346969126634,6.471751729231619,40.65104801236131,0.004782497927429656,26.462098698358254,0.9999274171531674,0
ds4,30,277.25,1,0,test,24.99330463917624,16.08481699092205,41.88653276909216,0.00025246991989499266,41.078121630098295,0.9999999095207428,0
ds4,30,277.75,1,0,test,33.37202146390036,19.637667995130467,15.703458854792531,0.000250684046418782,53.009689459030824,0.9999999996652023,0
ds4,30,278.25,1,0,test,14.346467438235644,8.539360327807398,11.393213876463953,0.002632975947561184,22.885827766043043,0.9996450408979336,0
ds4,30,278.75,1,0,test,23.961418701736207,28.901608986221262,14.4618101907606,0.008424025747460533,52.86302768795747,0.9999999996411675,0
ds4,30,279.25,1,0,test,17.477456515525205,33.676260509799825,8.79551538908856,2.3933415517568652e-05,51.15371702532503,0.999999999195625,0
ds4,30,279.75,1,0,test,28.372383711406325,18.397012602963404,7.8889651672874335,0.00804282362733549,46.76939631436973,0.9999999936691094,0
ds4,30,280.25,1,0,test,14.501920342793435,20.063814332243194,8.291875690275745,0.0016426521150279014,34.56573467503663,0.9999981632284309,0
ds4,30,280.75,1,0,test,14.567880970484058,31.993702512486017,16.23111074251642,0.0012360415826949262,46.56158348297008,0.9999999930207094,0
ds4,30,281.25,1,0,test,13.217479980709918,26.710300676271856,7.801473158850834,0.000984107672268026,39.927780656981774,0.9999998455708915,0
ds4,30,281.75,1,0,test,13.290894861773397,58.31437209244212,6.795661804385902,5.751270606127477e-05,71.60526695421552,0.9999999999999525,1
ds4,30,282.25,1,0,test,20.54312769983297,87.633242230978,12.337008746639736,0.0026901516388638217,108.17636993081096,1.0,1
ds4,30,282.75,1,0,test,12.539422594818337,75.12527554817025,18.320591752890742,0.0024782607825155024,87.66469814298858,1.0,1
ds4,30,283.25,1,0,test,12.368489605303827,130.23744268035279,5.371678115551034,0.0006175355805224853,142.60593228565662,1.0,1
ds4,30,283.75,1,0,test,11.679033850904055,104.8807939963748,26.701171879809294,0.0036307319799096867,116.55982784727885,1.0,1
ds4,30,284.25,1,0,test,24.237333277268444,75.3019524643744,2115.465715273114,0.06129215469950791,99.53928574164284,1.0,1
ds4,30,284.75,1,0,test,56.30722046674498,107.18926170181393,55.58975570003247,0.07210682719191476,163.4964821685589,1.0,1
ds4,30,285.25,1,0,test,18.567927341416695,156.84596345077063,26.761303624565183,0.005937523430490178,175.41389079218732,1.0,1
ds4,30,285.75,1,0,test,19.77484667922722,107.51696354832256,46.17809509291955,0.022010471370573652,127.29181022754979,1.0,1
ds4,30,286.25,1,0,test,28.63809925031674,174.0010691344278,27.642600959543707,0.001239406107273178,202.63916838474455,1.0,1
ds4,30,286.75,1,0,test,18.193627991350986,133.85145536216623,21.996900510876014,0.004150694685941176,152.0450833535172,1.0,1
ds4,30,287.25,1,0,test,17.74363744672823,156.65405510580797,161.21884646456596,9.693051920299869e-05,174.3976925525362,1.0,1
ds4,30,287.75,1,0,test,15.898581792077724,198.39665675242298,45.5473165365138,0.0005062810305562251,214.2952385445007,1.0,1
ds4,30,288.25,1,0,test,15.114230447662287,169.53861041772964,65.69108512505879,0.003396356314643556,184.65284086539194,1.0,1
ds4,30,288.75,1,0,test,18.479758561456784,197.10739392584384,588.2550891182304,0.03123053083755701,215.5871524873006,1.0,1
ds4,30,289.25,1,0,test,29.801001981614238,162.19967259484727,445.2901059624542,0.005932772979539532,192.0006745764615,1.0,1
ds4,30,289.75,1,0,test,20.368226949561926,86.92156137866012,85.89592355111645,0.0003461531426286324,107.28978832822204,1.0,1
ds4,30,290.25,1,0,test,22.085458162995355,164.497315644674,72.02727922874277,4.2657934616547435e-06,186.58277380766935,1.0,1
ds4,30,290.75,1,0,test,21.46696708233097,136.0678469009144,114.15350014406592,0.01430266621756389,157.53481398324536,1.0,1
ds4,30,291.25,1,0,test,26.695610122883,203.93671407140275,39.00023275735435,0.025224337081663245,230.63232419428576,1.0,1
ds4,30,291.75,1,0,test,29.35307465994636,144.23848013736597,51.47364974022038,0.008426954540112993,173.5915547973123,1.0,1
ds4,30,292.25,1,0,test,28.05852642677963,145.5791899788915,31.435701900481476,0.006509746823747863,173.6377164056711,1.0,1
ds4,30,292.75,1,0,test,28.81417144403363,164.82576915735478,43.828075135777766,0.0012164699294981674,193.63994060138842,1.0,1
ds4,30,293.25,1,0,test,28.775979704005138,118.63310950653461,42.44929814709293,0.0049983194524598875,147.40908921053975,1.0,1
ds4,30,293.75,1,0,test,26.806890964923298,108.04571714992919,47.859563787147366,0.000891055469564221,134.8526081148525,1.0,1
ds4,30,294.25,1,0,test,25.77227618205328,177.2665514952593,22.110605110063844,0.00985674952500745,203.03882767731258,1.0,1
ds4,30,294.75,1,0,test,26.068167607938225,158.6774201802654,4950.984766098892,0.06607459002747816,184.7455877882036,1.0,1
ds4,30,295.25,1,0,test,27.436785963917444,179.50970701779048,69.857009887986,0.020446181738780392,206.94649298170793,1.0,1
ds4,30,295.75,1,0,test,27.945988287800386,101.30298244363831,116.92563589707625,0.0003413159081883156,129.2489707314387,1.0,1
ds4,30,296.25,1,0,test,28.086447534818443,126.23588778808737,65.44644961235272,0.0001776871248887356,154.32233532290581,1.0,1
ds4,30,296.75,1,0,test,26.923096537596596,132.98751556517476,285.0647044710981,0.023678845971068056,159.91061210277135,1.0,1
ds4,30,297.25,1,0,test,28.468086202301926,161.3391920705878,101.33424949508057,0.0034494600966043522,189.80727827288973,1.0,1
ds4,30,297.75,1,0,test,26.535274746758805,172.25761825802456,133.63662949980596,0.0008467953023781898,198.79289300478337,1.0,1
ds4,30,298.25,1,0,test,29.97154614291814,141.27576269120246,171.26442927062413,0.0005563233974973194,171.2473088341206,1.0,1
ds4,30,298.75,1,0,test,24.285982853833,123.89709738374839,121.34441541713558,0.0008352146561839822,148.18308023758138,1.0,1
ds4,30,299.25,1,0,test,24.57045042581365,140.6799421622105,66.61417577754565,0.0014200869643411548,165.25039258802414,1.0,1
ds4,30,299.75,1,0,test,32.22900174856365,226.1959476264012,30.73337347119289,0.04731389091907778,258.42494937496485,1.0,1
ds4,30,300.25,1,0,test,28.19894153262461,152.49210622211112,44.63935569820061,0.0009831667383877606,180.69104775473573,1.0,1
ds4,30,300.75,1,0,test,26.38262412994967,223.99802980914845,31.611924128061123,0.0026446531177291696,250.38065393909812,1.0,1
ds4,30,301.25,1,0,test,25.575419270843014,133.50169597857754,29.006526977878412,0.003754968766596147,159.07711524942056,1.0,1
ds4,30,301.75,1,0,test,25.532712118921914,237.7531293747476,35.108994779486146,0.010902410872772845,263.2858414936695,1.0,1
ds4,30,302.25,1,0,test,24.493832593862567,124.2901786996111,24.44606322824764,0.003946213424414259,148.78401129347367,1.0,1
ds4,30,302.75,1,0,test,31.74638771328807,109.8306819620327,47.906043152803996,0.003428389218896999,141.57706967532076,1.0,1
ds4,30,303.25,1,0,test,27.403680066811912,139.2925706693777,50.40929771942925,4.031955227485475e-05,166.69625073618963,1.0,1
ds4,30,303.75,1,0,test,24.26004040859867,187.50053940624372,15.587121000783938,1.0760147233425262e-06,211.7605798148424,1.0,1
ds4,30,304.25,1,0,test,24.426470449615856,139.70111254090693,26.935267440148348,0.00013237381933999616,164.1275829905228,1.0,1
ds4,30,304.75,1,0,test,23.018162058646784,103.82432007393707,18.285685680198927,0.0004694877170631301,126.84248213258385,1.0,1
ds4,30,305.25,1,0,test,23.50958559620455,192.2889722344961,19.29516043016205,4.809707823576138e-05,215.79855783070064,1.0,1
ds4,30,305.75,1,0,test,21.33185318101271,147.6499109828975,12.586944440254797,0.0001342740413575557,168.9817641639102,1.0,1
ds4,30,306.25,1,0,test,32.20553001993842,156.68778796172327,9.381598765458698,0.005552011975963574,188.8933179816617,1.0,1
ds4,30,306.75,1,0,test,16.515589453498663,134.48721203136373,175.3664728263716,0.0049571795650596735,151.0028014848624,1.0,1
ds4,30,307.25,1,0,test,19.101300410890712,160.25999510772633,38.34079177148458,0.0017187136859666784,179.36129551861703,1.0,1
ds4,30,307.75,1,0,test,17.177768387105445,115.64645146512191,32.20415896327515,0.00012113953534866646,132.82421985222737,1.0,1
ds4,30,308.25,1,0,test,15.452359264429782,146.68892740343261,16.165324471200403,0.0022343305385519848,162.1412866678624,1.0,1
ds4,30,308.75,1,0,test,16.17936776409521,108.27976296164155,31.937566431341843,5.201791120140098e-05,124.45913072573677,1.0,1
ds4,30,309.25,1,0,test,15.29032782807221,140.96962197175003,15.995906278404442,9.700164426299909e-05,156.25994979982224,1.0,1
ds4,30,309.75,1,0,test,14.47396567087573,147.67694127233094,12.581295520050116,0.00035077922690368514,162.15090694320668,1.0,1
ds4,30,310.25,1,0,test,13.386408766154481,102.98612250130569,23.683726282765544,0.000205380211107367,116.37253126746018,1.0,1
ds4,30,310.75,1,0,test,13.577159975248502,155.6954455394142,16.800479874349584,1.225623690043521e-06,169.2726055146627,1.0,1
ds4,30,311.25,1,0,test,11.282218500877732,160.40716278290475,20.384676789035545,0.004520396676119718,171.6893812837825,1.0,1
ds4,30,311.75,1,0,test,11.289609998660177,172.16986257235743,26.61797523944338,0.0058640674663853806,183.4594725710176,1.0,1
ds4,30,312.25,1,0,test,19.13519080791909,150.81548093791176,48.686005271227486,0.007519771563504716,169.95067174583085,1.0,1
ds4,30,312.75,1,0,test,15.65537544405496,184.7432427676466,20.855491255381235,0.0011947401417464665,200.39861821170155,1.0,1
ds4,30,313.25,1,0,test,14.826632881717897,185.55192077574117,15.92670414707373,0.00015197795068582336,200.37855365745907,1.0,1
ds4,30,313.75,1,0,test,13.028586038547484,169.94922920523584,5.930604005497435,0.0023927621748979517,182.9778152437833,1.0,1
ds4,30,314.25,1,0,test,13.48567880944791,150.8356984062731,10.186811664420757,0.0022916622606017857,164.32137721572101,1.0,1
ds4,30,314.75,1,0,test,12.053655258621934,152.46813983376882,6.806699668445776,0.0005077993570935291,164.52179509239076,1.0,1
ds4,30,315.25,1,0,test,13.430143012308559,186.29238854883724,25.894657099185515,0.0014903261270063784,199.7225315611458,1.0,1
ds4,30,315.75,1,0,test,13.083528951639577,117.59213573904064,20.439852137012288,0.0012334419676455096,130.6756646906802,1.0,1
ds4,30,316.25,1,0,test,18.377045432299354,190.750830624566,122.3784283580013,0.010318493584476389,209.12787605686535,1.0,1
ds4,30,316.75,1,0,test,19.107314073783023,184.89737141316436,33.67180964965393,0.036216741683145245,204.00468548694738,1.0,1
ds4,30,317.25,1,0,test,16.955756472931284,166.21362769628155,13.505695254526369,0.0004322338583818541,183.16938416921283,1.0,1
ds4,30,317.75,1,0,test,17.584365580391022,173.14236695962373,50.71739238864517,8.593738038438539e-06,190.72673254001475,1.0,1
ds4,30,318.25,1,0,test,17.61526409845877,128.05042180636266,13.662238732403546,0.009824205866039932,145.66568590482143,1.0,1
ds4,30,318.75,1,0,test,17.691881566807897,133.23017425068085,7.185504718770049,0.0016172087760528869,150.92205581748874,1.0,1
ds4,30,319.25,1,0,test,17.186917978565653,138.5302819415371,20.156739850579925,0.006194219556788974,155.71719992010276,1.0,1
ds4,30,319.75,1,0,test,18.434353974303164,208.1397562485455,60.09353204185814,0.027760980521423853,226.57411022284867,1.0,1
ds4,30,320.25,1,0,test,20.52387180960452,246.63060950813139,32.80473939805723,0.02583906749752811,267.15448131773593,1.0,1
ds4,30,320.75,1,0,test,26.469969522250626,97.67577355712056,274.5240198063491,0.02504830839691761,124.14574307937119,1.0,1
ds4,30,321.25,1,0,test,22.724241601171663,210.0459027822224,36.239886101732665,0.0016713038579612715,232.77014438339407,1.0,1
ds4,30,321.75,1,0,test,21.078270056119443,208.37849336476899,25.41779675610511,0.0006406200007814052,229.45676342088842,1.0,1
ds4,30,322.25,1,0,test,47.79003428565406,176.22133356241466,31.813294539854514,0.029033589036968704,224.01136784806872,1.0,1
ds4,30,322.75,1,0,test,45.87197293539331,232.55487457091323,14228.098865038499,0.046822517188652366,278.42684750630656,1.0,1
ds4,30,323.25,1,0,test,30.242796315529993,163.57911073932698,42.044061840179786,0.009388071406507378,193.82190705485698,1.0,1
ds4,30,323.75,1,0,test,29.67854284459944,169.98075386698497,84.03061094377466,0.00393765597052407,199.6592967115844,1.0,1
ds4,30,324.25,1,0,test,31.189416768882797,197.45219700765355,48.50115748149844,0.016199801970366173,228.64161377653636,1.0,1
ds4,30,324.75,1,0,test,30.727245651767028,142.62750576483796,56.45247498763222,0.004422827424746444,173.35475141660498,1.0,1
ds4,30,325.25,1,0,test,32.670209600579625,193.99651164320727,45.60127184955566,0.00045566596775437204,226.6667212437869,1.0,1
ds4,30,325.75,1,0,test,30.706696400706495,123.99677884719785,39.19274684221205,0.014249066023519661,154.70347524790435,1.0,1
ds4,30,326.25,1,0,test,28.920212754016653,165.72766105882127,28.659556163482822,0.006833264917832756,194.64787381283793,1.0,1
ds4,30,326.75,1,0,test,27.75189394901224,148.05655071863876,28.570213965429144,0.02803660223780322,175.808444667651,1.0,1
ds4,30,327.25,1,0,test,28.807674118554445,184.62561261344652,27.115980817965042,0.0018554294453154336,213.43328673200097,1.0,1
ds4,30,327.75,1,0,test,26.931281643210095,178.0438914480342,86.02899379831544,0.026607155919072693,204.9751730912443,1.0,1
ds4,30,328.25,1,0,test,29.727871993267854,214.448769162412,52.380944060294034,0.009276935188572415,244.17664115567985,1.0,1
ds4,30,328.75,1,0,test,28.44301657171123,171.2505276576562,119.88819754953688,0.004035739604699467,199.69354422936743,1.0,1
ds4,30,329.25,1,0,test,29.10399925536488,189.71698709171122,95.21755373910626,0.006778570622959401,218.8209863470761,1.0,1
ds4,30,329.75,1,0,test,28.627770822037657,172.66417933888985,77.2403125607298,0.03659757879535427,201.2919501609275,1.0,1
ds4,30,330.25,1,0,test,29.289274086399207,223.33729287432988,56.31225873948161,0.049117458744496655,252.6265669607291,1.0,1
ds4,30,330.75,1,0,test,29.204034976192553,143.28048025293734,5668.3388209712475,0.0476257501779529,172.4845152291299,1.0,1
ds4,30,331.25,1,0,test,31.042148746886852,176.68560858219985,71.53282222475956,0.018905751741919073,207.7277573290867,1.0,1
ds4,30,331.75,1,0,test,34.90562021992268,151.75518207201554,32.31654572915815,0.008990811845438089,186.66080229193824,1.0,1
ds4,30,332.25,1,0,test,29.12605446937445,140.23898114278848,107.0126301480684,0.006758272484516257,169.36503561216293,1.0,1
ds4,30,332.75,1,0,test,30.00613232957555,188.13198571713576,212.65652650778398,0.022966591788634107,218.13811804671133,1.0,1
ds4,30,333.25,1,0,test,27.246950565753433,163.21698564169435,96.28944536120036,0.007696040878041345,190.46393620744777,1.0,1
ds4,30,333.75,1,0,test,27.251992321965094,147.5578262563923,52.805449877257374,0.008600855886909587,174.8098185783574,1.0,1
ds4,30,334.25,1,0,test,26.88527198061828,184.47626898611173,26.70156521525841,0.019037438946580502,211.36154096673002,1.0,1
ds4,30,334.75,1,0,test,26.425038414360266,161.7090248969489,49.890045268892685,0.0020595529101439134,188.13406331130918,1.0,1
ds4,30,335.25,1,0,test,26.382323485206626,116.0357083177882,25.717224469753685,0.00016187012472792297,142.41803180299485,1.0,1
ds4,30,335.75,1,0,test,25.72695307829367,158.4249720122481,26.77156090460478,0.003952214211293177,184.15192509054177,1.0,1
ds4,30,336.25,1,0,test,21.339525954302026,181.61834722572243,16.751221739983695,0.00402142605580662,202.95787318002445,1.0,1
ds4,30,336.75,1,0,test,20.983708551659173,129.1030148920802,41.50869645307767,0.021722982296725375,150.08672344373937,1.0,1
ds4,30,337.25,1,0,test,21.01025181399486,186.53609201409347,16.50838743795231,0.00021043911252256406,207.54634382808834,1.0,1
ds4,30,337.75,1,0,test,20.182789728298488,189.92171299662286,18.932519885694663,1.4181601379336175e-05,210.10450272492136,1.0,1
ds4,30,338.25,1,0,test,18.515483618941555,156.21418456674726,36.002581329936824,0.004255457051716469,174.7296681856888,1.0,1
ds4,30,338.75,1,0,test,35.45871963989008,103.91711971239366,21.898722580630036,0.0008426223147203704,139.37583935228372,1.0,1
ds4,30,339.25,1,0,test,15.472187655801955,149.54641843064152,50.10359454454487,0.004143203354999303,165.01860608644347,1.0,1
ds4,30,339.75,1,0,test,17.1374458155647,123.39428008841965,17.934641161740796,0.008016352884700009,140.53172590398435,1.0,1
ds4,30,340.25,1,0,test,17.462442704702283,150.04730092988544,13.692490827367163,0.0040448919033995116,167.50974363458772,1.0,1
ds4,30,340.75,1,0,test,18.494692785385116,188.30233890628222,11.941118242806967,0.013290649868085454,206.79703169166734,1.0,1
ds4,30,341.25,1,0,test,19.24865322722754,198.59362063832467,28.145149249944122,0.0019888405155777055,217.84227386555222,1.0,1
ds4,30,341.75,1,0,test,18.61293330181825,214.59549585563445,11.487150472817234,0.0036040523619555124,233.2084291574527,1.0,1
ds4,30,342.25,1,0,test,21.454228000956082,195.17187371202633,11.00947033581912,0.0008331621321131195,216.6261017129824,1.0,1
ds4,30,342.75,1,0,test,14.998603601511487,160.39173342358552,6.61825802041515,0.015909283684340286,175.390337025097,1.0,1
ds4,30,343.25,1,0,test,18.018832220821757,151.37630295232367,10.447869373690171,0.005165704377160785,169.39513517314543,1.0,1
ds4,30,343.75,1,0,test,14.932327049947407,130.63450139102437,21.307970315195156,0.003687760902564907,145.5668284409718,1.0,1
ds4,30,344.25,1,0,test,20.022826270253937,154.65032758866258,11.228497672278408,0.023134010629900583,174.67315385891652,1.0,1
ds4,30,344.75,1,0,test,17.300504072731172,127.33262124368068,18.38545645546394,0.004851190943100466,144.63312531641185,1.0,1
ds4,30,345.25,1,0,test,29.06088988858967,135.23529204413626,257.20360729121006,0.008917687575001663,164.29618193272591,1.0,1
ds4,30,345.75,1,0,test,22.312373741673987,187.23732994817254,30.604962455784765,0.015373953276103,209.54970368984652,1.0,1
ds4,30,346.25,1,0,test,21.466621715718585,177.39079319851126,37.756584913632636,0.0003987529004488915,198.85741491422985,1.0,1
ds4,30,346.75,1,0,test,45.086185081831324,136.4318638124959,21.91723005486788,0.06201795091145917,181.51804889432722,1.0,1
ds4,30,347.25,1,0,test,24.230504876647306,134.80349036877362,15.117149872367818,0.007834069833029141,159.03399524542093,1.0,1
ds4,30,347.75,1,0,test,32.28035477393834,157.2374050991216,255.00641950095658,0.021590909385802427,189.51775987305993,1.0,1
ds4,30,348.25,1,0,test,28.661272470383224,148.32744864734298,35.09984192927738,0.007893992661797663,176.9887211177262,1.0,1
ds4,30,348.75,1,0,test,30.149695282973134,159.21541343529515,58.749230057278886,0.00011506555624659987,189.3651087182683,1.0,1
ds4,30,349.25,1,0,test,24.307798104785387,189.24349986692417,140.80210365220924,0.03764463631410088,213.55129797170954,1.0,1
ds4,30,349.75,1,0,test,36.12247310507895,183.57080465782693,24.191953329195,0.0631776658980106,219.6932777629059,1.0,1
ds4,30,350.25,1,0,test,30.785186784677403,194.08986304710567,45.260907964258855,0.023662509998062586,224.87504983178306,1.0,1
ds4,30,350.75,1,0,test,29.767227052339834,122.68746488527248,95.13281447206604,0.006687368924703243,152.45469193761232,1.0,1
ds4,30,351.25,1,0,test,28.568213392114274,162.33021374181246,38.074282740876924,0.0013116555656401384,190.89842713392673,1.0,1
ds4,30,351.75,1,0,test,27.067158231943832,134.76063450331898,29.29649273941189,0.005947379077584126,161.82779273526282,1.0,1
ds4,30,352.25,1,0,test,25.41369824476952,107.35709283553867,26.745339626709143,0.0004768616660284236,132.7707910803082,1.0,1
ds4,30,352.75,1,0,test,24.056055917412184,138.1690772773599,35.091100014524294,0.0031467327084429785,162.22513319477207,1.0,1
ds4,30,353.25,1,0,test,20.8744381455295,188.6070505252609,22.823128207662226,0.002714543062241096,209.48148867079038,1.0,1
ds4,30,353.75,1,0,test,18.689358907827167,157.8590186255325,16.81973229989042,0.014038231049576357,176.54837753335968,1.0,1
ds4,30,354.25,1,0,test,30.172803348497165,120.468214581654,136.5900750040042,0.012642254763254677,150.64101793015115,1.0,1
ds4,30,354.75,1,0,test,17.056178301661525,152.4778951145686,19.58322380977293,0.0007645590392953302,169.53407341623014,1.0,1
ds4,30,355.25,1,0,test,15.442569565221438,112.31279138205268,50.25714567823281,0.0008400908083934206,127.75536094727411,1.0,1
ds4,30,355.75,1,0,test,29.37517533710569,162.11067652412186,18.355380015740483,0.016949489794819177,191.48585186122756,1.0,1
ds4,30,356.25,1,0,test,18.002116831964216,251.68930692512802,33.78302747050886,0.004266732809096453,269.69142375709225,1.0,1
ds4,30,356.75,1,0,test,16.926423325311127,167.15167841449286,128.0433965660815,0.034488090859597725,184.078101739804,1.0,1
ds4,30,357.25,1,0,test,39.976847283926524,173.71400572237704,77.40950792815765,1.711678867336333e-05,213.69085300630357,1.0,1
ds4,30,357.75,1,0,test,19.545980647435094,149.65291694258477,74.59068573226698,0.00413509778635315,169.19889759001987,1.0,1
ds4,30,358.25,1,0,test,24.98181621292833,184.86031869234037,46.26560164691386,0.005779026217330713,209.8421349052687,1.0,1
ds4,30,358.75,1,0,test,14.39502474991668,114.56972782015751,20.893079248515814,0.0017337733410770879,128.96475257007418,1.0,1
ds4,30,359.25,1,0,test,15.82383253407103,137.65524316604757,29.256061349908798,0.010769579820619074,153.47907570011859,1.0,1
ds4,30,359.75,1,0,test,20.85611551811924,158.09586481557358,17.43310507790148,0.012396622809203353,178.9519803336928,1.0,1
ds4,30,360.25,1,0,test,14.290944012400344,212.26620796452923,1917.5471482704243,0.031432488910632266,226.55715197692956,1.0,1
ds4,30,360.75,1,0,test,13.485500158284983,141.2121199585129,32.56566537614326,0.01765671337803105,154.69762011679788,1.0,1
ds4,30,361.25,1,0,test,12.902624918556823,174.92778150224092,46.095553820535656,5.066688391092878e-05,187.83040642079774,1.0,1
ds4,30,361.75,1,0,test,11.876520638818597,155.57930610190704,42.3170528324403,0.0029051100152965724,167.45582674072563,1.0,1
ds4,30,362.25,1,0,test,12.42058132708123,155.57884714844766,41.55387778469815,0.0011472821079977554,167.9994284755289,1.0,1
ds4,30,362.75,1,0,test,12.12562683956555,145.61898024005185,37.55888438778411,8.104310358511755e-05,157.7446070796174,1.0,1
ds4,30,363.25,1,0,test,11.03291621149486,174.42886760048566,21.052950414313575,2.1702596066508336e-05,185.46178381198052,1.0,1
ds4,30,363.75,1,0,test,9.374658255503302,121.8274200779712,30.19287695597935,0.002543870214536607,131.2020783334745,1.0,1
ds4,30,364.25,1,0,test,9.562382782458247,152.4392830673402,26.744377008088204,0.0005738423510624539,162.00166584979846,1.0,1
ds4,30,364.75,1,0,test,9.687278265414708,166.23817040783044,23.537527246684252,0.0007773693051253991,175.92544867324514,1.0,1
ds4,30,365.25,1,0,test,10.614005943507316,184.2189283096275,44.01162102864852,0.0008655389569784381,194.83293425313482,1.0,1
ds4,30,365.75,1,0,test,10.996409407007707,177.82355538727813,19.86532073353798,0.0013956976203573972,188.81996479428585,1.0,1
ds4,30,366.25,1,0,test,12.70433820787404,183.87339088574322,14.03729350732652,0.0018779819409367414,196.57772909361725,1.0,1
ds4,30,366.75,1,0,test,11.903404972726985,153.51044911855308,17.0792016667573,0.007045667150233623,165.41385409128006,1.0,1
ds4,30,367.25,1,0,test,12.17430735153622,164.62101347861002,18.351247201369894,0.007055412379450559,176.79532083014624,1.0,1
ds4,30,367.75,1,0,test,16.512868028190194,141.15354622608643,13.94821877236033,0.020763383676645764,157.66641425427662,1.0,1
ds4,30,368.25,1,0,test,13.74550594026326,142.6269919301829,32.6208927030669,0.0002739294667950753,156.37249787044615,1.0,1
ds4,30,368.75,1,0,test,13.867579399403098,167.6139273377744,10.882164761134954,0.004563134138909346,181.4815067371775,1.0,1
ds4,30,369.25,1,0,test,16.059000478805796,166.63742831850422,18.746189500496197,0.0010849562207481032,182.69642879731,1.0,1
ds4,30,369.75,1,0,test,15.357793925533922,147.66031978634098,23.184608108614476,0.018397475255658415,163.0181137118749,1.0,1
ds4,30,370.25,1,0,test,16.55538853583936,157.14579833125657,49.497619717212615,0.0002100506454662615,173.70118686709594,1.0,1
ds4,30,370.75,1,0,test,17.721108172789258,132.27568416879555,80.98292188523604,0.00044028874663729875,149.9967923415848,1.0,1
ds4,30,371.25,1,0,test,15.142687067725019,146.4102077162579,54.816534152249716,0.000759322553784822,161.5528947839829,1.0,1
ds4,30,371.75,1,0,test,14.237635470361097,188.0580535615584,64.58083513576688,0.00627912795994203,202.2956890319195,1.0,1
ds4,30,372.25,1,0,test,14.826809898980157,165.75496231513802,63.756088924519865,0.004995339545299353,180.58177221411816,1.0,1
ds4,30,372.75,1,0,test,27.872800591964012,141.82820419384748,189.03715082018118,0.036079074957190344,169.7010047858115,1.0,1
ds4,30,373.25,1,0,test,19.597183286811642,157.7754113514152,51.329619232081086,0.0009362485071628228,177.37259463822681,1.0,1
ds4,30,373.75,1,0,test,18.055878585358478,115.22174508717389,65.973876064041,1.5072298139923125e-05,133.27762367253237,1.0,1
ds4,30,374.25,1,0,test,15.973815286977974,161.20884025865183,38.63942400342353,0.0012509442776762719,177.1826555456298,1.0,1
ds4,30,374.75,1,0,test,16.721525818768313,164.29224998084538,118.59510929572122,0.006284858842309405,181.0137757996137,1.0,1
ds4,30,375.25,1,0,test,17.763791434606468,195.71952413698543,23.20428698441478,0.007048629197706268,213.4833155715919,1.0,1
ds4,30,375.75,1,0,test,16.765401268391074,161.0054585574261,36.8526490572907,0.003617604675110429,177.77085982581718,1.0,1
ds4,30,376.25,1,0,test,18.86093485754524,126.73208153464009,38.855581306806435,0.025441129790421898,145.59301639218532,1.0,1
ds4,30,376.75,1,0,test,22.10480477554393,170.69167556952058,26.64762564402452,0.0064102699445551335,192.7964803450645,1.0,1
ds4,30,377.25,1,0,test,21.33953203938838,162.55424230667202,20.4684254809933,0.005903142326220844,183.8937743460604,1.0,1
ds4,30,377.75,1,0,test,54.148804049976924,172.78207560024228,22.502928604004186,0.03889933879777423,226.9308796502192,1.0,1
ds4,30,378.25,1,0,test,28.08345444597893,206.40016488085033,32.43182101919036,0.008040178609480331,234.48361932682926,1.0,1
ds4,30,378.75,1,0,test,28.15801073401145,187.1316963598057,37.38322200977765,0.012946429159039909,215.28970709381713,1.0,1
ds4,30,379.25,1,0,test,29.2410194180192,143.83488415778388,452.02000194165254,0.0017034386610883033,173.07590357580307,1.0,1
ds4,30,379.75,1,0,test,29.828122105349266,268.62869633830377,45.012669795220745,0.02451793995778782,298.45681844365305,1.0,1
ds4,30,380.25,1,0,test,44.99068630915441,207.4366121529094,150.0879893485318,0.06912362550082563,252.4272984620638,1.0,1
ds4,30,380.75,1,0,test,37.19616334686214,253.6536288088428,49.19340787122389,0.01489835217564503,290.84979215570496,1.0,1
ds4,30,381.25,1,0,test,34.73063316880135,213.23256251594924,43.476756857333754,0.0006501170130106699,247.9631956847506,1.0,1
ds4,30,381.75,1,0,test,33.850975168720296,166.47096610441497,55.52811985359949,8.098705488895654e-05,200.32194127313528,1.0,1
ds4,30,382.25,1,0,test,33.17230038920509,164.55385445879418,551.1408770254832,0.000669664383114807,197.72615484799928,1.0,1
ds4,30,382.75,1,0,test,30.62437820102418,170.78024227679634,54.44681715454533,0.02763327051293781,201.40462047782052,1.0,1
ds4,30,383.25,1,0,test,56.321562792015854,197.4444306166693,49.201197483937335,0.02380290657025229,253.76599340868518,1.0,1
ds4,30,383.75,1,0,test,39.052182795883574,114.51976960671284,90.45548370830194,8.905702066252802e-05,153.57195240259642,1.0,1
ds4,30,384.25,1,0,test,44.440610398116945,127.55919881304699,45.99757217727799,0.014110464078441212,171.99980921116395,1.0,1
ds4,30,384.75,1,0,test,31.56330013162281,127.69045553744668,46.00233378584763,0.003550210000263578,159.2537556690695,1.0,1
ds4,30,385.25,1,0,test,29.49400337806571,166.85273717267845,69.50701440477641,0.003850407537007265,196.34674055074416,1.0,1
ds4,30,385.75,1,0,test,29.082403739631626,134.0344043641882,30.45655156644547,0.0006930241355285282,163.1168081038198,1.0,1
ds4,30,386.25,1,0,test,33.53511015763482,164.98816569803125,26.271066106494647,0.021614461908156923,198.52327585566607,1.0,1
ds4,30,386.75,1,0,test,33.00516481658967,171.4271624821002,56.82645145225117,0.010171126446412158,204.43232729868987,1.0,1
ds4,30,387.25,1,0,test,30.63409415982637,154.08119414647132,188.08516957515687,0.004822339763008572,184.71528830629768,1.0,1
ds4,30,387.75,1,0,test,29.586426596731176,126.78692223416803,81.89912344126647,0.005404275010095293,156.3733488308992,1.0,1
ds4,30,388.25,1,0,test,27.209035611485064,156.55130163463159,100.10144376812855,0.0015685623505941964,183.76033724611665,1.0,1
ds4,30,388.75,1,0,test,33.262820040133036,173.10126432456303,77.59927083726312,0.0006227671255722774,206.36408436469605,1.0,1
ds4,30,389.25,1,0,test,22.832362459704125,174.6923639597076,65.2139120916596,0.00048667179873104917,197.5247264194117,1.0,1
ds4,30,389.75,1,0,test,22.069159055699842,176.5680571674702,84.3616836711359,0.0031134290876498535,198.63721622317001,1.0,1
ds4,30,390.25,1,0,test,23.138346230459213,137.72294974339584,46.38208248585909,0.013678334294459936,160.86129597385505,1.0,1
ds4,30,390.75,1,0,test,26.990745174422337,171.94759914095076,18.49369183058862,0.0058741092245507675,198.9383443153731,1.0,1
ds4,30,391.25,1,0,test,25.73293196285486,136.89161421672918,45.82831524632226,0.0014165206389843987,162.62454617958403,1.0,1
ds4,30,391.75,1,0,test,29.344692672850353,127.75320987341274,24.63676711566493,5.35291786345732e-05,157.0979025462631,1.0,1
ds4,30,392.25,1,0,test,21.884304984656854,129.37218860889604,16.86457167327836,0.0015815535264149419,151.2564935935529,1.0,1
ds4,30,392.75,1,0,test,19.559709154539735,165.8458716071093,334.81552688971965,0.003415144827068033,185.40558076164905,1.0,1
ds4,30,393.25,1,0,test,22.534116124844235,154.22904395301734,42.37139954034423,0.0010875505755373798,176.76316007786158,1.0,1
ds4,30,393.75,1,0,test,16.975626704541412,167.1158011742876,30.327780366979912,0.002389412980765667,184.09142787882902,1.0,1
ds4,30,394.25,1,0,test,16.133288296828397,187.22271900781487,17.140867363727423,0.0026973325720266194,203.35600730464327,1.0,1
ds4,30,394.75,1,0,test,15.958593842469233,109.62188646170158,14.59753893287521,0.0004756716301516622,125.5804803041708,1.0,1
ds4,30,395.25,1,0,test,14.950397346740383,126.12149411257813,26.138573617728213,0.00019790345229979723,141.07189145931852,1.0,1
ds4,30,395.75,1,0,test,16.328707005487676,145.66295403913327,59.47858721808103,0.0016077197896031345,161.99166104462094,1.0,1
ds4,30,396.25,1,0,test,16.386466944531797,165.13106080339912,17.23175682295656,0.004496705690021777,181.51752774793093,1.0,1
ds4,30,396.75,1,0,test,16.944714136624288,153.69315754782826,12.781076708808092,0.0019396411799928576,170.63787168445256,1.0,1
ds4,30,397.25,1,0,test,16.910120747309968,137.33791297475034,33.10320904206423,0.00644497026666871,154.2480337220603,1.0,1
ds4,30,397.75,1,0,test,16.928600936527005,164.14956204897263,28.507786106850933,0.022768103091388627,181.07816298549963,1.0,1
ds4,30,398.25,1,0,test,16.840950074748534,159.39234296352276,18.467980034405446,0.0002577920558969744,176.2332930382713,1.0,1
ds4,30,398.75,1,0,test,23.653472930454647,174.95503198250782,662.1782294529547,0.00553799202020127,198.60850491296247,1.0,1
ds4,30,399.25,1,0,test,18.643562471501003,125.97312358999471,25.269397621074965,0.0013398523647467138,144.61668606149573,1.0,1
ds4,30,399.75,1,0,test,18.305917457614097,148.5932417424468,47.71563364555491,0.0012343793346885367,166.8991592000609,1.0,1
ds4,30,400.25,1,0,test,17.277377406919847,180.69752433854546,13.094597334962257,0.014667159353323229,197.9749017454653,1.0,1
ds4,30,400.75,1,0,test,18.109094578149598,139.1885071382944,18.573741592351002,0.0022522562984014054,157.297601716444,1.0,1
ds4,30,401.25,1,0,test,16.992485880795385,152.49313714146425,13.986393195553735,0.00287094594088679,169.48562302225963,1.0,1
ds4,30,401.75,1,0,test,17.496529530414858,121.90293039824789,20.402142796663956,0.002547720598586113,139.39945992866274,1.0,1
ds4,30,402.25,1,0,test,22.684438007073478,140.10887145139048,764.6295263258991,0.09145415880321515,162.79330945846397,1.0,1
ds4,30,402.75,1,0,test,19.682774335371516,155.0831285289496,30.509433884455518,0.002644583688027408,174.7659028643211,1.0,1
ds4,30,403.25,1,0,test,19.654870617042107,162.79939665774833,19.056941966311747,0.0007815725570245205,182.45426727479042,1.0,1
ds4,30,403.75,1,0,test,24.118094186478285,175.92159936452654,24.29880192484752,0.005976322488698108,200.03969355100483,1.0,1
ds4,30,404.25,1,0,test,16.27046310944625,153.92604455214837,1884.6999502814126,0.009548257311372196,170.1965076615946,1.0,1
ds4,30,404.75,1,0,test,18.153800777436295,175.15899919671992,50.9152223986185,0.018905153571806995,193.3127999741562,1.0,1
ds4,30,405.25,1,0,test,27.511030364004604,147.15550159782669,40.851089962923425,3.3581152169244554e-06,174.66653196183128,1.0,1
ds4,30,405.75,1,0,test,21.345379232131563,143.2142050174389,46.72708760657997,0.0015633767438850196,164.55958424957046,1.0,1
ds4,30,406.25,1,0,test,12.539068201757038,159.7811924525531,52.11643946990112,0.009862398096891671,172.32026065431015,1.0,1
ds4,30,406.75,1,0,test,12.312999928781268,125.2948491104982,28.392809570340777,6.154186372531506e-05,137.60784903927947,1.0,1
ds4,30,407.25,1,0,test,11.531314033236567,117.07240908419978,29.934417622828764,0.006258466514799939,128.60372311743635,1.0,1
ds4,30,407.75,1,0,test,12.747676429208791,115.66231755935624,24.21890853411325,0.002658680373896761,128.40999398856502,1.0,1
ds4,30,408.25,1,0,test,16.869321048495237,181.76511386765293,39.99723774408519,0.02117082620115946,198.63443491614817,1.0,1
ds4,30,408.75,1,0,test,15.226064157046723,164.68098753022824,18.064151115332553,0.0013959061330308016,179.90705168727496,1.0,1
ds4,30,409.25,1,0,test,12.803679287451638,119.24378341404116,52.260448627260494,9.62116020702652e-07,132.0474627014928,1.0,1
ds4,30,409.75,1,0,test,10.972413729497708,167.39572358904024,37.597296189085164,1.5018275944817715e-05,178.36813731853795,1.0,1
ds4,30,410.25,1,0,test,9.872701042456738,118.69045823835769,22.476195875191003,0.0018708318525820732,128.56315928081443,1.0,1
ds4,30,410.75,1,0,test,10.250691527232227,147.62246426262695,33.55399674088245,0.0005338240319619875,157.87315578985917,1.0,1
ds4,30,411.25,1,0,test,10.912519749593343,151.09031447899045,14.921371092890372,0.0008793504530732462,162.0028342285838,1.0,1
ds4,30,411.75,1,0,test,12.644332015901393,116.71605928693235,50.4073548880025,0.000441883857908869,129.36039130283373,1.0,1
ds4,30,412.25,1,0,test,8.519380488755111,121.0789131043293,18.135060365105833,0.00023189355876422098,129.5982935930844,1.0,1
ds4,30,412.75,1,0,test,6.833287971743006,145.96121340305413,10.453110608004028,0.003877751352890799,152.79450137479714,1.0,1
ds4,30,413.25,1,0,test,5.634700465463736,135.31625751196336,9.147100652767334,0.00032670040131848113,140.9509579774271,1.0,1
ds4,30,413.75,1,0,test,6.353060949288352,139.97108506750507,46.302432235039866,0.001766192269096449,146.32414601679343,1.0,1
ds4,30,414.25,1,0,test,7.120829421964504,132.53417888407418,12.464791460972192,0.00037842558116161503,139.6550083060387,1.0,1
ds4,30,414.75,1,0,test,6.609510065140084,129.94828760804978,14.519884712084306,0.0029434390332326007,136.55779767318987,1.0,1
ds4,30,415.25,1,0,test,32.01331667517283,180.7407362672745,25.234385582001316,0.0006615026932658143,212.75405294244734,1.0,1
ds4,30,415.75,1,0,test,3.869405771206306,162.23462959465448,7.189303930184835,0.008402339627635695,166.1040353658608,1.0,1
ds4,30,416.25,1,0,test,4.710149605283673,125.70291970212587,10.356808987888776,0.00010680658261073495,130.41306930740953,1.0,1
ds4,30,416.75,1,0,test,5.514266438387764,160.14287249348322,17.60496534201235,0.005387556685214006,165.65713893187097,1.0,1
ds4,30,417.25,1,0,test,6.522588533521016,119.87767972301093,33.52576969219061,0.006912197046741823,126.40026825653194,1.0,1
ds4,30,417.75,1,0,test,6.574183562938535,129.82468797254236,10.91826966014928,0.0018320111404902368,136.3988715354809,1.0,1
ds4,30,418.25,1,0,test,6.544096676256438,164.2071917349401,10.979420701481605,1.254245812407409e-06,170.75128841119653,1.0,1
ds4,30,418.75,1,0,test,28.378925872512436,149.60584203765896,78.11673365189439,0.01689862774705333,177.9847679101714,1.0,1
ds4,30,419.25,1,0,test,10.246346022069885,127.22424568648198,13.1542332714061,0.0021583939075174373,137.47059170855186,1.0,1
ds4,30,419.75,1,0,test,27.171559431993728,136.14123647948202,25.165504347603193,1.3252873484385995e-05,163.31279591147575,1.0,1
ds4,30,420.25,1,0,test,7.2696404689022,136.77574235030977,10.481131314847321,0.00014443940029982706,144.04538281921197,1.0,1
ds4,30,420.75,1,0,test,6.971633831552138,121.23044045854564,15.280432573561775,0.0023076380511076987,128.20207429009778,1.0,1
ds4,30,421.25,1,0,test,8.54585985338183,175.22958302410007,79.84469409382116,0.0009035267272415299,183.7754428774819,1.0,1
ds4,30,421.75,1,0,test,7.744798136429998,136.41644609208723,31.46260021867782,0.009390921928455252,144.16124422851723,1.0,1
ds4,30,422.25,1,0,test,44.3132046407618,159.33404945864126,54.36980391025891,0.06752311907124434,203.64725409940306,1.0,1
ds4,30,422.75,1,0,test,15.345887039005282,140.48847064917456,42.05110183868461,0.0009210040535908912,155.83435768817984,1.0,1
ds4,30,423.25,1,0,test,13.439258949906494,178.12032613530417,384.60741022051087,0.009421772812280113,191.55958508521067,1.0,1
ds4,30,423.75,1,0,test,14.988635659614099,179.05782739713644,140.86687945130453,0.0036554899627122437,194.04646305675053,1.0,1
ds4,30,424.25,1,0,test,14.98220294649203,151.7487805951703,95.18159282345394,0.0019664188274735356,166.73098354166234,1.0,1
ds4,30,424.75,1,0,test,14.797703678551933,213.86960301810367,71.93921696088579,0.00023048461450961614,228.6673066966556,1.0,1
ds4,30,425.25,1,0,test,14.43039499074648,188.01416611903466,95.93672416203832,0.024651010053922756,202.44456110978115,1.0,1
ds4,30,425.75,1,0,test,16.31078946608642,64.13653037187187,55.444461614896355,0.0003466022943928885,80.44731983795829,0.9999999999999993,1
ds4,30,426.25,1,0,test,17.47549356801372,132.65274867310038,37.912203410003414,0.0009071063403668093,150.1282422411141,1.0,1
ds4,30,426.75,1,0,test,23.061187782230604,169.3193336121468,26.235821298625815,0.0008887170313405635,192.3805213943774,1.0,1
ds4,30,427.25,1,0,test,15.366374648307012,130.8240486071641,27.098513886557434,0.0015052413673253572,146.1904232554711,1.0,1
ds4,30,427.75,1,0,test,17.810366465023776,214.47329542860544,16.67174311062749,0.0007301720653696764,232.28366189362922,1.0,1
ds4,30,428.25,1,0,test,17.331433550653173,115.48229851270182,47.337169610733746,0.008539777320095655,132.813732063355,1.0,1
ds4,30,428.75,1,0,test,37.838887630938224,184.07643287155773,15.859664936163469,0.058108115263953986,221.91532050249594,1.0,1
ds4,30,429.25,1,0,test,25.834105285314827,155.11866137011464,234.56961847145683,0.02386417297435796,180.95276665542946,1.0,1
ds4,30,429.75,1,0,test,25.751333964593005,169.4389384805744,29.389313007451616,0.002168327377385837,195.1902724451674,1.0,1
ds4,30,430.25,1,0,test,23.22577448338629,166.0627993239201,15.7907927383115,0.001626254975951502,189.2885738073064,1.0,1
ds4,30,430.75,1,0,test,22.779247834600866,137.1727619446838,19.713741024094915,0.00253615260488838,159.95200977928465,1.0,1
ds4,30,431.25,1,0,test,22.385180135754243,173.02003358814665,15.777430446562686,0.00010865140663959156,195.40521372390089,1.0,1
ds4,30,431.75,1,0,test,22.75689761101415,146.1098569961794,8.664437333047628,0.0035509744196143772,168.86675460719354,1.0,1
ds4,30,432.25,1,0,test,23.757162241188873,166.0136413222196,24.94408865908365,0.0059722293976581,189.77080356340846,1.0,1
ds4,30,432.75,1,0,test,25.44050823743727,150.90155269433058,10.348971604812737,0.004364542624122271,176.34206093176783,1.0,1
ds4,30,433.25,1,0,test,26.33433042697859,151.74210582974231,7.058252280805479,0.0006537178726513294,178.0764362567209,1.0,1
ds4,30,433.75,1,0,test,21.450371537913902,147.64366674201347,11.566789697974304,0.0011522715158244516,169.09403827992736,1.0,1
ds4,30,434.25,1,0,test,19.238203536306184,196.27764475224308,26.537828614275934,0.012005681351612433,215.51584828854925,1.0,1
ds4,30,434.75,1,0,test,25.348869694706732,167.45223134010968,266.02555209246555,0.006703856964142168,192.8011010348164,1.0,1
ds4,30,435.25,1,0,test,21.872955857884328,187.406449173518,50.212679419859874,0.014527109472340205,209.27940503140235,1.0,1
ds4,30,435.75,1,0,test,23.520195410304353,186.28243112592452,51.2109138884843,0.0047246260740421726,209.80262653622887,1.0,1
ds4,30,436.25,1,0,test,22.17103109611458,159.1473032910163,16.441630468852257,8.375641852183636e-06,181.31833438713088,1.0,1
ds4,30,436.75,1,0,test,23.695174648603643,226.72259874575207,30.508796026047722,0.01023023805350131,250.41777339435572,1.0,1
ds4,30,437.25,1,0,test,25.489607986409773,142.03086480035813,12.746271286563605,0.0037650199161349857,167.5204727867679,1.0,1
ds4,30,437.75,1,0,test,24.99392642921268,208.11880891507764,65.2608112747264,6.193500912895203e-05,233.11273534429031,1.0,1
ds4,30,438.25,1,0,test,24.800204361331474,195.09342081767807,23.47977971992473,0.0007846624904873881,219.89362517900955,1.0,1
ds4,30,438.75,1,0,test,23.684377568973932,159.56164433799825,33.809964492436485,0.001985101850677508,183.24602190697217,1.0,1
ds4,30,439.25,1,0,test,23.54943376077834,211.05901103532145,11.068530058644605,0.0021642671165049017,234.60844479609977,1.0,1
ds4,30,439.75,1,0,test,22.82221822091794,168.56735120157725,20.38517892132129,0.00012934939809746413,191.38956942249519,1.0,1
ds4,30,440.25,1,0,test,21.73447259812195,133.30182489405425,15.181067184186452,0.00011736555096638349,155.0362974921762,1.0,1
ds4,30,440.75,1,0,test,19.336560108840814,121.78179327095515,18.689289328365206,0.004204179468906661,141.11835337979596,1.0,1
ds4,30,441.25,1,0,test,20.595703963186075,142.34169110304828,12.396253016440903,4.1383969298879144e-05,162.93739506623436,1.0,1
ds4,30,441.75,1,0,test,18.41290460684536,169.02893038354276,65.43339807120462,0.005219196822782441,187.44183499038812,1.0,1
ds4,30,442.25,1,0,test,19.672223958661586,149.41743085019067,19.80395406043357,0.006527213884062577,169.08965480885226,1.0,1
ds4,30,442.75,1,0,test,20.69418952458046,137.25608681312954,21.493548175200612,0.0001491509491446297,157.95027633771,1.0,1
ds4,30,443.25,1,0,test,17.08192252258164,132.43385993903755,46.351764123699496,0.0014506693238443965,149.51578246161918,1.0,1
ds4,30,443.75,1,0,test,15.87377925686964,165.5647264567995,44.130037111842704,0.0030023111234726723,181.43850571366914,1.0,1
ds4,30,444.25,1,0,test,17.28627752056969,177.1939173972216,26.686551822513735,0.0039912469703924595,194.4801949177913,1.0,1
ds4,30,444.75,1,0,test,17.555831269345852,182.25096269377858,36.80241253534263,0.009873779487146107,199.80679396312442,1.0,1
ds4,30,445.25,1,0,test,18.154072228995933,143.88114138699933,295.7395296277994,0.006783279638447967,162.03521361599527,1.0,1
ds4,30,445.75,1,0,test,17.91167809410897,188.61332013774947,43.37485822826314,0.0002848886024995953,206.52499823185843,1.0,1
ds4,30,446.25,1,0,test,15.451960384005508,184.6092467170499,25.55053640606311,0.0018366807573145156,200.0612071010554,1.0,1
ds4,30,446.75,1,0,test,15.045591306768529,124.80205471768551,20.733436399019983,1.696561475824514e-06,139.84764602445404,1.0,1
ds4,30,447.25,1,0,test,13.806108163623154,158.58657645259865,23.62915885900142,0.0004410249631354972,172.3926846162218,1.0,1
ds4,30,447.75,1,0,test,13.33029585175039,140.0809650900115,22.024604002501242,0.0010038881102381878,153.41126094176187,1.0,1
ds4,30,448.25,1,0,test,12.74502464569855,189.87809415340317,12.095186097090771,8.539262753401231e-05,202.62311879910172,1.0,1
ds4,30,448.75,1,0,test,12.059260946848672,188.55077251360188,7.500436057281808,0.0011000592528969432,200.61003346045055,1.0,1
ds4,30,449.25,1,0,test,12.829495200581713,153.7815287347987,8.276108391233324,0.00032871703287708025,166.61102393538042,1.0,1
ds4,30,449.75,1,0,test,12.984109716475794,157.04287765978452,40.69558181716952,3.832216332682137e-05,170.0269873762603,1.0,1
ds4,30,450.25,1,0,test,12.720514925423782,195.352688499548,20.91141406120405,0.0005301432801931718,208.07320342497178,1.0,1
ds4,30,450.75,1,0,test,13.149216107778274,137.95129654315608,13.228732634721803,0.0028888756856989897,151.10051265093435,1.0,1
ds4,30,451.25,1,0,test,12.969968290025733,142.28816251240434,16.746815280277893,0.00010685051212043248,155.25813080243006,1.0,1
ds4,30,451.75,1,0,test,11.759834327071678,181.87042302377392,12.779373901604366,0.0009934630851533444,193.6302573508456,1.0,1
ds4,30,452.25,1,0,test,10.97730734228229,184.9206818057402,10.229794093576801,0.0013423144606757662,195.8979891480225,1.0,1
ds4,30,452.75,1,0,test,10.679352808403094,134.9398896802598,8.871122981242948,0.002867149278424684,145.61924248866288,1.0,1
ds4,30,453.25,1,0,test,11.192052172799375,166.24193222634284,44.6839561628162,1.142055490890143e-05,177.43398439914222,1.0,1
ds4,30,453.75,1,0,test,11.71007493663985,148.08181943188868,20.682106594408967,0.02985094001583336,159.79189436852852,1.0,1
ds4,30,454.25,1,0,test,10.205412409547424,134.09498501177757,14.25954076358521,0.0036490562345240893,144.300397421325,1.0,1
ds4,30,454.75,1,0,test,10.857442024587632,153.04588307172972,18.080992935950672,0.0001993495293947363,163.90332509631736,1.0,1
ds4,30,455.25,1,0,test,11.08385723698753,177.469837032803,20.568028861708598,2.5311314417269817e-05,188.55369426979055,1.0,1
ds4,30,455.75,1,0,test,14.01124091568773,162.8510312810856,27.942457415610033,0.005251519399340998,176.86227219677332,1.0,1
ds4,30,456.25,1,0,test,12.635396156659471,169.48090375726278,23.565948786127954,0.0007364942968048448,182.11629991392226,1.0,1
ds4,30,456.75,1,0,test,11.682947697468103,94.24850722902421,15.435763661460806,0.0011465064497256218,105.93145492649232,1.0,1
ds4,30,457.25,1,0,test,16.266100127226323,153.0960189324953,15.972181785634465,0.008617198805659445,169.36211905972164,1.0,1
ds4,30,457.75,1,0,test,10.31814611693986,145.26374407549636,165.5985187754317,0.010052362609984038,155.58189019243622,1.0,1
ds4,30,458.25,1,0,test,9.251579951272857,113.12035008667577,47.16657705319945,0.0013272973441533413,122.37193003794863,1.0,1
