scenario,prn,t_s,label,captured,split,d_power,d_shape,d_track,d_dyn,d_total,p_spoof,pred
cleanStatic,3,384.25,0,0,test,0.6159037210656221,0.9941076356131355,1.1299543234021145,0.006117391861218969,1.6100113566787577,0.0999639698570841,0
cleanStatic,6,384.25,0,0,test,0.39136211815912086,2.2330290969067548,1.124786293963957,0.006643441782802128,2.6243912150658755,0.24234407873025768,0
cleanStatic,7,384.25,0,0,test,4.551436003306354,0.7048687721691553,1.7123087245485955,0.020587856914502777,5.25630477547551,0.6145921731974424,0
cleanStatic,8,384.25,0,0,test,5.355147079368122,27.630782766921932,144.45781210890803,2.2984869826100184e-05,32.985929846290055,0.9999962122796577,0
cleanStatic,10,384.25,0,0,test,0.836341839377695,6.796908230305482,1.347330625880655,0.004828764017522438,7.633250069683178,0.8223601027021088,0
cleanStatic,11,384.25,0,0,test,1.334985921336232,46.788903286128594,62.95441740086637,0.0032692599735269796,48.12388920746483,0.9999999966490175,0
cleanStatic,13,384.25,0,0,test,1.4660169566762233,0.6880273291568778,0.5105763648746506,0.015152189876806256,2.154044285833101,0.17255439516206622,0
cleanStatic,16,384.25,0,0,test,0.4287094959662324,0.798584910616714,0.4409235253922824,0.016853239395557277,1.2272944065829465,0.05776781108594313,0
cleanStatic,19,384.25,0,0,test,0.31836514696405604,4.357036558348603,0.4281360237831381,0.013700083966874376,4.675401705312659,0.543236446415925,0
cleanStatic,20,384.25,0,0,test,0.10242850338786559,8.877921505034694,4.717191161592041,8.666027683888778e-06,8.98035000842256,0.8901494984683355,0
cleanStatic,23,384.25,0,0,test,0.16328801419761402,1.0410526589481923,0.9642459471654311,0.009729914398548912,1.2043406731458064,0.05553974131953351,0
cleanStatic,30,384.25,0,0,test,5.509493209326339,14.473910104851672,10.830102354113876,0.0017523011279255447,19.983403314178013,0.9987412756447142,0
cleanStatic,3,384.75,0,0,test,0.4779058282564498,1.1680879441062302,0.9261367448077046,0.00935972619041111,1.6459937723626799,0.10436785911640238,0
cleanStatic,6,384.75,0,0,test,0.0382274186263846,0.7903290672530549,0.3291970962807958,0.011049177335514542,0.8285564858794394,0.02482372397674125,0
cleanStatic,7,384.75,0,0,test,3.8332898183030424,0.33166381549589746,0.20859198250386785,0.017146863197920897,4.16495363379894,0.47408048743873765,0
cleanStatic,8,384.75,0,0,test,4.9700451313126965,21.074507983600633,122.56790559402508,0.00040418340719311773,26.044553114913327,0.9999125220463546,0
cleanStatic,10,384.75,0,0,test,2.439095421497123,4.301603485818368,6.412663423401417,0.004036411485173928,6.74069890731549,0.7593499351693227,0
cleanStatic,11,384.75,0,0,test,1.4717095218116953,9.681502706771457,64.65449931947839,0.0008836919549061698,11.153212228583152,0.9515745513694122,0
cleanStatic,13,384.75,0,0,test,1.268401955077173,2.111995659924103,1.2004389839565197,0.01571173875935737,3.380397615001276,0.3584428908346351,0
cleanStatic,16,384.75,0,0,test,2.2325978786929905,1.0819866228262727,0.7715752229069534,0.017503652819633744,3.3145845015192634,0.348390446936444,0
cleanStatic,19,384.75,0,0,test,3.74412843788239,2.6787313835567814,0.40622134058041853,0.016242307776904667,6.422859821439172,0.7327813852566609,0
cleanStatic,20,384.75,0,0,test,0.2386712647597737,1.1473580498528348,6.312201878485542,4.016968064675554e-05,1.3860293146126086,0.07416460609099541,0
cleanStatic,23,384.75,0,0,test,1.0666961190510496,1.2645906134949918,1.2078162710515583,0.011079882413602802,2.331286732546041,0.19833905017212208,0
cleanStatic,30,384.75,0,0,test,4.397915408083136,4.400054119198707,563.8898912543852,0.00020224406052192045,8.797969527281843,0.8826010736423525,0
cleanStatic,3,385.25,0,0,test,1.1924626662696458,0.8540724439352253,0.9404540344213441,0.010263403448870959,2.046535110204871,0.15733072012468122,0
cleanStatic,6,385.25,0,0,test,1.3222321556622763,0.6240043470690326,0.3869027924772199,0.008054419904536354,1.9462365027313089,0.1434668735644303,0
cleanStatic,7,385.25,0,0,test,4.923438319428104,0.6795387535517197,0.19218295372084146,0.01899829135280493,5.602977072979824,0.6532138546072457,0
cleanStatic,8,385.25,0,0,test,4.8531454908656375,3.7334107874881375,179.94707113711777,8.112102864862566e-06,8.586556278353775,0.8732644461727191,0
cleanStatic,10,385.25,0,0,test,1.4593190507359228,4.05125331804608,2.8614905223355787,0.0004301333851272318,5.510572368782003,0.643212025041125,0
cleanStatic,11,385.25,0,0,test,1.547479012929709,19.391615382383783,32.57290837394238,0.003059883013576304,20.939094395313493,0.9991681952309164,0
cleanStatic,13,385.25,0,0,test,1.8204579732749981,1.081458247612737,0.6472624764076985,0.009116537150977561,2.901916220887735,0.2848956823616294,0
cleanStatic,16,385.25,0,0,test,0.15204114793766726,0.2332993983928125,0.43617458776393747,0.02076601967679651,0.38534054633047976,0.004276234193451598,0
cleanStatic,19,385.25,0,0,test,1.415776024970391,3.4026889431923277,0.4660928442558486,0.009437481536693954,4.8184649681627185,0.5615655422034658,0
cleanStatic,20,385.25,0,0,test,0.4417077713523191,8.472030967770625,5.846234325737061,0.0022348321202222293,8.913738739122945,0.8874453080424418,0
cleanStatic,23,385.25,0,0,test,0.8372647586111605,1.0796834226988647,1.0465525701871885,0.00849400454245469,1.9169481813100253,0.13948661299290244,0
cleanStatic,30,385.25,0,0,test,4.299361012450573,11.612308870611098,23.022039832022656,0.0008234397967136291,15.911669883061672,0.9928991622603275,0
cleanStatic,3,385.75,0,0,test,5.381084659725386,1.3342904627272285,0.7791416769597375,0.009428927074580776,6.715375122452614,0.7573167552301241,0
cleanStatic,6,385.75,0,0,test,0.2993701703183847,0.7520589500334113,0.6259371285314216,0.009531404983753412,1.051429120351796,0.04168808187475921,0
cleanStatic,7,385.75,0,0,test,4.1757997858782465,0.15193119399113256,0.5329951860958307,0.023777344096309543,4.327730979869379,0.4967422764725691,0
cleanStatic,8,385.75,0,0,test,5.4191225079054535,56.88054979797718,104.67998803329415,0.0005847372773120082,62.29967230588264,0.9999999999959348,1
cleanStatic,10,385.75,0,0,test,1.3450707340377748,7.766497427656206,4.007036198357337,6.068633496650804e-05,9.111568161693981,0.8953040238993559,0
cleanStatic,11,385.75,0,0,test,2.8354900470029953,29.402175758886187,21.231664800190668,0.0032034552405654543,32.23766580588918,0.9999946691022215,0
cleanStatic,13,385.75,0,0,test,1.041810362466396,1.0066066504146078,0.9546463374378872,0.015986518037793614,2.0484170128810035,0.15759411688138364,0
cleanStatic,16,385.75,0,0,test,1.285294679079987,2.0487305254228194,0.5176698017896281,0.01687010694918955,3.3340252045028063,0.3513633962350402,0
cleanStatic,19,385.75,0,0,test,1.3970370925463191,4.86186277918145,0.2963914655626483,0.013911674225140197,6.2588998717277695,0.7181642617250987,0
cleanStatic,20,385.75,0,0,test,0.7676554122417771,4.8274794531294205,4.506299873287006,0.0003631081311807463,5.595134865371198,0.6523732731399723,0
cleanStatic,23,385.75,0,0,test,0.15110797188789848,2.0673615553140348,0.7792125724499053,0.007966552772331999,2.2184695272019335,0.18183627692944795,0
cleanStatic,30,385.75,0,0,test,6.866163586567896,16.987883007102525,12.367308684654398,0.002747922197954003,23.85404659367042,0.9997684086199657,0
cleanStatic,3,386.25,0,0,test,1.9897115568484076,1.2203263390714243,1.3190202726541003,0.006450595102333412,3.210037895919832,0.3323595657977582,0
cleanStatic,6,386.25,0,0,test,0.33317609738030923,0.5836837027723283,0.7932492437317913,0.010746177741990265,0.9168598001526376,0.031010934972284528,0
cleanStatic,7,386.25,0,0,test,4.515056714519373,1.050073762059529,0.38544169221657754,0.019873798490881812,5.5651304765789025,0.6491430683652715,0
cleanStatic,8,386.25,0,0,test,5.53434805381843,51.30714857854563,58.298456006567925,3.150263185285704e-05,56.841496632364056,0.99999999994548,0
cleanStatic,10,386.25,0,0,test,2.1508680903375517,4.35848776340765,4.549538878424766,0.002610424415702758,6.509355853745202,0.7402399764403942,0
cleanStatic,11,386.25,0,0,test,2.5260239890137224,26.562207494936978,67.0971824275017,0.013275317026144545,29.0882314839507,0.9999777185183079,0
cleanStatic,13,386.25,0,0,test,0.5895529212697475,1.174378850851468,0.733981519415883,0.014751350203038948,1.7639317721212155,0.11925095850568819,0
cleanStatic,16,386.25,0,0,test,0.1419826528210468,1.1026918214974202,0.4071367616827149,0.02139733992661574,1.244674474318467,0.059479664551683534,0
cleanStatic,19,386.25,0,0,test,1.0892746125392307,3.6879948902189463,0.3108128506618092,0.011776838914319788,4.777269502758177,0.5563371758840592,0
cleanStatic,20,386.25,0,0,test,0.36114288971158104,15.537430000630229,20.76130038017724,0.006422235697226994,15.89857289034181,0.9928603013342843,0
cleanStatic,23,386.25,0,0,test,0.9076114023496987,0.7861385155746705,0.603500206603163,0.007713339882961172,1.6937499179243694,0.11031377928632105,0
cleanStatic,30,386.25,0,0,test,5.28047513280964,4.945341504466284,3.0533580163919174,3.965714572254317e-05,10.225816637275923,0.9309160875693829,0
cleanStatic,3,386.75,0,0,test,0.7458544599458372,1.2790565395535185,0.5557808966539852,0.007301669412490031,2.0249109994993555,0.1543125002324728,0
cleanStatic,6,386.75,0,0,test,1.1507227326201375,0.3207098640000038,0.40260704982480083,0.0077203184379504766,1.4714325966201414,0.08365724567604263,0
cleanStatic,7,386.75,0,0,test,3.5771087595897426,0.19432909378228766,0.24557688824434634,0.015183918052336955,3.77143785337203,0.41723024407422793,0
cleanStatic,8,386.75,0,0,test,5.57036191717948,8.434305737138272,76.35611669251136,0.0016446405610468205,14.004667654317753,0.9844202062857922,0
cleanStatic,10,386.75,0,0,test,1.1643617790981562,4.532357984811506,0.5039269560972809,0.004170179149323441,5.6967197639096625,0.6631434990423821,0
cleanStatic,11,386.75,0,0,test,1.2148916927864244,13.462586047636131,30.619752368279723,0.008677448098212588,14.677477740422557,0.9881669100783723,0
cleanStatic,13,386.75,0,0,test,1.45280613408355,0.845174431943669,0.8338932935585572,0.015299251097668342,2.2979805660272192,0.19343657545234763,0
cleanStatic,16,386.75,0,0,test,0.7489655579308135,4.522822900248105,0.4453171457581945,0.017159716617911148,5.271788458178919,0.6163810046845499,0
cleanStatic,19,386.75,0,0,test,0.2257942704284451,0.7666224199597954,0.3076280570530128,0.011403444243263422,0.9924166903882405,0.03682490252291392,0
cleanStatic,20,386.75,0,0,test,0.05584416205305236,3.0557387231842026,16.06886775383957,0.0008223806398104511,3.111582885237255,0.3172122101581743,0
cleanStatic,23,386.75,0,0,test,1.4635055576833988,0.8038299941939565,0.8370904639355505,0.008642382178143223,2.2673355518773555,0.1889477516968358,0
cleanStatic,30,386.75,0,0,test,5.542880858628531,20.253140498534297,10.127527341865864,0.0011008082960933807,25.79602135716283,0.9999022577889762,0
cleanStatic,3,387.25,0,0,test,0.5809040531934533,1.5564694709693458,0.8391469281201899,0.007897876208311132,2.137373524162799,0.17017117452190544,0
cleanStatic,6,387.25,0,0,test,0.8007830039540792,2.742743828742582,0.5195075420900159,0.006950551666109084,3.5435268326966614,0.3831880568843368,0
cleanStatic,7,387.25,0,0,test,5.491639814787062,0.27489071369172113,0.2925452704117438,0.020441211578478356,5.766530528478783,0.6703965757212625,0
cleanStatic,8,387.25,0,0,test,5.622267772037169,5.6862754501913635,75.58036834544183,0.002288065346104862,11.308543222228533,0.954405726926168,0
cleanStatic,10,387.25,0,0,test,2.587709613876578,1.481417578974124,0.3335458306010027,0.002081478106982092,4.069127192850702,0.46049309089665924,0
cleanStatic,11,387.25,0,0,test,6.015824694521838,71.52272071335398,34.75992707093657,0.01840104576796916,77.53854540787582,0.9999999999999972,1
cleanStatic,13,387.25,0,0,test,0.9704234703550635,1.1386826953619575,0.7857125647062058,0.017203496280937456,2.109106165717021,0.16614851985098414,0
cleanStatic,16,387.25,0,0,test,0.4444756043579487,0.5964733039941111,0.46731849592155034,0.021502586217684628,1.0409489083520598,0.04080419626535474,0
cleanStatic,19,387.25,0,0,test,0.4442403031246825,4.199545018126536,0.43661341163388995,0.011664296971056866,4.643785321251219,0.5391211179308693,0
cleanStatic,20,387.25,0,0,test,1.234559591287812,12.932508670837686,4.301963586397937,0.002249743605642817,14.167068262125499,0.9854177106598377,0
cleanStatic,23,387.25,0,0,test,0.8323974085625353,1.3811584030352089,1.342043647703215,0.008699599317601378,2.213555811597744,0.18112448013218727,0
cleanStatic,30,387.25,0,0,test,5.311377807189389,13.512584429239196,19.87586522107596,5.718016485863957e-06,18.823962236428585,0.9979272328040898,0
cleanStatic,3,387.75,0,0,test,0.09269820247397476,0.9704054981280238,0.8959479258167166,0.004837388189361186,1.0631037006019985,0.04268285266948908,0
cleanStatic,6,387.75,0,0,test,0.39082863854478056,1.8661924893339719,0.3419237416666988,0.0071673003601641265,2.2570211278787524,0.18744184608153178,0
cleanStatic,7,387.75,0,0,test,4.884213976153295,0.19727769048090055,0.22458866144728046,0.02059085673029721,5.081491666634196,0.5939839249032115,0
cleanStatic,8,387.75,0,0,test,5.732979523249512,4.55675765713671,62.89108161971862,0.004653894911210778,10.289737180386222,0.9325702166123039,0
cleanStatic,10,387.75,0,0,test,1.6767531180413866,6.422362735095743,2.464081327046866,2.1151092216404117e-05,8.09911585313713,0.8491429081527918,0
cleanStatic,11,387.75,0,0,test,0.5130579192292976,39.40299465664,32.66538781712809,0.0058646640046242995,39.916052575869294,0.9999998447277523,0
cleanStatic,13,387.75,0,0,test,1.3960740305299626,0.8113041645784376,0.78656409861175,0.010100132180270142,2.2073781951084,0.18023047747792004,0
cleanStatic,16,387.75,0,0,test,0.19558250513277578,0.9077081845617588,0.37794005802844516,0.01935019069144874,1.1032906896945347,0.04618801233568023,0
cleanStatic,19,387.75,0,0,test,5.953286505674178,3.987043123050987,0.43109762040907623,0.008244885682410203,9.940329628725166,0.9230562570268858,0
cleanStatic,20,387.75,0,0,test,5.601951401685029,7.697575543692217,18.298660574138868,0.00031669629482184607,13.299526945377245,0.9792721386111154,0
cleanStatic,23,387.75,0,0,test,2.8881052423620406,0.8276891698692851,0.5541647707856151,0.007331098554366043,3.715794412231326,0.4089847174582745,0
cleanStatic,30,387.75,0,0,test,4.7400543781369615,19.430443475094965,4.606635099471261,0.0016515184357117302,24.170497853231925,0.9997986700183378,0
cleanStatic,3,388.25,0,0,test,0.2918257469612546,1.1485403520835251,1.205975546529148,0.0059791045986420785,1.4403660990447797,0.08015274492158837,0
cleanStatic,6,388.25,0,0,test,0.17822424195185535,1.5086774544318104,0.3645168104495012,0.008323695221726686,1.6869016963836658,0.10945422691620336,0
cleanStatic,7,388.25,0,0,test,3.8815016564069165,0.2579282362516702,0.3714080471715699,0.016554619468146417,4.139429892658587,0.47047875487515356,0
cleanStatic,8,388.25,0,0,test,14.41788654987332,6.130628260643564,37.43178211488298,0.0023236746840930157,20.548514810516885,0.9990144271367603,0
cleanStatic,10,388.25,0,0,test,0.7748612706656139,1.229858667075566,0.642748615291994,0.0050895886813258065,2.00471993774118,0.1515084423261121,0
cleanStatic,11,388.25,0,0,test,3.8938564979452313,10.251907946492512,45.56979710347059,0.0008294082809154715,14.145764444437743,0.9852904627376505,0
cleanStatic,13,388.25,0,0,test,1.1212887497650688,0.8803245348275882,0.669133214863465,0.014775684926042738,2.001613284592657,0.1510782377448862,0
cleanStatic,16,388.25,0,0,test,1.346024734069236,4.676818965650206,0.3776311362752621,0.02077026160519957,6.0228436997194414,0.6959975298261247,0
cleanStatic,19,388.25,0,0,test,0.7044995709244455,1.0731062913369542,7.964295733494861,0.008459804821390257,1.7776058622613997,0.12101866954424323,0
cleanStatic,20,388.25,0,0,test,0.13823547835199562,5.97762587192671,8.955607433266884,0.001957825157525913,6.115861350278705,0.7048921662629916,0
cleanStatic,23,388.25,0,0,test,0.4830178914111213,0.32943710756755407,0.43425767031557655,0.009370286072002468,0.8124549989786753,0.023767868453645674,0
cleanStatic,30,388.25,0,0,test,4.72915632013614,9.89539289403013,9.266522461472885,0.0006765892897734368,14.624549214166269,0.9879069775560134,0
cleanStatic,3,388.75,0,0,test,1.564510098731244,0.7439520571019286,0.5236532429431244,0.009525794030531057,2.3084621558331726,0.19497678854166478,0
cleanStatic,6,388.75,0,0,test,6.942138413563578,2.359596552167358,2.4855805867238185,0.006637814025109725,9.301734965730937,0.9023825014613239,0
cleanStatic,7,388.75,0,0,test,6.493153926215495,0.555032920851546,0.5277319810540478,0.02359313550477199,7.048186847067041,0.7829188102012216,0
cleanStatic,8,388.75,0,0,test,10.18504535712444,14.261914125863031,27.547450373260958,0.00028956081608809284,24.446959482987474,0.9998218843308234,0
cleanStatic,10,388.75,0,0,test,1.0912343346512667,2.946298906019854,0.8623057741802912,0.004822129801980787,4.03753324067112,0.4559751564041953,0
cleanStatic,11,388.75,0,0,test,2.9091030657380585,27.25705264278694,35.218517534145846,5.142596467437152e-06,30.166155708525,0.9999863215341241,0
cleanStatic,13,388.75,0,0,test,0.9776150434085137,0.8118847733397846,0.7227775627681394,0.012307206406985604,1.7894998167482983,0.12256303317723502,0
cleanStatic,16,388.75,0,0,test,0.7843236050340396,0.7796909064851338,0.41818281932180973,0.01915173435797009,1.5640145115191735,0.09443356580945957,0
cleanStatic,19,388.75,0,0,test,0.7441998314914826,1.1349927397155486,0.361127485814163,0.014958461979008913,1.8791925712070312,0.1344042057829173,0
cleanStatic,20,388.75,0,0,test,5.428115053046376,4.550646219355926,6.725331818503406,0.004659358813222769,9.978761272402302,0.924160722362507,0
cleanStatic,23,388.75,0,0,test,4.889497907334859,0.8342464076177586,0.5526060990848044,0.009200748480078744,5.723744314952618,0.6659655635538233,0
cleanStatic,30,388.75,0,0,test,4.9753092258069636,15.806110519549073,17.990095879761256,2.0359599882979417e-05,20.781419745356036,0.9991091936301147,0
cleanStatic,3,389.25,0,0,test,0.10088442448774117,0.8123881560496709,0.6723511371410511,0.006920364162872384,0.913272580537412,0.030746681119798176,0
cleanStatic,6,389.25,0,0,test,1.6819846643652512,2.729374127213921,0.31518764492227497,0.007049299723590093,4.411358791579172,0.5081698072670107,0
cleanStatic,7,389.25,0,0,test,3.2636483341614952,1.4830606258657666,0.3300099965900448,0.02516500888613763,4.746708960027262,0.5524325527348496,0
cleanStatic,8,389.25,0,0,test,6.358434420583421,21.837957777640412,30.45272585181764,0.007939638425322951,28.196392198223833,0.9999666817445146,0
cleanStatic,10,389.25,0,0,test,0.8080521932544126,2.478232655074635,4.71721410388886,0.0021116513728416,3.2862848483290477,0.34405788891942135,0
cleanStatic,11,389.25,0,0,test,2.09371907194132,19.841865976220422,27.458554761877288,0.017151233217715504,21.93558504816174,0.9994614316305079,0
cleanStatic,13,389.25,0,0,test,0.39026183730803155,1.1584393266860833,0.7041304621644245,0.012683018230843928,1.5487011639941148,0.0926177883943349,0
cleanStatic,16,389.25,0,0,test,2.129691713266658,0.6566420366010964,1.4901198045636779,0.017273194388717786,2.7863337498677545,0.26711431071602415,0
cleanStatic,19,389.25,0,0,test,0.3672379356877746,3.095170646305219,0.5889218091651188,0.013436811841789744,3.4624085819929937,0.3709168331887763,0
cleanStatic,20,389.25,0,0,test,0.5640297337155822,12.466567356350128,7.448759374125415,0.0018557967522226213,13.03059709006571,0.9769062787990264,0
cleanStatic,23,389.25,0,0,test,0.680192853721053,0.9974520306182605,0.8583611092162483,0.0058224746041211145,1.6776448843393135,0.10829600042582657,0
cleanStatic,30,389.25,0,0,test,4.463336827852709,26.517145281263083,11.578261400482612,0.0046036283237694,30.98048210911579,0.9999905492650007,0
cleanStatic,3,389.75,0,0,test,0.2719669892471052,1.4176066225244872,1.3246299468154354,0.009742826543718554,1.6895736117715925,0.1097893201732354,0
cleanStatic,6,389.75,0,0,test,2.1802960461721645,1.3419876077710733,0.23342099035073527,0.00731378310437363,3.522283653943238,0.3799814572586757,0
cleanStatic,7,389.75,0,0,test,4.030270500373369,0.09811435366860286,0.8788464444207679,0.017610692195730773,4.128384854041972,0.468916217446803,0
cleanStatic,8,389.75,0,0,test,6.302572995629312,25.720198276446194,23.09425611957712,0.0013785946799210558,32.0227712720755,0.9999941201091227,0
cleanStatic,10,389.75,0,0,test,0.9362597426038098,5.1150816164161625,21.06071552226454,0.003106786538355127,6.051341359019973,0.698744804536648,0
cleanStatic,11,389.75,0,0,test,1.808064179486257,17.73757899245866,21.152656810524515,0.006454950679371169,19.545643171944917,0.9984796664142356,0
cleanStatic,13,389.75,0,0,test,0.2548824758184438,0.7952164995735154,0.6760717443937081,0.015905650756962243,1.0500989753919592,0.041575420496027436,0
cleanStatic,16,389.75,0,0,test,1.0525465753168002,3.0287495591812763,0.5305718381852548,0.01949177600294885,4.081296134498077,0.4622282756027169,0
cleanStatic,19,389.75,0,0,test,0.8301794922396171,2.4122913686983765,0.45645332444851217,0.010294323885410017,3.2424708609379937,0.33733978454247227,0
cleanStatic,20,389.75,0,0,test,1.056494361037281,13.598611292775232,20.327652217052762,0.003276180170057358,14.655105653812512,0.9880577076306022,0
cleanStatic,23,389.75,0,0,test,1.771843509276411,1.5252964868346524,0.8823890082199063,0.0095023344980899,3.2971399961110635,0.34572042400604813,0
cleanStatic,30,389.75,0,0,test,4.7869342455154875,13.016241730956658,3.0959898819419944,7.694106254363153e-06,17.803175976472147,0.9967965309980876,0
cleanStatic,3,390.25,0,0,test,0.9753520662516889,0.7423418167082001,0.6993410583395367,0.004703170617143439,1.717693882959889,0.11333686568470398,0
cleanStatic,6,390.25,0,0,test,0.7374561325896526,2.342707905405655,0.2810399688388978,0.011910157159706666,3.0801640379953077,0.3123717049920315,0
cleanStatic,7,390.25,0,0,test,5.905302661082448,0.9779588425764443,0.33587464431080616,0.014504504844338255,6.883261503658892,0.7705319140527694,0
cleanStatic,8,390.25,0,0,test,6.541866170060869,8.710353300477394,17.483196716050404,5.277368377436077e-06,15.252219470538263,0.9906627064925411,0
cleanStatic,10,390.25,0,0,test,0.533812415462993,11.590867024715568,1.4157236978584378,0.000958256452855363,12.12467944017856,0.9668812489099144,0
cleanStatic,11,390.25,0,0,test,1.9094140076789077,17.365034085709613,20.211003588371007,0.009440797266519953,19.27444809338852,0.9982915160415227,0
cleanStatic,13,390.25,0,0,test,1.307633736926616,0.7290896861863402,0.5269777617213044,0.01338440435715221,2.036723423112956,0.15595932332582096,0
cleanStatic,16,390.25,0,0,test,0.7731691831007537,3.857334914869861,0.3112344304129338,0.021930419217117518,4.630504097970615,0.5373854782931409,0
cleanStatic,19,390.25,0,0,test,0.043648704962153693,2.0080650825484363,0.23783087269903466,0.01353389616949926,2.05171378751059,0.1580558207774496,0
cleanStatic,20,390.25,0,0,test,1.3894116994095822,15.306241117830155,9.309190671847155,0.004352503127321107,16.695652817239736,0.9948853248364978,0
cleanStatic,23,390.25,0,0,test,1.7729937743433586,1.0831785334308177,1.0246666531667388,0.011118730268263778,2.8561723077741763,0.2778518131570441,0
cleanStatic,30,390.25,0,0,test,6.642471798449956,9.261610952812037,0.9651259612234523,0.008546319443044013,15.904082751261992,0.9928766751597816,0
cleanStatic,3,390.75,0,0,test,0.06192559207957576,0.6400879373744367,0.5542561987621827,0.00907800168993857,0.7020135294540124,0.017142014815130405,0
cleanStatic,6,390.75,0,0,test,0.11207886373653546,3.4857444361512595,0.25244751588465164,0.006053572015337426,3.597823299887795,0.39135985644737264,0
cleanStatic,7,390.75,0,0,test,16.36275114944788,0.212623524404945,21.622285560571008,0.011270606539803057,16.575374673852824,0.9946203427646436,0
cleanStatic,8,390.75,0,0,test,6.688655309198378,21.871917625551852,25.71908940948938,0.0001742071567038308,28.56057293475023,0.9999717255183725,0
cleanStatic,10,390.75,0,0,test,0.6615414997978308,0.8804502139358398,0.9823395808934778,0.0019473504946243172,1.5419917137336707,0.09182629647458948,0
cleanStatic,11,390.75,0,0,test,1.5511030262237018,12.101376032575034,48.5794376483065,0.0016036136987035278,13.652479058798736,0.9820256777822735,0
cleanStatic,13,390.75,0,0,test,0.45594814092700775,2.0052556971180957,1.1581355525749468,0.010907213937145227,2.4612038380451033,0.21767382223270526,0
cleanStatic,16,390.75,0,0,test,0.5612150001015191,0.852126402914701,20.92994880713671,0.01458197887473695,1.4133414030162201,0.07715167755298977,0
cleanStatic,19,390.75,0,0,test,1.9145834887888142,2.0232403902717673,0.5611068331638511,0.011184919825003957,3.9378238790605815,0.4415978558348157,0
cleanStatic,20,390.75,0,0,test,0.17591259137939763,20.238951466335294,10.816122446386197,0.0055741492138188615,20.41486405771469,0.9989556343228402,0
cleanStatic,23,390.75,0,0,test,0.8165892813772564,1.1404161400627086,1.1766909071649325,0.008733756044275563,1.957005421439965,0.1449383873620129,0
cleanStatic,30,390.75,0,0,test,4.00580998645349,6.739753779501052,6.886058212030136,0.00017440303839540738,10.745563765954541,0.9433352858071494,0
cleanStatic,3,391.25,0,0,test,0.3634754986027229,1.1509366807239414,1.1109429613083548,0.006873752825760342,1.5144121793266643,0.08859931569256355,0
cleanStatic,6,391.25,0,0,test,0.6127944443924758,2.6047666215925687,0.5537762525401553,0.009453854732124735,3.2175610659850444,0.33351527884720145,0
cleanStatic,7,391.25,0,0,test,1.6599357379417021,0.78106932117647,0.4348766477520909,0.020277621333933328,2.4410050591181722,0.21464757548811703,0
cleanStatic,8,391.25,0,0,test,7.167153525755454,16.015640689956513,24.271027183233326,0.0002485779040232591,23.182794215711965,0.999688543897825,0
cleanStatic,10,391.25,0,0,test,0.42258614395600036,1.6347622213727002,2.0395080467657514,0.006688714708479385,2.057348365328701,0.15884574118863315,0
cleanStatic,11,391.25,0,0,test,4.978921790572739,40.63045668073656,53.32618138241198,0.0007319231819531718,45.6093784713093,0.999999989093374,0
cleanStatic,13,391.25,0,0,test,0.4793480324188271,1.4197389184376625,0.8456080029647381,0.01410865138308621,1.8990869508564896,0.13707531390389055,0
cleanStatic,16,391.25,0,0,test,0.43901388914533696,0.3847542619753321,0.25857270045691333,0.016759912971272464,0.823768151120669,0.0245073707063377,0
cleanStatic,19,391.25,0,0,test,3.3846385268870325,0.6203367235692324,0.9498646980324569,0.013265861002761748,4.004975250456265,0.45130014189126494,0
cleanStatic,20,391.25,0,0,test,0.6642208310940234,11.525800464535841,5.324881164811017,0.007053508254120069,12.190021295629865,0.9677251931587658,0
cleanStatic,23,391.25,0,0,test,0.944075246188255,1.1713016127381555,0.8704119829205148,0.012107425028661113,2.1153768589264104,0.16703885209264852,0
cleanStatic,30,391.25,0,0,test,8.451384550335082,3.3123220269460805,5.127051132373078,0.0016587715613002212,11.763706577281162,0.9618270107319653,0
cleanStatic,3,391.75,0,0,test,1.7458691057243303,0.6699791313608731,0.5935508652957188,0.007625715633350347,2.4158482370852035,0.21088830848574291,0
cleanStatic,6,391.75,0,0,test,0.20073014287863175,1.3384717224162699,2.738306627818368,0.0065993948313216285,1.5392018652949016,0.09149792418235739,0
cleanStatic,7,391.75,0,0,test,1.4795396950414819,0.30293764490709724,0.16540203356198838,0.023169211350868666,1.7824773399485792,0.12165044606506556,0
cleanStatic,8,391.75,0,0,test,6.345230739614933,38.753433574780345,11.775397559956343,0.0008672746258571003,45.09866431439528,0.9999999861461382,0
cleanStatic,10,391.75,0,0,test,0.6973943040739153,4.874777013210647,2.7973629299183056,0.00448857508293239,5.572171317284562,0.6499030815821425,0
cleanStatic,11,391.75,0,0,test,2.0811425320433363,11.940799720953784,21.828288120910926,0.005848053711862621,14.021942252997121,0.9845293648771747,0
cleanStatic,13,391.75,0,0,test,1.7051100281066314,4.1854705345979895,0.8477376931020216,0.010913258900930464,5.890580562704621,0.6829880462067379,0
cleanStatic,16,391.75,0,0,test,0.6898268232338951,1.0237429456480596,0.5606622196241391,0.019957396714563914,1.7135697688819547,0.11281421588193956,0
cleanStatic,19,391.75,0,0,test,0.25506718238046605,3.879051464818256,0.9821217057962074,0.01424050898380144,4.134118647198722,0.4697276704350294,0
cleanStatic,20,391.75,0,0,test,0.48186153930051767,11.608004620030448,260.2039645144535,1.1695857599705088e-07,12.089866159330965,0.9664230592852098,0
cleanStatic,23,391.75,0,0,test,1.0129400044383265,1.9840312230476889,1.3972933284381788,0.010616104494947669,2.996971227486015,0.29954718709532013,0
cleanStatic,30,391.75,0,0,test,2.6204593351925713,7.799342538891067,8.06508266436861,0.0015824398285103145,10.419801874083639,0.9358224640542785,0
cleanStatic,3,392.25,0,0,test,0.16343268976672304,0.7584884494163986,0.698519799100642,0.006845338260265984,0.9219211391831217,0.031385615310620216,0
cleanStatic,6,392.25,0,0,test,4.322430357009755,1.5389290050609121,0.1870200331307145,0.006587903491007173,5.861359362070667,0.6800561012911757,0
cleanStatic,7,392.25,0,0,test,1.9822135560200538,0.4509828189059496,0.5471489574575976,0.018513282625934976,2.4331963749260033,0.21347951071732618,0
cleanStatic,8,392.25,0,0,test,7.490998030272304,10.692999517048907,11.641147293922772,0.0007664475689969737,18.183997547321212,0.9972755718176315,0
cleanStatic,10,392.25,0,0,test,1.060074781727199,0.5197798529784222,0.6145575833981035,0.003050043131646224,1.579854634705621,0.09632528203906661,0
cleanStatic,11,392.25,0,0,test,1.6588865387272915,23.404454084758456,123.00663025846046,0.009610031133404109,25.063340623485747,0.9998645357692331,0
cleanStatic,13,392.25,0,0,test,0.9223504223859984,4.590270848810581,0.7053384341390018,0.012859518679452573,5.512621271196579,0.6434361025172377,0
cleanStatic,16,392.25,0,0,test,2.2217631511587084,0.40167497330621754,0.3076894160475057,0.01348660347080727,2.623438124464926,0.24219901069650968,0
cleanStatic,19,392.25,0,0,test,3.3010925964795415,0.668986199704937,0.38522717450203275,0.017631660071768848,3.9700787961844783,0.4462681105255144,0
cleanStatic,20,392.25,0,0,test,0.15755049957018566,17.28756125072816,12.51461674622448,0.0008081624571607624,17.445111750298345,0.9962714024358971,0
cleanStatic,23,392.25,0,0,test,0.21057438221640093,0.7054321970222833,0.6707900386628258,0.011402408223363001,0.9160065792386842,0.03094798427107398,0
cleanStatic,30,392.25,0,0,test,4.7543044392263605,3.6879138479476787,1.8605143022235606,4.4722433843296516e-05,8.44221828717404,0.8665105311441426,0
cleanStatic,3,392.75,0,0,test,0.9256970697454111,0.6053018941362148,0.605544652165447,0.007154278754359947,1.530998963881626,0.09053494218295546,0
cleanStatic,6,392.75,0,0,test,0.3616852127827868,1.29976595989578,0.21035079921368496,0.006756983389583956,1.6614511726785668,0.10627998411942721,0
cleanStatic,7,392.75,0,0,test,2.3742823382005236,0.9321094515926769,0.16597434948698125,0.02022983485224458,3.3063917897932003,0.34713675448809533,0
cleanStatic,8,392.75,0,0,test,7.538150259144301,10.106716022560818,15.717733194538496,0.002090079623418992,17.64486628170512,0.9965739472246146,0
cleanStatic,10,392.75,0,0,test,0.27309016005775383,3.7164196617779863,7.0235910713850185,0.00042015362965304735,3.9895098218357403,0.44907272763365735,0
cleanStatic,11,392.75,0,0,test,1.8080453403721137,19.15344958933636,34.65015361247221,0.007611193732161564,20.961494929708476,0.9991762589491867,0
cleanStatic,13,392.75,0,0,test,0.5655448154696262,2.799955233671199,0.554469962449063,0.015444663797090422,3.365500049140825,0.3561704546052365,0
cleanStatic,16,392.75,0,0,test,2.560190329554235,0.7111664492358221,0.3103864232256526,0.018437981415496858,3.2713567787900573,0.34177028128692105,0
cleanStatic,19,392.75,0,0,test,1.5514388649305044,1.7430862220973093,0.5211726229204687,0.01221075516285857,3.2945250870278135,0.34532000733467927,0
cleanStatic,20,392.75,0,0,test,0.35484678311223034,10.040567055158979,8.020892402523572,0.0009510990464013109,10.395413838271208,0.9352240388196484,0
cleanStatic,23,392.75,0,0,test,0.33574348655934594,1.3985506158809808,1.3916845003778509,0.01088306546791082,1.7342941024403267,0.1154487245735738,0
cleanStatic,30,392.75,0,0,test,2.952613708866438,4.6653207838183715,9.195058269063148,0.00018928956712080416,7.617934492684809,0.8214128703946343,0
cleanStatic,3,393.25,0,0,test,0.053110499456778835,0.37110342870246793,0.517652666860999,0.01056881914737522,0.42421392815924674,0.0053636601384286385,0
cleanStatic,6,393.25,0,0,test,0.65571886247743,0.6393782157115295,0.1979451962414032,0.008429216028242637,1.2950970781889595,0.06456462327038238,0
cleanStatic,7,393.25,0,0,test,2.440701195139801,3.1210741010810032,1.0700377001873833,0.01929700919063455,5.561775296220804,0.6487804641401971,0
cleanStatic,8,393.25,0,0,test,7.870116236910534,11.832659168144506,8.370252716434381,0.0014151280555690356,19.70277540505504,0.9985792018803601,0
cleanStatic,10,393.25,0,0,test,9.53230150381913,7.865084155735471,7.170181227833785,4.941143996821804e-05,17.3973856595546,0.996195335773314,0
cleanStatic,11,393.25,0,0,test,1.1970514281434619,39.55893509785436,19.249883120665537,0.017396850067656268,40.75598652599782,0.9999998948969718,0
cleanStatic,13,393.25,0,0,test,1.013668618864476,2.870569341129432,0.7078924880962248,0.02181450319299091,3.884237959993908,0.43379951154777496,0
cleanStatic,16,393.25,0,0,test,1.7342917452040396,0.8985393289202899,0.4164028394542255,0.02300864354718791,2.6328310741243293,0.2436291215271451,0
cleanStatic,19,393.25,0,0,test,1.4347693220479742,0.5200218696197759,3.2293053975128196,0.01594822354268959,1.9547911916677503,0.14463547782043312,0
cleanStatic,20,393.25,0,0,test,1.0662970849614342,11.553171376128116,9.44407117142158,0.0004668406937587794,12.61946846108955,0.9727819382778349,0
cleanStatic,23,393.25,0,0,test,1.0299866128622077,0.9591480189380017,0.7153959590836432,0.009283930396499693,1.9891346318002094,0.149353583152108,0
cleanStatic,30,393.25,0,0,test,2.959609468096963,9.604128615565859,4.5608036675086,0.0026769813529276794,12.563738083662821,0.9721713083940887,0
cleanStatic,3,393.75,0,0,test,0.26624944527563693,1.8018003448103728,0.6334928573367297,0.007588348156917652,2.0680497900860098,0.160348793818152,0
cleanStatic,6,393.75,0,0,test,0.4116799592218234,2.2694574392372324,0.4011614556659891,0.008780861357988867,2.6811373984590556,0.2509981575287833,0
cleanStatic,7,393.75,0,0,test,2.7728962468561535,1.284751297514828,1.7421972471555043,0.021363607138693702,4.057647544370981,0.45885364832507136,0
cleanStatic,8,393.75,0,0,test,7.523885433575651,10.843501237557934,6.4124502581128,0.0020709549050453965,18.367386671133584,0.997480480600769,0
cleanStatic,10,393.75,0,0,test,0.03378011881254148,6.769743272053315,7.657574234514971,0.001671881909921932,6.803523390865856,0.7643326015174778,0
cleanStatic,11,393.75,0,0,test,1.5646539081898703,34.38587385544088,81.27849428539223,0.011118658724031753,35.950527763630745,0.9999990282995774,0
cleanStatic,13,393.75,0,0,test,0.5781177197724998,4.071034278457914,1.4722481067285618,0.010871953193217765,4.649151998230414,0.5398212998887222,0
cleanStatic,16,393.75,0,0,test,4.386818350067649,0.9732829410290055,0.6511537561529607,0.021012750908125617,5.360101291096655,0.6264698107316531,0
cleanStatic,19,393.75,0,0,test,1.5687365133455828,0.8555252722743851,0.772985563152396,0.012347764126656075,2.4242617856199677,0.2121443306247434,0
cleanStatic,20,393.75,0,0,test,0.9284445367992086,9.79421753136203,10.774137595782184,0.0006152983101318601,10.722662068161238,0.942835338959764,0
cleanStatic,23,393.75,0,0,test,1.1150150226705622,3.421999311328737,0.9692981512532631,0.011252123732721385,4.537014333999299,0.5250536255539934,0
cleanStatic,30,393.75,0,0,test,6.549799700565457,5.0676453070301255,1.592246434521649,0.003956936363169406,11.617445007595583,0.9595772007174737,0
cleanStatic,3,394.25,0,0,test,0.2385261014290924,0.3780631407156396,0.5054919087590704,0.010151164600652168,0.616589242144732,0.012768896904961469,0
cleanStatic,6,394.25,0,0,test,0.18807510457678267,0.990711037975703,0.6346227256028032,0.009886910324970561,1.1787861425524857,0.05310371447450807,0
cleanStatic,7,394.25,0,0,test,5.900339588426275,2.317793311028384,0.2788568272675237,0.020581570218248316,8.218132899454659,0.8553834235027834,0
cleanStatic,8,394.25,0,0,test,11.2519721397554,20.26762007242186,15.38644811145186,0.00582320092516658,31.51959221217726,0.9999926049123258,0
cleanStatic,10,394.25,0,0,test,8.529937565770567,7.752151667101868,1.4041322906745102,0.0013222480849690718,16.282089232872437,0.9939168123660449,0
cleanStatic,11,394.25,0,0,test,3.161852963423009,7.799950987427042,140.92099433028588,0.0047884945238517804,10.96180395085005,0.9478574199119366,0
cleanStatic,13,394.25,0,0,test,1.9699708149985986,4.496551392803518,0.5054943392025391,0.014737312480037772,6.466522207802116,0.7365680231384073,0
cleanStatic,16,394.25,0,0,test,1.1183634931330824,1.1699880393010238,0.7784698296943926,0.01601056758589685,2.288351532434106,0.19202381135838745,0
cleanStatic,19,394.25,0,0,test,8.034639221142783,1.9460929700390532,0.20847554443473207,0.013259027764157319,9.980732191181836,0.9242169645699299,0
cleanStatic,20,394.25,0,0,test,0.6766092677735039,14.154646510287481,6.219157481534868,0.0024465034700331093,14.831255778060985,0.9888917780338968,0
cleanStatic,23,394.25,0,0,test,0.847844441486628,2.3873943060680256,0.5930017306565213,0.007826710643301807,3.2352387475546536,0.336229759599647,0
cleanStatic,30,394.25,0,0,test,2.1147807515251413,2.6359382422570174,2.707465320587388,0.01091731236412564,4.750718993782159,0.5529461594696887,0
cleanStatic,3,394.75,0,0,test,0.12241323222886036,0.7767813925261835,0.6892685223738807,0.004994123201021052,0.8991946247550439,0.029720082303018387,0
cleanStatic,6,394.75,0,0,test,1.4237914469091986,0.6354081124668327,0.712852992826836,0.00937819438053231,2.0591995593760313,0.15910548606864536,0
cleanStatic,7,394.75,0,0,test,4.005332692582452,1.5305490775607842,0.25155359122766774,0.016588723084875936,5.535881770143236,0.6459726445129528,0
cleanStatic,8,394.75,0,0,test,9.175823276749218,15.73400746279964,8.796946684754452,0.0059209676683864825,24.90983073954886,0.9998549682597195,0
cleanStatic,10,394.75,0,0,test,4.745166894020434,5.165305941809311,3.6456021061396626,0.0060718748733382235,9.910472835829744,0.9221879320377313,0
cleanStatic,11,394.75,0,0,test,3.9137470008856714,16.416003946642,36.30082471897406,0.000190068271259783,20.32975094752767,0.9989164079098056,0
cleanStatic,13,394.75,0,0,test,1.9151083173640822,2.944491748893905,0.5601671003156354,0.01651573781856682,4.859600066257987,0.5667458521286936,0
cleanStatic,16,394.75,0,0,test,3.2264945205130133,1.8476335362178509,0.31688325646601245,0.018157564234358204,5.074128056730864,0.5930992945865464,0
cleanStatic,19,394.75,0,0,test,1.290473227864859,0.5589305405554685,0.5677363484619041,0.011702239527246625,1.8494037684203275,0.13043428102215637,0
cleanStatic,20,394.75,0,0,test,0.8140152242805433,5.40091539095876,7.350811013511565,0.010021240510674066,6.214930615239303,0.7141364907694527,0
cleanStatic,23,394.75,0,0,test,0.7934372162795366,4.205850624725679,0.7130585335503935,0.009084488480941576,4.9992878410052155,0.5840328938478876,0
cleanStatic,30,394.75,0,0,test,1.7023554910705827,4.907009280205593,6.505701110206629,0.0018612617464232393,6.6093647712761765,0.7486496625870668,0
cleanStatic,3,395.25,0,0,test,0.0267691737261404,0.8873605710817887,0.7918037144372114,0.005258217427736649,0.9141297448079291,0.030809726235229973,0
cleanStatic,6,395.25,0,0,test,0.1135215373688638,0.538317690205871,0.3318052845716129,0.008177207934271789,0.6518392275747348,0.014493059542936152,0
cleanStatic,7,395.25,0,0,test,3.9076821720874624,0.6295863808235916,0.40308661835041376,0.022195978946955814,4.537268552911054,0.5250874275540166,0
cleanStatic,8,395.25,0,0,test,6.514575383035453,1.5720333932098756,11.168058604716215,0.0013081364395884313,8.086608776245328,0.8484734008000856,0
cleanStatic,10,395.25,0,0,test,15.497062066379652,1.823155129188344,3.4925134883829645,0.0015163973780283203,17.320217195567995,0.9960691209599016,0
cleanStatic,11,395.25,0,0,test,4.145809029010468,11.815421864014601,23.24272623575668,3.499137527416068e-08,15.961230893025068,0.9930443624484152,0
cleanStatic,13,395.25,0,0,test,0.6772752942830239,4.550014313982815,0.683002466358215,0.013400588697831364,5.227289608265838,0.6112240165887621,0
cleanStatic,16,395.25,0,0,test,3.810993160370565,0.35423254795436454,0.3045406348975551,0.017540323705241716,4.16522570832493,0.4741188118503226,0
cleanStatic,19,395.25,0,0,test,0.44158310536302253,2.038921062188529,0.6417909057840748,0.01409532371301941,2.4805041675515516,0.2205717226229039,0
cleanStatic,20,395.25,0,0,test,0.6454112264281806,41.58802953059824,9.140522544528352,0.0005143480079378408,42.23344075702642,0.9999999471678962,0
cleanStatic,23,395.25,0,0,test,2.372786149630679,4.666089506645308,0.6484617082112316,0.008538195135554871,7.038875656275987,0.7822349042080445,0
cleanStatic,30,395.25,0,0,test,1.4978968831756438,5.78631186106472,6.323920319736544,0.0010025396695591278,7.284208744240364,0.79965320196311,0
cleanStatic,3,395.75,0,0,test,0.16653928808973165,1.0020088127518003,0.5989256433130621,0.0052916981919961725,1.168548100841532,0.052141075104921886,0
cleanStatic,6,395.75,0,0,test,0.6338904229343838,0.36105235288831306,0.5382412567455066,0.012345588320770078,0.9949427758226969,0.03702735897591396,0
cleanStatic,7,395.75,0,0,test,3.894374521979861,1.5354874239597776,0.3280191768394949,0.015467629952097158,5.4298619459396384,0.6343019200461673,0
cleanStatic,8,395.75,0,0,test,13.064694928797659,19.323873922903168,4.2281042102381585,0.0005182676476085369,32.388568851700825,0.9999950238625183,0
cleanStatic,10,395.75,0,0,test,2.128096288264971,0.9655284566973226,2.629937347244665,0.006566987341022783,3.093624744962294,0.3144457979784725,0
cleanStatic,11,395.75,0,0,test,2.4922078339230067,50.579765434054984,22.9294023336711,4.707103624857302e-07,53.07197326797799,0.9999999996749168,0
cleanStatic,13,395.75,0,0,test,1.112383527243701,2.6906343769581667,0.6067427148371167,0.015893643913050988,3.8030179042018677,0.42188927952464594,0
cleanStatic,16,395.75,0,0,test,1.665400179118549,0.7564229794441913,0.47560929999192947,0.019845126936181196,2.4218231585627406,0.21178014841582296,0
cleanStatic,19,395.75,0,0,test,0.4413857063071244,1.6752782540059916,0.553189194378326,0.010624134455441964,2.116663960313116,0.1672217435182857,0
cleanStatic,20,395.75,0,0,test,0.29330904713169076,8.574809657796116,6.409747960601551,0.0020122548205913247,8.868118704927808,0.8855584992665143,0
cleanStatic,23,395.75,0,0,test,0.3380471985620429,4.584418237824443,0.8229742953298078,0.006724327974245969,4.922465436386486,0.5745842095915377,0
cleanStatic,30,395.75,0,0,test,1.0225984318902912,6.166770902592558,5.403229260330719,0.004029435991225472,7.189369334482849,0.7930666665104517,0
cleanStatic,3,396.25,0,0,test,0.0995437074626184,1.017252637430136,0.746719446603719,0.008692755251824787,1.1167963448927545,0.04739379757517579,0
cleanStatic,6,396.25,0,0,test,2.2058256228549045,0.6954892212448008,0.3187123487137998,0.009692733817494208,2.9013148440997054,0.28480303832598525,0
cleanStatic,7,396.25,0,0,test,10.12183041617973,0.3411665034527515,0.35038132241309533,0.020854794543037652,10.46299691963248,0.9368696976399089,0
cleanStatic,8,396.25,0,0,test,7.012457080189071,21.217580672228507,5.984542320859912,0.0033753673887525768,28.23003775241758,0.9999671829059281,0
cleanStatic,10,396.25,0,0,test,1.6612543956331096,0.7442626359857831,1.3031265493513597,0.0023796543494285886,2.405517031618893,0.20934775664752897,0
cleanStatic,11,396.25,0,0,test,4.454124787088258,25.586019285325325,30.88702856072796,0.005331378848360156,30.040144072413582,0.9999855173431701,0
cleanStatic,13,396.25,0,0,test,0.9776922975986058,5.346505282026087,1.3476541289284543,0.015197322608268607,6.324197579624693,0.7240612871878525,0
cleanStatic,16,396.25,0,0,test,1.7703983902673717,3.298751766588464,0.6668085480881514,0.015745527456328245,5.0691501568558355,0.5925005176907125,0
cleanStatic,19,396.25,0,0,test,0.9435311424011221,0.7628409627235725,0.690099854640442,0.011639834733150653,1.7063721051246947,0.11190399322703556,0
cleanStatic,20,396.25,0,0,test,0.6272476771684453,8.087338521733834,2.610559845112274,0.0017432271952571392,8.714586198902278,0.8789956451033669,0
cleanStatic,23,396.25,0,0,test,0.2964391988306647,7.168683368096898,0.9091636751924836,0.008391086154053574,7.465122566927564,0.8117180408551771,0
cleanStatic,30,396.25,0,0,test,4.556405684912771,13.132375860759376,2.964302124538667,0.0023115323324399708,17.688781545672146,0.9966371659602015,0
cleanStatic,3,396.75,0,0,test,0.6536046690953197,0.3587176276188772,0.5494785022449886,0.00701522795230846,1.012322296714197,0.038434215925053875,0
cleanStatic,6,396.75,0,0,test,1.6587712196467197,2.0426637129664353,0.3578585416358586,0.008476066035096652,3.701434932613155,0.40684956316441145,0
cleanStatic,7,396.75,0,0,test,4.390742330199744,0.2602986999564479,0.3144189034276858,0.01574364991468273,4.651041030156192,0.5400676004653617,0
cleanStatic,8,396.75,0,0,test,8.123130702569043,9.068466200001687,5.186124800721864,0.0010257490287532804,17.19159690257073,0.9958495969844325,0
cleanStatic,10,396.75,0,0,test,1.8902835536301767,1.5958231641665288,1.1550449590274783,0.000266116417092499,3.4861067177967056,0.374509106321122,0
cleanStatic,11,396.75,0,0,test,2.647510016804482,58.66130122184462,33.61530256271783,0.000193986817365096,61.3088112386491,0.9999999999934817,1
cleanStatic,13,396.75,0,0,test,0.803206545678994,3.951600964666159,0.5228050022101883,0.013440857659968906,4.754807510345153,0.5534694277482715,0
cleanStatic,16,396.75,0,0,test,1.4379350259097976,0.9434733844584415,0.6205950752241802,0.014792335382069813,2.3814084103682394,0.20576048078448061,0
cleanStatic,19,396.75,0,0,test,0.4475877871817447,1.234424785549086,1.5785406889302809,0.007690601620197246,1.6820125727308306,0.10884196901842953,0
cleanStatic,20,396.75,0,0,test,0.4472224231924006,1.9437592846025016,8.148434043301373,0.0016304336380212317,2.3909817077949023,0.20718363902977402,0
cleanStatic,23,396.75,0,0,test,0.2619084502364238,3.63977877788347,0.6644521751874415,0.007778121243669511,3.9016872281198935,0.43634423043997916,0
cleanStatic,30,396.75,0,0,test,0.4762967527441268,2.8445500520140263,9.153631725294147,2.386683559342746e-05,3.320846804758153,0.34934840997306915,0
cleanStatic,3,397.25,0,0,test,0.9250093519010811,0.6570547678726707,0.5263266222115085,0.008145103899345106,1.5820641197737517,0.09659022961248268,0
cleanStatic,6,397.25,0,0,test,1.2246348370318096,1.1991901500426938,0.3644000314113071,0.005500724144963706,2.4238249870745037,0.21207909178275713,0
cleanStatic,7,397.25,0,0,test,12.005539142771003,0.3177925324810645,0.3316376640510232,0.02177687551424187,12.323331675252067,0.9693838289142938,0
cleanStatic,8,397.25,0,0,test,7.647884858095972,16.039177546748572,7.787123560184403,0.0007946740628496704,23.687062404844546,0.9997506704923901,0
cleanStatic,10,397.25,0,0,test,1.1194132212193049,8.555316001744444,0.18043306592983654,0.00016956774476498997,9.674729222963748,0.915005942549564,0
cleanStatic,11,397.25,0,0,test,2.1388323728105916,18.43799459601185,33.32251952423021,0.0015987886240029865,20.57682696882244,0.999026456881706,0
cleanStatic,13,397.25,0,0,test,0.5347354882402082,1.6687117730847254,0.6415101833418748,0.01023593996879371,2.203447261324934,0.17966212208120386,0
cleanStatic,16,397.25,0,0,test,0.9321200538361413,1.20706923364581,0.8056083166292856,0.0164177801577265,2.139189287481951,0.17043036760875804,0
cleanStatic,19,397.25,0,0,test,0.9397386703695816,0.3873217190511717,0.5228878004448263,0.017141134846909958,1.3270603894207533,0.0678772930170147,0
cleanStatic,20,397.25,0,0,test,0.013508167082342763,11.10282788060599,7.969493734323123,0.000713747008650367,11.116336047688332,0.9508784469853266,0
cleanStatic,23,397.25,0,0,test,0.1941203060956374,4.891321193845823,0.8213984134151825,0.014918881628456853,5.085441499941461,0.5944578904690205,0
cleanStatic,30,397.25,0,0,test,3.739651208851942,7.591190997912177,11.126020225840627,0.00121436832658702,11.33084220676412,0.9547990839616878,0
cleanStatic,3,397.75,0,0,test,0.06208744014176979,1.5807338817259005,1.6930976023179833,0.004402673964545953,1.6428213218676702,0.10397691091003573,0
cleanStatic,6,397.75,0,0,test,1.9527506011744504,0.6220015017170288,0.37436915531089165,0.0071601578086400545,2.5747521028914795,0.23480243416242125,0
cleanStatic,7,397.75,0,0,test,5.538883937748137,1.0174383056636893,0.4653861669612881,0.018649915196796943,6.5563222434118265,0.7442177720694196,0
cleanStatic,8,397.75,0,0,test,9.003320073520207,3.6992791323567316,14.938095949118148,0.005811400083471507,12.70259920587694,0.9736690181081633,0
cleanStatic,10,397.75,0,0,test,1.4250259607543387,3.108281571811264,2.515671499007005,0.00035994785154602656,4.533307532565603,0.5245605885759324,0
cleanStatic,11,397.75,0,0,test,2.6165289665019253,37.80133828501147,911.3323511436678,0.021104794585217475,40.41786725151339,0.9999998770098533,0
cleanStatic,13,397.75,0,0,test,0.5799915994754112,2.193031484950701,0.5952027097545013,0.010758375595378938,2.773023084426112,0.26507078411695867,0
cleanStatic,16,397.75,0,0,test,0.8239848021584655,0.6593475680228996,0.7552111675421578,0.017842759294874024,1.483332370181365,0.08501479718263139,0
cleanStatic,19,397.75,0,0,test,1.619495893291074,0.24431151300449022,0.461427784009017,0.011888259187929491,1.863807406295564,0.13234934120352285,0
cleanStatic,20,397.75,0,0,test,0.18550604364040715,4.4928230647659175,4.718962950424301,0.00018056968722340513,4.6783291084063245,0.543616316612167,0
cleanStatic,23,397.75,0,0,test,0.4006049884619295,6.194289006021921,0.7584086022319865,0.009642455802474673,6.594893994483851,0.7474469200411321,0
cleanStatic,30,397.75,0,0,test,0.8267299300801539,6.354953822783436,7.3078983476705135,0.000266578411471018,7.18168375286359,0.7925248699507104,0
cleanStatic,3,398.25,0,0,test,0.31267772772750047,1.3724100761741487,0.8798829661905453,0.010382641505272516,1.685087803901649,0.10922693941803059,0
cleanStatic,6,398.25,0,0,test,0.7370792936926035,2.112621121321612,0.369007145088813,0.012622990691940207,2.849700415014216,0.2768558326213636,0
cleanStatic,7,398.25,0,0,test,7.054261422845555,1.5626018547738747,0.4559566276732425,0.018406077005116078,8.61686327761943,0.8746428383734983,0
cleanStatic,8,398.25,0,0,test,8.419423303336142,9.627390978984955,7.287827401644323,0.004368916768531199,18.046814282321098,0.9971116980825468,0
cleanStatic,10,398.25,0,0,test,2.204924238221959,14.950295310336644,7.507814887838257,0.0062138613658308,17.155219548558602,0.9957853651389891,0
cleanStatic,11,398.25,0,0,test,2.499327128000556,19.297613419949606,33.91837202363966,0.017440207997941326,21.79694054795016,0.9994277635537941,0
cleanStatic,13,398.25,0,0,test,0.3082916657825579,1.925539567498366,0.6468462109032427,0.01139197852377816,2.233831233280924,0.1840655149083542,0
cleanStatic,16,398.25,0,0,test,1.7878499450487368,0.3008171365004499,0.3907608306936388,0.020096814411318126,2.0886670815491866,0.16325474959895522,0
cleanStatic,19,398.25,0,0,test,2.8282559774817435,1.27504397338544,0.32846268926046296,0.008735424050198988,4.103299950867184,0.46535871895349434,0
cleanStatic,20,398.25,0,0,test,0.08609607475361564,4.129172201801701,2.920907176127009,0.005877693788689927,4.215268276555316,0.48114280864928,0
cleanStatic,23,398.25,0,0,test,0.21326252908421398,3.7269606574018335,0.7963131557052137,0.009642755684827226,3.9402231864860475,0.44194588005700214,0
cleanStatic,30,398.25,0,0,test,0.7731321553474795,7.446425273713718,1.3057484079201231,0.0002712977301591,8.219557429061197,0.8554567020652022,0
cleanStatic,3,398.75,0,0,test,0.5395206511929751,1.0834472053656217,0.6351775874207989,0.007924290543404431,1.6229678565585968,0.10154201141339436,0
cleanStatic,6,398.75,0,0,test,1.221496418202293,0.4884596406018908,0.418662432129883,0.009471102999730231,1.7099560588041838,0.11235691413970021,0
cleanStatic,7,398.75,0,0,test,6.126244441613033,1.0743140138601353,2.5729752114695965,0.01619160256618116,7.2005584554731685,0.7938532797972375,0
cleanStatic,8,398.75,0,0,test,10.126584212593563,6.359974771619066,4.010209608583795,0.00010796410405058454,16.48655898421263,0.9944161242219738,0
cleanStatic,10,398.75,0,0,test,0.8922203701884858,3.4376893352694164,4.299636171920387,0.004606223757650331,4.3299097054579025,0.4970418850821394,0
cleanStatic,11,398.75,0,0,test,1.6774976479067663,103.0385251411491,23.383122169433783,0.0023334607761744046,104.71602278905586,1.0,1
cleanStatic,13,398.75,0,0,test,0.41332641938967113,2.6088975338791895,0.790068969108832,0.012619336614109867,3.0222239532688606,0.3034406137298215,0
cleanStatic,16,398.75,0,0,test,2.561446621842644,0.05632160573381074,0.4558512702190586,0.01508790573569286,2.617768227576455,0.24133621296752467,0
cleanStatic,19,398.75,0,0,test,1.3048152047058459,3.126305062066958,0.7771972832393484,0.011657444836745462,4.431120266772804,0.5108481362070428,0
cleanStatic,20,398.75,0,0,test,0.9487733205737977,3.274244509351955,3.9485963707801073,0.004489905782678388,4.223017829925753,0.4822260532141314,0
cleanStatic,23,398.75,0,0,test,2.5843700669525886,2.968053545139525,2.2072426838393038,0.006499931711766534,5.552423612092113,0.647768320647935,0
cleanStatic,30,398.75,0,0,test,1.1568226969345337,9.78653448285701,6.166810885739261,2.9592750388929956e-05,10.943357179791544,0.9474853179694965,0
cleanStatic,3,399.25,0,0,test,0.290534613837615,1.0796533607643444,0.7602407045977643,0.0059231921577015244,1.3701879746019594,0.07245360058122477,0
cleanStatic,6,399.25,0,0,test,0.36533760061462833,0.8355291752617926,0.4362523559789984,0.0072156121911067786,1.2008667758764209,0.055205817488808276,0
cleanStatic,7,399.25,0,0,test,6.498519127923834,0.20105577845398712,0.4684804452984361,0.01664578895490091,6.699574906377821,0.756040960117989,0
cleanStatic,8,399.25,0,0,test,6.03832333056519,10.549147946619751,8.086998497808656,0.003897977134121399,16.587471277184942,0.9946475870315927,0
cleanStatic,10,399.25,0,0,test,5.853144494870166,11.95228064417673,0.647196992151337,0.002956191329285837,17.805425139046896,0.9967995890320708,0
cleanStatic,11,399.25,0,0,test,1.9049961379789901,29.53210856153873,45.40166726075015,0.014518992043922232,31.43710469951772,0.9999923219142925,0
cleanStatic,13,399.25,0,0,test,0.5704092198126346,2.001315363046839,0.5548228702244792,0.011880198653912245,2.5717245828594737,0.23434342197729094,0
cleanStatic,16,399.25,0,0,test,3.7191473706111715,0.794359388996873,0.33184420137812803,0.024470819849354463,4.5135067596080445,0.5219216834640056,0
cleanStatic,19,399.25,0,0,test,2.6604738837036,0.6687297969726982,0.5706461938353036,0.014716935154868814,3.329203680676298,0.35062633377462665,0
cleanStatic,20,399.25,0,0,test,1.4013466137861332,7.780665582186138,11.635069072053284,0.0033486196943579394,9.182012195972272,0.8979791507670782,0
cleanStatic,23,399.25,0,0,test,0.8356084883005531,3.7771998964528755,1.3717508364906794,0.013194314033967558,4.6128083847534285,0.5350666253000834,0
cleanStatic,30,399.25,0,0,test,1.1928247168374235,34.72475454938821,12.532665653541672,0.008333967791984512,35.91757926622563,0.9999990134433935,0
cleanStatic,3,399.75,0,0,test,0.6395753218961736,0.6532550342273793,0.49081471174026436,0.007646397910682779,1.2928303561235528,0.0643323016983685,0
cleanStatic,6,399.75,0,0,test,1.8585597141046908,2.0593609309426704,0.601004322251446,0.009062177206381953,3.917920645047361,0.4387070343586833,0
cleanStatic,7,399.75,0,0,test,7.034910532477386,0.598581656692463,0.5151542519782599,0.024709812001760523,7.633492189169849,0.8223750419124725,0
cleanStatic,8,399.75,0,0,test,5.862242562139159,7.188891470577677,10.130934585540336,0.002273924766191135,13.051134032716837,0.9770957299794779,0
cleanStatic,10,399.75,0,0,test,1.8086752535699302,4.264000858598515,1.8334976716648688,0.0029592934781589738,6.072676112168446,0.7007886732126072,0
cleanStatic,11,399.75,0,0,test,1.4388970085821013,56.27267127303601,53.88222005825336,3.554201636744059e-05,57.71156828161811,0.9999999999639272,0
cleanStatic,13,399.75,0,0,test,0.4799689007110667,2.014920948972433,0.6699351318381791,0.011539089433359127,2.4948898496834997,0.22273552745912206,0
cleanStatic,16,399.75,0,0,test,1.6146265390913304,1.5790547279002287,0.3820602706223494,0.02060828888904308,3.1936812669915593,0.32984588366837586,0
cleanStatic,19,399.75,0,0,test,3.6362002518006133,0.4615956788673437,0.3724616167409608,0.011313950705771392,4.097795930667957,0.4645765348958365,0
cleanStatic,20,399.75,0,0,test,0.43955286238658015,4.16237645938347,2.6688460644798564,0.001908766105386861,4.60192932177005,0.5336374606860793,0
cleanStatic,23,399.75,0,0,test,1.7230105724412423,2.3355132225753414,1.337393907232646,0.00884853791476325,4.058523795016583,0.45897887500629464,0
cleanStatic,30,399.75,0,0,test,0.7825381109084453,5.835290955834188,8.990411718351947,0.0015494486854293037,6.617829066742633,0.7493509756659091,0
cleanStatic,3,400.25,0,0,test,0.1642666971615437,0.9267346349044824,1.0069588646010585,0.010056467260414191,1.0910013320660261,0.04510290910432751,0
cleanStatic,6,400.25,0,0,test,0.6086831307694845,1.4651340076556836,0.5004461338169338,0.005245680483742752,2.0738171384251682,0.16116034617766012,0
cleanStatic,7,400.25,0,0,test,7.333480510795188,0.4438746304037067,0.3117984389926158,0.01964862889769594,7.777355141198895,0.8310595760084866,0
cleanStatic,8,400.25,0,0,test,6.122449941529506,10.74696286488525,2.469033954941341,0.001337752728240164,16.869412806414758,0.9952457651503324,0
cleanStatic,10,400.25,0,0,test,1.4776178603154213,4.413738013620785,2.144719101074233,0.0038622501512829786,5.891355873936206,0.6830655525792255,0
cleanStatic,11,400.25,0,0,test,2.726370044467081,32.2598977314438,29.222752036265035,0.00010883884499606551,34.98626777591088,0.9999984858248379,0
cleanStatic,13,400.25,0,0,test,1.4439096274945673,3.0257265315269013,1.2864764865215903,0.01323849404961526,4.469636159021468,0.5160437335374715,0
cleanStatic,16,400.25,0,0,test,1.944876514068414,2.1510751602693587,0.8849949299187708,0.02114223661163859,4.095951674337773,0.4643143159142082,0
cleanStatic,19,400.25,0,0,test,0.5639828370530275,3.310985176974306,0.4649615267320989,0.017418932971340263,3.8749680140273335,0.4324455643686879,0
cleanStatic,20,400.25,0,0,test,0.22225831371827418,15.020326632354452,135.05171711675314,0.0035759477904945933,15.242584946072727,0.9906254259847799,0
cleanStatic,23,400.25,0,0,test,6.652801976423662,2.2555375976090963,1.2511380727535057,0.007792786980377303,8.908339574032759,0.8872234881821419,0
cleanStatic,30,400.25,0,0,test,0.6653044224635584,24.606315122890067,1.0032027902209868,0.0006144743609730066,25.271619545353627,0.9998765251085053,0
cleanStatic,3,400.75,0,0,test,1.2799841732290016,0.6125946904866555,0.5213492524543922,0.008284972793552321,1.892578863715657,0.13619979179700267,0
cleanStatic,6,400.75,0,0,test,1.3164733511093447,1.281600134479861,0.4459007079190678,0.005461942998278362,2.5980734855892056,0.2383420434052183,0
cleanStatic,7,400.75,0,0,test,6.498288208853254,0.4881439701613242,0.3369405946764376,0.01942792065315406,6.986432179014579,0.7783486786249875,0
cleanStatic,8,400.75,0,0,test,12.40168948705974,8.96542424608367,8.906216054620261,0.005948629656890533,21.36711373314341,0.9993096358812288,0
cleanStatic,10,400.75,0,0,test,2.914037609650946,1.4474373101560696,6.0028935541061115,0.0025948260387504423,4.361474919807016,0.5013713070756811,0
cleanStatic,11,400.75,0,0,test,4.281604772894897,18.79109867900962,35.386043596110476,0.0006750202146403935,23.07270345190452,0.9996730680730935,0
cleanStatic,13,400.75,0,0,test,0.36890040281956726,1.996084945159701,0.7437557771212086,0.011194059205179427,2.3649853479792684,0.20332317938797276,0
cleanStatic,16,400.75,0,0,test,2.5565462119833944,3.1956270002543947,0.3954179508950189,0.0218331874031134,5.752173212237789,0.6689147566709854,0
cleanStatic,19,400.75,0,0,test,0.47487211507241345,0.8207461460332144,0.9722274437243303,0.00918978126316798,1.295618261105628,0.06461808957742307,0
cleanStatic,20,400.75,0,0,test,6.626968222981616,5.248688594629728,2.742636767393768,0.007069262724720782,11.875656817611343,0.9634681308773559,0
cleanStatic,23,400.75,0,0,test,0.33813369132807314,1.7266559887456603,0.7994069554891985,0.008760244461568343,2.0647896800737335,0.15989051321491227,0
cleanStatic,30,400.75,0,0,test,2.1221682722695747,9.02185202647207,1.822000163098053,0.003535975298238651,11.144020298741644,0.9514019135719635,0
cleanStatic,3,401.25,0,0,test,2.986230833252766,0.6318903765927452,0.5001849522455264,0.005829835096034508,3.618121209845511,0.3944054566293329,0
cleanStatic,6,401.25,0,0,test,0.17617623049816572,1.071208617576233,3.089593478004347,0.006421387289264787,1.2473848480743988,0.059748532231756,0
cleanStatic,7,401.25,0,0,test,5.393872106921191,3.035499945791504,1.1323028434087257,0.013976493243898894,8.429372052712695,0.8658940152249791,0
cleanStatic,8,401.25,0,0,test,8.545233340035873,18.17436931980252,3.725483826369981,0.00011994046412066167,26.719602659838394,0.9999353198395031,0
cleanStatic,10,401.25,0,0,test,4.440282104168837,8.105134513959642,10.440641710164664,0.004370399116415275,12.54541661812848,0.9719677161849188,0
cleanStatic,11,401.25,0,0,test,3.5242177374169033,68.46800938323506,16.84903845674519,0.0011103592932667466,71.99222712065196,0.9999999999999606,1
cleanStatic,13,401.25,0,0,test,0.4240418415368958,1.189400998523218,0.5730611601779501,0.015102734465750766,1.6134428400601137,0.10038105603408062,0
cleanStatic,16,401.25,0,0,test,1.8647855677889777,1.2181346939589373,0.46109644164171737,0.01582837713920971,3.082920261747915,0.31279642923746465,0
cleanStatic,19,401.25,0,0,test,1.4402310302729933,0.9972029712329243,0.45556380007918273,0.016527225771122547,2.4374340015059177,0.21411326690015434,0
cleanStatic,20,401.25,0,0,test,0.8829865286052071,5.501626084044861,2.329290521843038,4.840880590191845e-05,6.384612612650068,0.729427980631584,0
cleanStatic,23,401.25,0,0,test,1.581314819790818,1.6329772113464975,0.6280867205611778,0.010500081085861427,3.2142920311373153,0.3330131236779573,0
cleanStatic,30,401.25,0,0,test,0.9671637675000709,4.7412147601404,3.739956141207074,3.204528721989651e-07,5.708378527640471,0.6643631963883923,0
cleanStatic,3,401.75,0,0,test,0.5435242167827515,1.500440665848283,0.6066648286089612,0.011236083279153658,2.0439648826310344,0.15697116990346707,0
cleanStatic,6,401.75,0,0,test,0.0653280761294207,0.3986876148971739,0.36364667274896517,0.008377117713486879,0.4640156910265946,0.006618288387889704,0
cleanStatic,7,401.75,0,0,test,4.496335991655307,0.4027431444916161,24.708905613043516,0.015414873578027642,4.8990791361469235,0.5716794236598907,0
cleanStatic,8,401.75,0,0,test,10.566478100451587,24.894795285636405,4.641292227106558,0.002439373404611412,35.461273386087996,0.9999987828858798,0
cleanStatic,10,401.75,0,0,test,4.51707617933733,1.3338483004452983,3.465459740643312,0.0010962988856538104,5.850924479782629,0.6790040213867203,0
cleanStatic,11,401.75,0,0,test,3.354012332942346,73.28442575306168,15.093886515890315,4.1125170046886386e-05,76.63843808600403,0.9999999999999958,1
cleanStatic,13,401.75,0,0,test,0.4450542655715621,1.62025259307211,0.7474170598831468,0.010921384898531882,2.065306858643672,0.1599631915730562,0
cleanStatic,16,401.75,0,0,test,2.0489781653786783,1.3168373454496558,0.47624810379711513,0.02508598250258209,3.365815510828334,0.3562185936052387,0
cleanStatic,19,401.75,0,0,test,0.9275781974477951,1.257410917027327,2.426987966804049,0.011544822266675667,2.184989114475122,0.17699878285590442,0
cleanStatic,20,401.75,0,0,test,1.5148209455953983,8.30090928085988,8.557926963266876,0.004674235586529999,9.815730226455278,0.9193719733408795,0
cleanStatic,23,401.75,0,0,test,0.39561254646243144,0.9578418325673872,0.5829176390065132,0.008541921526150555,1.3534543790298186,0.07066365334903266,0
cleanStatic,30,401.75,0,0,test,1.3616891228196013,2.1646014776394056,4.5436640976822025,0.0013356901780256873,3.526290600459007,0.38058668666724527,0
cleanStatic,3,402.25,0,0,test,0.09710913875862578,0.669508952759079,0.5666505105839218,0.007857545120530805,0.7666180915177048,0.020886493259124332,0
cleanStatic,6,402.25,0,0,test,0.5760450757179989,1.6314569210697223,0.44298416136440816,0.005844720954466105,2.2075019967877214,0.1802483839162196,0
cleanStatic,7,402.25,0,0,test,5.442927804659186,0.025459265523014828,0.21186456160411662,0.018958707837989457,5.4683870701822,0.638575192694594,0
cleanStatic,8,402.25,0,0,test,15.84583766528082,7.942973899416514,23.89866014252471,0.004925188474021783,23.788811564697333,0.9997616325435823,0
cleanStatic,10,402.25,0,0,test,1.7872099418984189,5.925768371876988,2.181147644465561,0.004555565070983569,7.712978313775406,0.8272204875901095,0
cleanStatic,11,402.25,0,0,test,4.033793133198176,31.163625210604707,13.045980136581706,0.0005139759368044979,35.19741834380288,0.9999986258677458,0
cleanStatic,13,402.25,0,0,test,1.6656419552599893,0.9402813193549209,0.6491437474437064,0.011953711373541431,2.60592327461491,0.23953490572088842,0
cleanStatic,16,402.25,0,0,test,1.352670459955111,1.6832281945842251,0.5559687896392594,0.01717970943690354,3.035898654539336,0.3055488335661747,0
cleanStatic,19,402.25,0,0,test,0.2772699641866791,1.2162456742205947,0.39533448671602717,0.010151904087332754,1.4935156384072739,0.08618310703683058,0
cleanStatic,20,402.25,0,0,test,0.6263270943835829,2.5334747157637545,1.1711412476099503,0.004010479415898273,3.1598018101473375,0.32463544436175845,0
cleanStatic,23,402.25,0,0,test,1.04102886180588,2.815123922170136,0.6318599078856169,0.012373716878951238,3.8561527839760164,0.429693106367756,0
cleanStatic,30,402.25,0,0,test,22.11245495679998,5.342544935408967,1.1091463188596138,0.009440052427450586,27.454999892208946,0.9999534933783255,0
cleanStatic,3,402.75,0,0,test,0.8784383936953738,1.1628465186302814,0.48213039759595483,0.005389166859259037,2.041284912325655,0.15659649782934376,0
cleanStatic,6,402.75,0,0,test,0.7411062404930275,1.4284548551438399,0.4071918266620511,0.009409125361557432,2.169561095636867,0.17477967484648266,0
cleanStatic,7,402.75,0,0,test,7.409178885264479,0.46997735682313335,0.3245099520454051,0.021238489900234275,7.879156242087612,0.8369774799078141,0
cleanStatic,8,402.75,0,0,test,11.646039068904837,7.343791291355944,17.62545144056948,0.0031536804071358652,18.989830360260783,0.9980694616696547,0
cleanStatic,10,402.75,0,0,test,1.1643442148464316,0.6794591498958567,2.04412785930598,0.006163450314401287,1.8438033647422882,0.12969197397363538,0
cleanStatic,11,402.75,0,0,test,4.417390354675684,29.141054284594436,11.168286043709129,0.00038627351186303825,33.55844463927012,0.9999970851557743,0
cleanStatic,13,402.75,0,0,test,0.8669845172807703,0.8634402667950161,0.5733045523100776,0.014795104948623424,1.7304247840757863,0.11495532006364795,0
cleanStatic,16,402.75,0,0,test,2.468301254533109,1.1450423432753574,0.34494035357180963,0.021760489018028982,3.6133435978084663,0.3936890695349795,0
cleanStatic,19,402.75,0,0,test,0.5029213630069818,0.4470189159625731,0.6369899295468991,0.014644792439654154,0.9499402789695548,0.03349845881551201,0
cleanStatic,20,402.75,0,0,test,2.4151050043917124,12.961633473092814,26.689350492859333,0.0021908786596494304,15.376738477484526,0.9911317622818876,0
cleanStatic,23,402.75,0,0,test,0.4523225586536279,1.090650501834341,0.8185110113252234,0.011781952383681996,1.542973060487969,0.09194190658619675,0
cleanStatic,30,402.75,0,0,test,1.6557204997457282,5.481685105550627,7.093884961243442,0.0011009763894507195,7.137405605296355,0.7893797809345745,0
cleanStatic,3,403.25,0,0,test,0.041589736797511136,1.4055854111938202,0.6475083633672003,0.004643967690018711,1.4471751479913313,0.08091589754436032,0
cleanStatic,6,403.25,0,0,test,0.9553166106441306,0.6151459449353673,1.0131226392923929,0.005916374847410692,1.570462555579498,0.09520198399316566,0
cleanStatic,7,403.25,0,0,test,5.521651722921229,1.0326701914171945,0.2582780483546216,0.01991875931746499,6.5543219143384235,0.7440493840418463,0
cleanStatic,8,403.25,0,0,test,10.922041492477764,6.334725683336914,1.700057392423197,0.004188258008704375,17.256767175814677,0.9959622843875424,0
cleanStatic,10,403.25,0,0,test,1.7605026661821448,1.142517882252838,11.331738109674863,0.005320700345252581,2.9030205484349825,0.28506581003313874,0
cleanStatic,11,403.25,0,0,test,4.639471105327381,91.24177896808624,49.78514223914201,0.005844976311789816,95.88125007341361,1.0,1
cleanStatic,13,403.25,0,0,test,4.164202894188283,1.6530101789411695,0.7022153995742636,0.014152623859550996,5.8172130731294525,0.6755868137281784,0
cleanStatic,16,403.25,0,0,test,1.2810022662655716,2.571608845935701,0.4742075223176673,0.021087050281718776,3.8526111122012727,0.42917435313193397,0
cleanStatic,19,403.25,0,0,test,3.5372202158480004,1.7114460973376182,10.79311265262949,0.007662338967478913,5.248666313185619,0.6137075072803959,0
cleanStatic,20,403.25,0,0,test,2.441303288249691,10.631738910505193,8.189043047132582,3.1652003000393426e-05,13.073042198754884,0.9772961857511284,0
cleanStatic,23,403.25,0,0,test,0.5233033590998948,2.268166070709148,1.5961791004925152,0.008219675415058527,2.791469429809043,0.267903051266906,0
cleanStatic,30,403.25,0,0,test,1.2477322159007929,6.184742134938556,10.29520416222016,0.004547943586094199,7.43247435083935,0.8095884666981665,0
cleanStatic,3,403.75,0,0,test,0.3811856454058093,0.8525707656618438,0.49286971566178217,0.005862591013642912,1.233756411067653,0.058401806898550936,0
cleanStatic,6,403.75,0,0,test,0.31072112005923785,0.5987058163603739,0.8113491645278897,0.0074433045579822615,0.9094269364196117,0.030464590718100322,0
cleanStatic,7,403.75,0,0,test,5.277180369112415,2.473170688657106,1.2664767312041,0.015648199891417667,7.750351057769521,0.829458411885655,0
cleanStatic,8,403.75,0,0,test,11.183120173632204,9.802186235245811,5.579019415108476,2.0362223286921946e-07,20.985306408878017,0.9991847461450758,0
cleanStatic,10,403.75,0,0,test,1.9624387870859528,0.9702097496277025,4.078317633963203,0.008145634015334755,2.932648536713655,0.2896312165173168,0
cleanStatic,11,403.75,0,0,test,4.725124976989512,116.51861923138428,25.315225158387598,0.012582080696471421,121.24374420837378,1.0,1
cleanStatic,13,403.75,0,0,test,2.047835078572479,1.649268745646491,0.6273550126482342,0.013075435448304265,3.6971038242189698,0.4062049849440751,0
cleanStatic,16,403.75,0,0,test,1.7647924644894557,1.777829507982099,0.32982739765046704,0.01662643281874542,3.5426219724715544,0.38305157598194034,0
cleanStatic,19,403.75,0,0,test,0.3411564260917163,0.18490640932325098,1.0472588696525442,0.016922221677727722,0.5260628354149672,0.008862135498218772,0
cleanStatic,20,403.75,0,0,test,0.7332335844622918,8.623769637877288,2.925381750534291,0.003367119163532454,9.35700322233958,0.9043558401853881,0
cleanStatic,23,403.75,0,0,test,0.8814287090567956,1.0106502310791057,0.5148914321100673,0.00942300280578108,1.8920789401359013,0.13613260663560783,0
cleanStatic,30,403.75,0,0,test,5.779952019652527,12.993120608691305,16.3767396796979,0.0009967785498123047,18.773072628343833,0.9978815697244668,0
cleanStatic,3,404.25,0,0,test,0.5059728786499186,1.1925693343780717,0.7500220594456082,0.010689424567787226,1.6985422130279901,0.11091663536577982,0
cleanStatic,6,404.25,0,0,test,1.106726042227978,0.12756691927894298,0.6348462869020292,0.007710708044245637,1.2342929615069211,0.05845458090661219,0
cleanStatic,7,404.25,0,0,test,4.637261910450064,1.082646613283796,0.2942735889742751,0.018988235604572464,5.71990852373386,0.6655661093717229,0
cleanStatic,8,404.25,0,0,test,11.925165996727575,8.949269124006827,3.271652771448173,0.0018186309298033345,20.874435120734404,0.9991444805536435,0
cleanStatic,10,404.25,0,0,test,3.4616001229698017,2.969920699172982,2.8812459870767713,0.0023961719607276965,6.431520822142783,0.7335360290897472,0
cleanStatic,11,404.25,0,0,test,3.7481026009928833,150.85709352886633,23.02289654680289,7.2480720046682e-05,154.60519612985922,1.0,1
cleanStatic,13,404.25,0,0,test,2.301278078238701,2.189337279334554,0.6872495470902423,0.012325171316304026,4.490615357573255,0.5188599477527387,0
cleanStatic,16,404.25,0,0,test,1.1692431959806615,1.0726051620219645,0.8008905220292201,0.020331218064464692,2.241848358002626,0.18523127689070903,0
cleanStatic,19,404.25,0,0,test,8.328459061086598,1.1628073057792054,0.2029267566495193,0.014206432669533132,9.491266366865803,0.9089979496139821,0
cleanStatic,20,404.25,0,0,test,0.664704239278201,5.563145780666561,3.0019546755781272,0.000661618609107561,6.227850019944762,0.715324732581923,0
cleanStatic,23,404.25,0,0,test,1.0992826918592695,1.6931704064022288,0.7548651217160429,0.011297825737426914,2.7924530982614986,0.26805414099807284,0
cleanStatic,30,404.25,0,0,test,0.6376324419661595,2.4826566415979747,14.864053249406561,6.77510347485797e-05,3.1202890835641344,0.31855306894972435,0
cleanStatic,3,404.75,0,0,test,0.1948299422654919,1.3073838005723215,0.5956499743164523,0.008930977953526474,1.5022137428378135,0.08718579210488242,0
cleanStatic,6,404.75,0,0,test,2.2553385814163294,0.3396814595000823,0.5138266654606329,0.005602609603566474,2.5950200409164115,0.23787823342775538,0
cleanStatic,7,404.75,0,0,test,4.611859249550785,0.5115403412005591,0.15071679234902421,0.017842578461757793,5.123399590751345,0.5989931444415859,0
cleanStatic,8,404.75,0,0,test,10.950848616936169,2.591192756846902,1.851711257529108,0.00044024954752675563,13.542041373783071,0.9812043672321855,0
cleanStatic,10,404.75,0,0,test,2.465515825486064,2.880881297344478,3.885098239612249,0.0030979240270963236,5.346397122830542,0.6249169790740505,0
cleanStatic,11,404.75,0,0,test,3.7754816978021384,34.7698252962005,23.547818123790165,0.001433315533794706,38.54530699400264,0.999999706834609,0
cleanStatic,13,404.75,0,0,test,1.2985429929401686,0.8639276500004436,0.5268130836296512,0.013750125117308167,2.162470642940612,0.17376199634692086,0
cleanStatic,16,404.75,0,0,test,1.7737832713420985,2.583107976527484,0.9745532020233689,0.015549816942675453,4.356891247869582,0.5007439346855976,0
cleanStatic,19,404.75,0,0,test,0.9133565565340436,2.9895970959149074,0.9064589442841638,0.00969357428688774,3.902953652448951,0.4365287210767919,0
cleanStatic,20,404.75,0,0,test,0.4019559337951011,6.735960597419663,24.572474409881824,0.006144850195539559,7.137916531214763,0.7894163031589516,0
cleanStatic,23,404.75,0,0,test,1.3374192867863057,1.185092251806304,0.5553436975351964,0.010770237905952306,2.52251153859261,0.22689896183299538,0
cleanStatic,30,404.75,0,0,test,2.2387835335793453,8.880779763719927,13.872157390000087,0.001361487818750381,11.119563297299273,0.9509397421689373,0
cleanStatic,3,405.25,0,0,test,0.20132488114108926,1.3358282856611396,0.7685444020540477,0.006417317609384483,1.537153166802229,0.09125706372171374,0
cleanStatic,6,405.25,0,0,test,1.012156288482269,0.7544188192273826,2.656250782028818,0.005858506642455502,1.7665751077096516,0.11959201926488412,0
cleanStatic,7,405.25,0,0,test,5.081141331579787,1.442742834049403,0.21229567810778188,0.015160062008498782,6.52388416562919,0.741475843194957,0
cleanStatic,8,405.25,0,0,test,10.207789883665756,10.740937143797652,70.15163183832381,0.001761434739173322,20.948727027463406,0.9991716722600543,0
cleanStatic,10,405.25,0,0,test,3.6495931134119846,1.8952919268702437,2.792498368154554,0.003086199916491953,5.544885040282228,0.6469508269413263,0
cleanStatic,11,405.25,0,0,test,6.275381087445437,48.86022320289678,38.303396177421384,0.0013323803095645174,55.13560429034222,0.9999999998775857,0
cleanStatic,13,405.25,0,0,test,1.5758871177476983,1.5154413440168177,0.8826172157958463,0.018255475091496123,3.0913284617645163,0.31409200344690574,0
cleanStatic,16,405.25,0,0,test,0.8506908268711192,2.3318832536732743,0.4149082737017954,0.01994752322979752,3.1825740805443936,0.32813821749717015,0
cleanStatic,19,405.25,0,0,test,0.1758177622355724,1.003941180498947,0.5670550021348484,0.014527543705314758,1.1797589427345194,0.0531955811388105,0
cleanStatic,20,405.25,0,0,test,0.8094661790475833,11.67810936385099,9.409881531707475,4.730750333394368e-05,12.487575542898572,0.9713155851036688,0
cleanStatic,23,405.25,0,0,test,1.2986661395296593,1.6205411866862367,1.288760171522019,0.008075289694861947,2.919207326215896,0.2875598121815409,0
cleanStatic,30,405.25,0,0,test,6.470937235706526,2.66370611107934,6.532421967270934,0.0005333276504793609,9.134643346785865,0.8961872903527641,0
cleanStatic,3,405.75,0,0,test,0.5943276181544923,1.0840212665765727,0.5268888442794212,0.007272128001579714,1.678348884731065,0.10838393831564519,0
cleanStatic,6,405.75,0,0,test,1.9466633754764031,1.6884144480275007,1.9778021341509513,0.0070913614674578,3.635077823503904,0.39694567294833216,0
cleanStatic,7,405.75,0,0,test,4.906623948130921,0.5297061913626144,0.45360276787362086,0.02024256652638691,5.436330139493536,0.6350219674282462,0
cleanStatic,8,405.75,0,0,test,10.903662626335022,6.606515286821931,11.655890347012374,0.00015325348401733173,17.51017791315695,0.996372713944747,0
cleanStatic,10,405.75,0,0,test,2.8708050162391903,7.533148789654385,3.2397930283296215,0.002346331907631426,10.403953805893575,0.9354341807604521,0
cleanStatic,11,405.75,0,0,test,5.155116501407036,61.759482777632364,16.201849828342134,0.018953671680955426,66.91459927903941,0.9999999999995511,1
cleanStatic,13,405.75,0,0,test,3.1595058631972064,1.2720196219085937,1.0367374160719627,0.011789551862321173,4.4315254851058,0.5109029674956547,0
cleanStatic,16,405.75,0,0,test,1.0687035319110592,1.0804672016878438,0.39861922157029966,0.01940688476536136,2.149170733598903,0.1718568645748612,0
cleanStatic,19,405.75,0,0,test,0.582744427682904,1.1006085430372434,0.1927953847800035,0.010379304365729121,1.6833529707201476,0.10900970877853385,0
cleanStatic,20,405.75,0,0,test,0.4466356475752037,8.241055378158627,4.2402007127072086,0.002678779758522402,8.68769102573383,0.8778115129075112,0
cleanStatic,23,405.75,0,0,test,0.36756510198615444,1.8607444365205843,0.9725260577471702,0.00975760179386796,2.2283095385067386,0.18326354109751572,0
cleanStatic,30,405.75,0,0,test,0.8093314256311348,5.791065685997137,16.222039154953745,0.008736616378189016,6.600397111628272,0.7479048726444835,0
cleanStatic,3,406.25,0,0,test,2.8774070344854694,1.840993313205461,0.6724322185194075,0.005539099355830897,4.71840034769093,0.5487960059572999,0
cleanStatic,6,406.25,0,0,test,0.8682966899516399,0.2741158045331912,0.969141219203014,0.010854276121640355,1.142412494484831,0.04971865290738139,0
cleanStatic,7,406.25,0,0,test,4.885779994953171,1.0743977189499692,0.48821806559252734,0.02392103841374593,5.96017771390314,0.6898868906923603,0
cleanStatic,8,406.25,0,0,test,12.419013034312844,4.094144640722001,4.067926369517486,3.768222531441212e-05,16.513157675034844,0.994478064443613,0
cleanStatic,10,406.25,0,0,test,6.344461800193197,11.503062027725104,4.870128130610526,0.0065654244201019405,17.8475238279183,0.9968563031548451,0
cleanStatic,11,406.25,0,0,test,4.492514790503584,82.71424205223377,32.895121166125655,0.00031691734803361685,87.20675684273735,1.0,1
cleanStatic,13,406.25,0,0,test,0.7023290302168509,1.7591468826075753,1.3831809187370565,0.010584438481331398,2.4614759128244263,0.21771463173655983,0
cleanStatic,16,406.25,0,0,test,2.1653333369602175,1.015793572210177,0.3740711733603243,0.017821953608965567,3.1811269091703944,0.3279156824760062,0
cleanStatic,19,406.25,0,0,test,0.22593470987597883,1.228631451983979,0.22450392896702995,0.011238472990205122,1.4545661618599577,0.08174743705808506,0
cleanStatic,20,406.25,0,0,test,1.4140056870505184,10.698473338667961,6.529782513139476,4.5902126360241344e-05,12.11247902571848,0.9667213574512623,0
cleanStatic,23,406.25,0,0,test,1.1286321722797195,1.6899033124116567,1.1000698170517795,0.009554871996698359,2.818535484691376,0.2720622778731544,0
cleanStatic,30,406.25,0,0,test,0.3967407830301633,5.768887665311214,4.008067383749328,0.006373322983629183,6.165628448341378,0.7095654058706949,0
cleanStatic,3,406.75,0,0,test,0.38007676044382327,1.6583136266197613,0.634973445723023,0.0042826683620945626,2.0383903870635844,0.15619209480339957,0
cleanStatic,6,406.75,0,0,test,0.8065780340942961,0.28003447590527414,0.9236365541284748,0.0084635609095019,1.0866125099995703,0.044718200851654746,0
cleanStatic,7,406.75,0,0,test,4.303604834820106,0.49915590847080854,0.2585765431691675,0.025997782713893212,4.802760743290915,0.5595771846306753,0
cleanStatic,8,406.75,0,0,test,10.668237406317413,12.11255501716465,16.481499992325734,0.0011002903400201727,22.780792423482062,0.9996282596454483,0
cleanStatic,10,406.75,0,0,test,4.0463513152363895,3.9744713944949437,2.758384387134048,0.0037942531150099803,8.020822709731334,0.844908225233192,0
cleanStatic,11,406.75,0,0,test,4.926522801541107,40.96361351648508,16.95191951683587,7.509005613323969e-06,45.89013631802619,0.9999999904379353,0
cleanStatic,13,406.75,0,0,test,1.1241274599745943,0.704077559009286,0.5411383209538299,0.01370403572165806,1.8282050189838803,0.12763137682199804,0
cleanStatic,16,406.75,0,0,test,4.411005627266166,1.0520193926520411,0.36437702675357125,0.016942197384076055,5.4630250199182075,0.6379826411821,0
cleanStatic,19,406.75,0,0,test,0.6233022828872218,3.9196410831766557,0.6060750346359147,0.016223443866917132,4.542943366063877,0.525841595122623,0
cleanStatic,20,406.75,0,0,test,0.5489095753080833,4.424731113928098,2.258344378178741,0.0001797988573703694,4.973640689236181,0.5808944105890446,0
cleanStatic,23,406.75,0,0,test,1.0669831582382272,2.110618142397947,0.969233663499497,0.01074346214228195,3.177601300636174,0.32737350293769857,0
cleanStatic,30,406.75,0,0,test,0.5859112512204275,9.147797565956322,1.8002319208569404,0.0002580961493734007,9.73370881717675,0.9168581669385865,0
cleanStatic,3,407.25,0,0,test,1.043371357711821,1.2622638287263497,0.5674833110924806,0.007256168351402674,2.305635186438171,0.19456114047771408,0
cleanStatic,6,407.25,0,0,test,0.9524811618368751,0.8793180715504552,0.5297931379473902,0.007479069027420661,1.8317992333873303,0.1281052806200998,0
cleanStatic,7,407.25,0,0,test,5.030500756673304,0.6912923093527565,0.9677038731844225,0.01669699089227156,5.721793066026061,0.6657624086331699,0
cleanStatic,8,407.25,0,0,test,9.654656020120076,17.110582140256916,6.470538730720597,1.653850221942655e-08,26.76523816037699,0.9999366285911345,0
cleanStatic,10,407.25,0,0,test,3.374028315265311,3.309429737817552,4.207525636521398,0.005744572782420096,6.683458053082863,0.7547338512820841,0
cleanStatic,11,407.25,0,0,test,5.3605991796009205,19.31960570502834,11.313891150140284,0.0006767184619255284,24.680204884629262,0.9998393953957962,0
cleanStatic,13,407.25,0,0,test,0.958326593429417,1.385526050366421,0.516302880768761,0.014274153062587239,2.343852643795838,0.20019485420593494,0
cleanStatic,16,407.25,0,0,test,1.810202952110745,0.8302196401509555,0.715678522769323,0.01755829610610389,2.6404225922617006,0.24478564375511014,0
cleanStatic,19,407.25,0,0,test,17.421752777996204,2.52348961223691,0.9682435349277725,0.019078676690583447,19.945242390233116,0.9987203539624728,0
cleanStatic,20,407.25,0,0,test,1.8188165623439132,5.855421561277557,1.840444395356929,5.2889919926835135e-05,7.674238123621469,0.8248735491368919,0
cleanStatic,23,407.25,0,0,test,1.4507176341465258,1.2792144493089008,0.6717300804304595,0.008921840429298947,2.7299320834554264,0.25846321054778204,0
cleanStatic,30,407.25,0,0,test,1.953865652110276,9.034061850879707,0.9877902201097261,0.010991929891368036,10.987927502989983,0.9483801283704816,0
cleanStatic,3,407.75,0,0,test,0.9894588591620301,1.8475625068059462,1.2848042754827107,0.007257254582362009,2.8370213659679764,0.2749051125105619,0
cleanStatic,6,407.75,0,0,test,2.3666546197616127,0.8136010755721633,0.513382614346194,0.009607708039468844,3.180255695333776,0.3277817094043724,0
cleanStatic,7,407.75,0,0,test,4.6183074848741255,2.0873841188770195,0.8439559227749155,0.018047441888723023,6.705691603751145,0.7565355163754433,0
cleanStatic,8,407.75,0,0,test,10.373219445360094,13.199556210442895,13.844276311725462,0.00017629344132656497,23.57277565580299,0.9997377627371746,0
cleanStatic,10,407.75,0,0,test,3.5673551010630713,1.2821121441771606,3.066316570912147,0.0093063143992118,4.849467245240232,0.565473545419924,0
cleanStatic,11,407.75,0,0,test,8.91331545071696,16.746462450813276,32.06246489848233,0.0008934890369662771,25.659777901530234,0.9998961338153802,0
cleanStatic,13,407.75,0,0,test,1.4486235658284257,1.3892857161224383,0.7748068620572892,0.013562854750024772,2.8379092819508642,0.27504169931983535,0
cleanStatic,16,407.75,0,0,test,1.8378802243454573,1.6136882640042305,0.3780370124700096,0.013144182437372927,3.4515684883496878,0.36927173064513785,0
cleanStatic,19,407.75,0,0,test,1.523418470522249,3.793790919536603,0.46919973251883484,0.015878526366292625,5.317209390058852,0.6215941048478717,0
cleanStatic,20,407.75,0,0,test,1.5197193124250543,10.09378240298058,12.745763624013058,0.0027146309070924563,11.613501715405635,0.9595148365423777,0
cleanStatic,23,407.75,0,0,test,1.7829170888545645,1.2859534728335897,0.5676094042086074,0.010187538238477057,3.068870561688154,0.31063126700775057,0
cleanStatic,30,407.75,0,0,test,0.9204081550308062,15.787908097749426,2.649182040788093,0.0033858555529713437,16.708316252780232,0.9949124706639001,0
cleanStatic,3,408.25,0,0,test,1.507791776847206,0.4615411032367559,0.4646557841769828,0.007592792852846473,1.9693328800839618,0.14662805506790907,0
cleanStatic,6,408.25,0,0,test,1.2321206922360315,0.8927120825461853,0.6543743585200441,0.00940196933385194,2.1248327747822167,0.1683836376225627,0
cleanStatic,7,408.25,0,0,test,4.332349470872466,0.6651171105365277,0.5732407067975018,0.018703103615978565,4.997466581408994,0.5838105524232483,0
cleanStatic,8,408.25,0,0,test,10.040907308749928,10.011431811741371,4.805832832148384,0.0017498116158746841,20.052339120491297,0.9987782201808452,0
cleanStatic,10,408.25,0,0,test,3.5641551509939515,6.285177487671894,6.405624410161398,0.0018236423202920972,9.849332638665846,0.9203813479102929,0
cleanStatic,11,408.25,0,0,test,7.02950773712301,25.14743566604207,9.525540291512247,0.0010383333988429736,32.17694340316508,0.9999945193560879,0
cleanStatic,13,408.25,0,0,test,0.6465327258324092,2.1752150469420224,2.1816788999333645,0.014737881783141385,2.8217477727744313,0.2725561604072777,0
cleanStatic,16,408.25,0,0,test,3.898351720100925,1.0061487773442088,0.29904448819737095,0.02089838807086383,4.904500497445134,0.5723539812642311,0
cleanStatic,19,408.25,0,0,test,0.15914251482452668,1.4359791597366915,0.5807707354055792,0.009734982145954963,1.5951216745612182,0.09816135122505328,0
cleanStatic,20,408.25,0,0,test,9.224411165672613,5.602956940624918,0.8963593810149656,0.0025593115217105436,14.82736810629753,0.9888739945940237,0
cleanStatic,23,408.25,0,0,test,1.901129182745854,1.5144557314618585,0.4927324382100287,0.009225835984553645,3.4155849142077126,0.3638025956344467,0
cleanStatic,30,408.25,0,0,test,0.3232164019702643,12.76908483655416,1.7336046790902198,0.0035973080108644474,13.092301238524424,0.9774710105256129,0
cleanStatic,3,408.75,0,0,test,1.1746622444603672,0.2247461421455007,0.47943526306941714,0.006619661464662914,1.399408386605868,0.07562202198133797,0
cleanStatic,6,408.75,0,0,test,1.1843526547894279,1.6785429645626457,0.5672935412018812,0.003790417877858885,2.8628956193520736,0.2788866571377588,0
cleanStatic,7,408.75,0,0,test,4.3792697512411545,1.532545005158981,0.30946744930909303,0.020941707174856293,5.911814756400135,0.6851054621531132,0
cleanStatic,8,408.75,0,0,test,10.734714529127375,5.049938438181374,5.811349857044779,4.929307497640607e-05,15.784652967308748,0.9925134349403804,0
cleanStatic,10,408.75,0,0,test,3.2301222411113564,0.7781772848088002,2.3718129576422062,0.00472955321216607,4.008299525920156,0.45177835954504053,0
cleanStatic,11,408.75,0,0,test,7.660308505183354,32.97870741154249,6.555450327452767,2.593219674584323e-06,40.63901591672584,0.999999889023161,0
cleanStatic,13,408.75,0,0,test,0.5581826073807139,1.2561860733497732,1.4467081454870732,0.01301179313197941,1.814368680730487,0.12581214145128428,0
cleanStatic,16,408.75,0,0,test,4.6431472335222415,2.0094898729865114,0.3621818745358447,0.018411365120746818,6.652637106508752,0.7522179974539432,0
cleanStatic,19,408.75,0,0,test,0.28946457972859524,5.31052546705955,0.43241778480610166,0.00955882594775897,5.599990046788146,0.6528938650974756,0
cleanStatic,20,408.75,0,0,test,0.05604430836716174,8.480304322093593,6.441095110226582,0.0005848875606411969,8.536348630460754,0.8709508478505903,0
cleanStatic,23,408.75,0,0,test,0.6907922211263792,1.2946413676668052,0.7052838953254646,0.008792572028198881,1.9854335887931844,0.14884311395209632,0
cleanStatic,30,408.75,0,0,test,0.05261094864856973,18.00509622062938,0.9531514152690426,4.1227308560236456e-07,18.05770716927795,0.9971250557601591,0
cleanStatic,3,409.25,0,0,test,1.0015550469276295,0.1705184458748513,0.4885298802052975,0.005403772163651822,1.1720734928024807,0.052471686767060766,0
cleanStatic,6,409.25,0,0,test,1.0466727051691032,10.371294998913102,0.42436016286116834,0.005915059150030925,11.417967704082205,0.9563054255915302,0
cleanStatic,7,409.25,0,0,test,5.864302733328218,2.6069572491401525,0.8233010368949042,0.02056446447210235,8.471259982468371,0.8678949224865473,0
cleanStatic,8,409.25,0,0,test,12.218323173776051,13.753899928058678,3.6816260237387537,0.004717370667755681,25.97222310183473,0.9999096502998341,0
cleanStatic,10,409.25,0,0,test,3.355616292764246,3.900618145058056,4.505274429363964,0.00294455775740169,7.256234437822302,0.7977293933239693,0
cleanStatic,11,409.25,0,0,test,9.040240328344844,22.361500700768392,12.959538528261598,0.0018020859652915547,31.401741029113236,0.9999921973174442,0
cleanStatic,13,409.25,0,0,test,0.5044098320248778,2.236558535804583,1.0475284492311994,0.014824159115970702,2.7409683678294607,0.26015427053159385,0
cleanStatic,16,409.25,0,0,test,5.2028117832177605,2.517107589498868,0.8362396460583019,0.014024362288277033,7.719919372716628,0.8276380633197433,0
cleanStatic,19,409.25,0,0,test,3.538298481129106,2.3134462511344798,5.08801314250863,0.013279754260546195,5.851744732263586,0.6790868189582431,0
cleanStatic,20,409.25,0,0,test,7.535299104238434,17.148886540605663,4.477294958425479,0.0008313639978540928,24.684185644844096,0.9998396789655833,0
cleanStatic,23,409.25,0,0,test,0.692587467313659,2.0615299376871032,0.7783713350809083,0.006419383853994528,2.754117405000762,0.2621702101132263,0
cleanStatic,30,409.25,0,0,test,1.1913826285764486,18.603198042320678,4.998125559447576,0.0026249267705056923,19.794580670897126,0.9986343612553841,0
cleanStatic,3,409.75,0,0,test,6.671282209296264,0.3196953304784322,0.7075298576880273,0.0029576247975575854,6.990977539774696,0.7786878149116588,0
cleanStatic,6,409.75,0,0,test,1.4749489214471243,3.989230244095134,4.183511682931285,0.003994248635478264,5.464179165542259,0.6381102444786817,0
cleanStatic,7,409.75,0,0,test,4.972149947469074,2.2516532572305525,0.43989304828872045,0.01835727814489365,7.223803204699626,0.7954792364765229,0
cleanStatic,8,409.75,0,0,test,10.880070697644664,7.726057071097468,2.6886369592373587,0.0004899055534956244,18.606127768742134,0.9977247309475524,0
cleanStatic,10,409.75,0,0,test,2.487567036466943,5.005034440711864,5.592955739687193,0.0012819997924732077,7.492601477178807,0.8134943894768057,0
cleanStatic,11,409.75,0,0,test,9.121440373823805,36.911617215298335,9.236901026838602,0.0003139505593312142,46.03305758912214,0.9999999910575544,0
cleanStatic,13,409.75,0,0,test,1.0846274620870724,1.3992263117146377,0.7429764940428183,0.017300381369986052,2.48385377380171,0.22107526247146403,0
cleanStatic,16,409.75,0,0,test,8.950332078808556,3.9109148381981615,0.6718357342202398,0.017191730186013634,12.861246917006717,0.9752856833288501,0
cleanStatic,19,409.75,0,0,test,26.227258037456153,7.63385935662349,0.7440604656351122,0.008612713189975543,33.86111739407964,0.99999746251225,0
cleanStatic,20,409.75,0,0,test,0.17845487354456063,9.27900388460402,16.452663149194166,0.0026923091339173116,9.457458758148581,0.9078490061910817,0
cleanStatic,23,409.75,0,0,test,0.2984100584265852,2.074213064945465,0.944764884670649,0.00972394930444494,2.3726231233720503,0.2044560227981612,0
cleanStatic,30,409.75,0,0,test,0.22380373025514524,19.591432508463367,4.574767850200631,0.007153239632461948,19.815236238718512,0.9986464785408717,0
cleanStatic,3,410.25,0,0,test,18.48155579293519,0.7407803190382986,0.40991126162332786,0.006559599991615739,19.222336111973487,0.9982528266944733,0
cleanStatic,6,410.25,0,0,test,2.2220417867028006,2.2092220665778783,2.0034249818173424,0.009343813637906227,4.431263853280679,0.510867565731683,0
cleanStatic,7,410.25,0,0,test,4.78261225172538,1.8808844025293503,1.2147436501526152,0.022119473539643494,6.663496654254731,0.7531068751643166,0
cleanStatic,8,410.25,0,0,test,12.22964365687097,22.38105976442402,8.33667070388905,0.003243151514618067,34.610703421294986,0.9999982007570981,0
cleanStatic,10,410.25,0,0,test,3.479511379145084,5.39425821310644,4.4132264230874405,0.0016868791371582544,8.873769592251524,0.8857937653008303,0
cleanStatic,11,410.25,0,0,test,8.870496012315721,45.955650456659164,39.337147946954744,0.0012081525788211703,54.82614646897488,0.9999999998582595,0
cleanStatic,13,410.25,0,0,test,1.9367921246969007,1.2323012947419336,0.55421007113672,0.0120137391173551,3.169093419438834,0.3260649152493258,0
cleanStatic,16,410.25,0,0,test,3.6670448933267132,2.017158976186486,0.5461137682870509,0.014911387897390223,5.684203869513199,0.6618303805562233,0
cleanStatic,19,410.25,0,0,test,2.9035624932934603,1.8728101555906698,0.7850457083452915,0.01138687013968232,4.77637264888413,0.5562229024066377,0
cleanStatic,20,410.25,0,0,test,6.058957409748617,3.3361932689055176,43.47122508163218,0.0002560909950714732,9.395150678654135,0.9056964410474085,0
cleanStatic,23,410.25,0,0,test,0.690755522003066,1.4400073176961983,1.2857618043364982,0.010059145065115252,2.130762839699264,0.16922832924520156,0
cleanStatic,30,410.25,0,0,test,0.4607942816591339,12.849583197260518,0.2458865630286267,0.00011087873021959691,13.310377478919651,0.9793625298879369,0
cleanStatic,3,410.75,0,0,test,1.1124619414349424,0.7785876596904058,0.6262040475672362,0.00833053369481788,1.8910496011253481,0.13599430384993078,0
cleanStatic,6,410.75,0,0,test,1.3390093310863052,4.123377017625305,0.47288039972584833,0.01072516641193281,5.46238634871161,0.6379120148935224,0
cleanStatic,7,410.75,0,0,test,5.917290745834277,0.7021624081903256,0.584684281805144,0.027226582165561692,6.619453154024603,0.7494853547792779,0
cleanStatic,8,410.75,0,0,test,12.619802187928835,6.4498153726902085,2.3911219351025768,0.004364348617019854,19.069617560619044,0.9981344205713807,0
cleanStatic,10,410.75,0,0,test,3.7271691904724578,8.116699699757156,2.9697036492056688,0.0029031530557105667,11.843868890229613,0.9630090886851832,0
cleanStatic,11,410.75,0,0,test,9.851973220361371,41.264431050218555,5.514259784610031,0.00037322443722140596,51.11640427057993,0.9999999991813396,0
cleanStatic,13,410.75,0,0,test,0.7513852017390289,1.4406066768475265,1.3859606252866854,0.012304786510049492,2.1919918785865553,0.17800815283901167,0
cleanStatic,16,410.75,0,0,test,3.731076702403627,1.7078326257420013,0.672238244602835,0.022210378930107168,5.438909328145629,0.6353087950998042,0
cleanStatic,19,410.75,0,0,test,0.49166938593135134,3.2455471228846204,0.5680407668865154,0.00806775556052546,3.7372165088159717,0.41216453521249086,0
cleanStatic,20,410.75,0,0,test,0.44332430283202956,10.496469126453714,4.124461767386226,0.0010989864275272002,10.939793429285745,0.9474131435961269,0
cleanStatic,23,410.75,0,0,test,4.911355147508977,1.7924617612760392,0.702914585880841,0.010100914294555426,6.703816908785016,0.7563840295599693,0
cleanStatic,30,410.75,0,0,test,0.08658936415715889,15.47006868661678,10.92266774646188,0.00459709928209588,15.55665805077394,0.9917692976068202,0
cleanStatic,3,411.25,0,0,test,1.235611251765214,0.4291240253799293,0.7448007009267333,0.008397155794387727,1.6647352771451434,0.10668778155136657,0
cleanStatic,6,411.25,0,0,test,1.0282656513739639,4.086163338838032,1.2228886060975106,0.007615722419100979,5.114428990211996,0.5979245350661714,0
cleanStatic,7,411.25,0,0,test,6.340998537740755,1.0303293976288688,0.36631621645317725,0.02142936743306713,7.3713279353696235,0.8055438585412983,0
cleanStatic,8,411.25,0,0,test,13.89506414744272,5.523052212646778,3.348178626460842,4.929143755471721e-06,19.4181163600895,0.9983938734534529,0
cleanStatic,10,411.25,0,0,test,3.140864440397265,12.489003828081056,3.616535076295535,0.00985014349573442,15.629868268478322,0.9920157580161951,0
cleanStatic,11,411.25,0,0,test,12.123465479116069,36.050852502539456,1889.894786672742,0.03458344719966708,48.17431798165553,0.9999999967275256,0
cleanStatic,13,411.25,0,0,test,1.8471077134969929,0.9314574979419022,0.6633289237627144,0.013853910708024999,2.7785652114388952,0.26592151073495934,0
cleanStatic,16,411.25,0,0,test,1.8555640471541925,1.871683812551875,0.709288762538004,0.015787046061011476,3.7272478597060674,0.41068565157747444,0
cleanStatic,19,411.25,0,0,test,2.104993532263377,1.4592930421898702,0.8058707521617703,0.01570953181856101,3.564286574453247,0.3863166413002029,0
cleanStatic,20,411.25,0,0,test,4.821340532297828,2.435153795331779,4.718775522590426,0.018789315344681225,7.256494327629607,0.7977473388906807,0
cleanStatic,23,411.25,0,0,test,1.474269671000924,1.070250732848555,0.6226427410016218,0.009498628551644727,2.544520403849479,0.23022420917622327,0
cleanStatic,30,411.25,0,0,test,0.15854923546579627,34.157130492055074,20.006549322360645,0.005620235178089652,34.31567972752087,0.9999979398907066,0
cleanStatic,3,411.75,0,0,test,3.3070545476483573,0.2857370294230413,0.5349168384803865,0.004869171990804687,3.5927915770713987,0.39060407116698487,0
cleanStatic,6,411.75,0,0,test,1.3763042248062545,1.8807752262708952,0.4429498248049057,0.006041512530799744,3.25707945107715,0.33958106825677065,0
cleanStatic,7,411.75,0,0,test,5.9247577114547365,0.729865766062774,6.22018568783301,0.017205299359925368,6.654623477517511,0.7523807844542356,0
cleanStatic,8,411.75,0,0,test,12.236973417191908,12.426438397011802,13.824610388224146,0.0017879446318308677,24.663411814203712,0.9998381936675921,0
cleanStatic,10,411.75,0,0,test,3.945748144804631,2.3770252718693454,2.967129939721983,0.001909272992326253,6.322773416673977,0.7239337444142798,0
cleanStatic,11,411.75,0,0,test,6.2277280507237744,25.12326365691834,51.585355488597436,0.007904187503843833,31.350991707642116,0.9999920149945974,0
cleanStatic,13,411.75,0,0,test,0.7778825261336988,0.7761755800327671,0.5590147889978834,0.01242728244484857,1.5540581061664658,0.09325151929050218,0
cleanStatic,16,411.75,0,0,test,1.8385385627194741,3.1501492014921797,0.45691347782131714,0.01865055183170943,4.988687764211654,0.5827376894074295,0
cleanStatic,19,411.75,0,0,test,2.0741910595178155,0.7623142346014226,0.23102151870255183,0.004839970896578442,2.836505294119238,0.27482572753678725,0
cleanStatic,20,411.75,0,0,test,11.908710243021774,7.470957706257399,10.946053230538755,0.013848263260384712,19.379667949279174,0.99836708662099,0
cleanStatic,23,411.75,0,0,test,1.2031541409917026,2.06644464617905,1.0716304920615831,0.00928570798682377,3.269598787170753,0.3415007884777951,0
cleanStatic,30,411.75,0,0,test,0.10008323022550662,52.90577918596076,1.2881758418534854,0.004559590260432025,53.00586241618627,0.999999999664596,0
cleanStatic,3,412.25,0,0,test,5.318245349721331,0.4787477056399818,0.5752300416283213,0.0051961472852518386,5.7969930553613125,0.6735237466931732,0
cleanStatic,6,412.25,0,0,test,0.6348498383778247,3.8919560217429012,0.5675757612118418,0.008115861671744905,4.526805860120726,0.5236950627995931,0
cleanStatic,7,412.25,0,0,test,6.613661319801598,0.14276811847258447,0.4256979973136738,0.01750833062609708,6.756429438274183,0.7606057261896746,0
cleanStatic,8,412.25,0,0,test,13.453244655518017,15.294125147762816,3.6586463397678384,0.001280410002662457,28.747369803280833,0.9999740107497557,0
cleanStatic,10,412.25,0,0,test,2.774524685725634,4.356357760978603,2.077557010850007,0.005395430796445383,7.130882446704237,0.7889130141888405,0
cleanStatic,11,412.25,0,0,test,13.813804774477688,56.64309754588411,36.16442901666358,0.0009064867014042132,70.45690232036179,0.9999999999999176,1
cleanStatic,13,412.25,0,0,test,1.197159939438673,1.354186849655942,0.8233780494990056,0.012107395260009582,2.551346789094615,0.23125693449435394,0
cleanStatic,16,412.25,0,0,test,2.0029952562734286,2.8100045546507637,0.5124402507138552,0.02012626107949611,4.812999810924192,0.560874249499743,0
cleanStatic,19,412.25,0,0,test,12.309018192778547,6.408637948629311,0.19390539850561056,0.0065888841966803,18.717656141407858,0.997830721705207,0
cleanStatic,20,412.25,0,0,test,2.555350989810482,6.258791354628385,36.331858014683554,0.00017176542475122952,8.814142344438867,0.8832889910828091,0
cleanStatic,23,412.25,0,0,test,1.6454481885737793,1.3147731216811507,0.6687702104549553,0.010586197950688396,2.96022131025493,0.29388134398198573,0
cleanStatic,30,412.25,0,0,test,2.69164486673049,50.42957729093913,7.54325982001253,0.0032615956724066256,53.12122215766962,0.9999999996823988,0
cleanStatic,3,412.75,0,0,test,3.1664727949075924,0.43652981256858037,0.3803703818892918,0.004675337932623069,3.6030026074761725,0.39213747962412937,0
cleanStatic,6,412.75,0,0,test,0.8612139024676182,1.1250009003942527,0.3015556559116922,0.009437483070094356,1.986214802861871,0.1489508234038212,0
cleanStatic,7,412.75,0,0,test,6.116942220082482,3.555340015889145,0.4452158655395452,0.016812831175381123,9.672282235971627,0.914928278283351,0
cleanStatic,8,412.75,0,0,test,14.608943451444627,9.691635688872736,1.2142230148994182,0.00469992752055311,24.300579140317364,0.9998099435585223,0
cleanStatic,10,412.75,0,0,test,2.754628172986654,4.355503200368314,2.2123187798354085,0.003232497694342774,7.110131373354967,0.787422288494519,0
cleanStatic,11,412.75,0,0,test,4.329094799779069,56.40455456175169,14.45120487653998,0.0013246080508827072,60.73364936153076,0.9999999999914279,1
cleanStatic,13,412.75,0,0,test,0.591920116790942,1.24610679192309,0.44634007632736955,0.010528993835217496,1.838026908714032,0.12892769645366284,0
cleanStatic,16,412.75,0,0,test,2.715173728304915,2.285641159119621,0.6946959174089379,0.017811322276704775,5.000814887424536,0.5842192550012278,0
cleanStatic,19,412.75,0,0,test,0.6960573010718718,4.3284143219187845,0.32800183215847406,0.010991953538055186,5.0244716229906565,0.5870990526543154,0
cleanStatic,20,412.75,0,0,test,2.6313460625565317,13.506523342731807,12.952666130943959,9.057903358544615e-11,16.13786940528834,0.9935387220732043,0
cleanStatic,23,412.75,0,0,test,0.7929659985769296,1.8728352475408612,1.2400039929148967,0.008858662808499394,2.6658012461177907,0.2486561910850377,0
cleanStatic,30,412.75,0,0,test,15.69556611321446,22.08908966526762,3.690746763187706,0.013792456211519873,37.784655778482076,0.9999995831656793,0
cleanStatic,3,413.25,0,0,test,1.9098488575923078,0.7385481412690346,0.3772429100390097,0.0060175165232349255,2.6483969988613425,0.24600114047160457,0
cleanStatic,6,413.25,0,0,test,0.8419535884420455,3.183495544630593,0.343820260705158,0.01057997114246857,4.025449133072638,0.454242252109417,0
cleanStatic,7,413.25,0,0,test,5.381605245469349,1.2006055784444756,0.2573034429547144,0.02489859459330048,6.582210823913825,0.746388846658121,0
cleanStatic,8,413.25,0,0,test,15.245481008929799,9.155226239947801,1.5145723377229168,0.0011130777435012528,24.400707248877602,0.9998181938615918,0
cleanStatic,10,413.25,0,0,test,2.5460381309352775,4.697475512696765,1.021220877292463,0.010218706322974693,7.243513643632042,0.7968493404775734,0
cleanStatic,11,413.25,0,0,test,4.956862188323312,52.61927916214111,13.137425091175643,0.0009222362744772688,57.576141350464425,0.9999999999615312,0
cleanStatic,13,413.25,0,0,test,1.585707457375045,1.0905606090097697,0.461242008390647,0.014504191914057782,2.6762680663848144,0.2502543304417409,0
cleanStatic,16,413.25,0,0,test,3.7378632235765616,3.870687527097875,0.3621522858534864,0.015905647358538617,7.6085507506744365,0.8208303316029489,0
cleanStatic,19,413.25,0,0,test,1.4247546516925715,4.128889685525811,1.8626541758213593,0.010327935317436381,5.553644337218383,0.6479005647111034,0
cleanStatic,20,413.25,0,0,test,1.9794616627680035,4.0297876340695185,5.534307418961156,0.0012770479185697909,6.009249296837522,0.6946800380985916,0
cleanStatic,23,413.25,0,0,test,0.4982125051350537,2.395250767887301,1.6065932847360211,0.009161154618691122,2.893463273022355,0.28359356759690424,0
cleanStatic,30,413.25,0,0,test,0.967572480084082,48.657467665994034,2.2364827956578646,0.0013069855632206024,49.62504014607811,0.9999999983464769,0
cleanStatic,3,413.75,0,0,test,1.9011493661510974,1.0672950290223229,1.1933896616516062,0.0033174163415359242,2.96844439517342,0.29514904584331336,0
cleanStatic,6,413.75,0,0,test,0.35311608650548165,0.7114447125644907,1.247332615778184,0.008650719915926135,1.0645607990699724,0.0428077574852918,0
cleanStatic,7,413.75,0,0,test,5.827809702341428,2.559558871189262,0.4579086812292077,0.01442671031092614,8.38736857353069,0.8638603005069918,0
cleanStatic,8,413.75,0,0,test,12.28678175142331,5.8000006911981545,0.7150735000777153,0.002267044513708512,18.086782442621466,0.9971604143764478,0
cleanStatic,10,413.75,0,0,test,2.301534167990769,1.1813012295322098,1.4046251685790179,0.002525310553157573,3.4828353975229787,0.3740135718518579,0
cleanStatic,11,413.75,0,0,test,4.373821431198521,20.421880705273043,37.5688952887727,0.0017109217545973503,24.795702136471565,0.9998474246233976,0
cleanStatic,13,413.75,0,0,test,0.38412423403951396,0.8222564484639298,0.49601152575609886,0.01236860121018558,1.2063806825034438,0.055736238226385314,0
cleanStatic,16,413.75,0,0,test,3.489010236147381,4.384108619162332,0.9256267788450546,0.01823186531963999,7.873118855309714,0.8366316788976139,0
cleanStatic,19,413.75,0,0,test,1.5517000428163188,5.816426524383343,0.47128401362008826,0.0085439915183068,7.368126567199662,0.8053300694070902,0
cleanStatic,20,413.75,0,0,test,1.5265797778850798,1.8173395708203055,72.22819028722981,3.0079928731497138e-05,3.343919348705385,0.3528753461860462,0
cleanStatic,23,413.75,0,0,test,1.1797865863526604,0.7808635444767691,0.669826614185258,0.009999943883728442,1.9606501308294295,0.14543737751241542,0
cleanStatic,30,413.75,0,0,test,0.5462304386781108,45.933660314911386,3.787221278731386,3.7967782173801494e-07,46.479890753589494,0.9999999927480511,0
cleanStatic,3,414.25,0,0,test,3.209848029015228,0.6911220282646264,0.4658665992576657,0.006488789484552859,3.9009700572798547,0.43623974218245587,0
cleanStatic,6,414.25,0,0,test,0.723447988693465,0.9468524985394503,0.9368808841021126,0.003039450918859166,1.6703004872329155,0.10738005711905863,0
cleanStatic,7,414.25,0,0,test,6.867253783693597,1.452313440008045,1.0058251214686535,0.01639111226358331,8.319567223701641,0.8605191071460442,0
cleanStatic,8,414.25,0,0,test,13.84603923286399,3.3315567054581834,2.622675105005002,6.746779838764339e-05,17.177595938322174,0.9958249894189106,0
cleanStatic,10,414.25,0,0,test,2.114373624906319,2.674406939555242,1.752187978949141,0.008574917226897596,4.788780564461561,0.5578021751615244,0
cleanStatic,11,414.25,0,0,test,5.447805010533588,19.553824069143314,11.691050403560045,3.830205433048236e-06,25.001629079676903,0.9998607670886777,0
cleanStatic,13,414.25,0,0,test,0.7394768204642389,2.4236927653647204,0.9152850915717591,0.012476514658855572,3.1631695858289595,0.32515360076884714,0
cleanStatic,16,414.25,0,0,test,2.2378399797102193,1.5530870969300918,0.37498819683083184,0.0210595762339783,3.790927076640311,0.42010731658310607,0
cleanStatic,19,414.25,0,0,test,1.374765991147461,9.484060099584143,0.29084810578974124,0.017064825250387366,10.858826090731604,0.9457479826922666,0
cleanStatic,20,414.25,0,0,test,2.903581632797289,2.9091297897306196,4.336989739176457,0.0002959500377749373,5.812711422527909,0.6751283785444961,0
cleanStatic,23,414.25,0,0,test,0.6015921642748187,1.0615517229164582,0.9508870844464895,0.012366169745056842,1.6631438871912767,0.10649010650659226,0
cleanStatic,30,414.25,0,0,test,0.19052357606551848,32.89873040389913,4.8614134457118565,0.000814492460789877,33.089253979964646,0.9999963870713899,0
cleanStatic,3,414.75,0,0,test,1.5571874505199608,0.9146698576046989,0.335582060381905,0.006733407567130568,2.4718573081246595,0.21927267644354234,0
cleanStatic,6,414.75,0,0,test,2.2621179771348423,2.8683844443475675,0.9929955817922462,0.005944312908045154,5.13050242148241,0.5998378507717632,0
cleanStatic,7,414.75,0,0,test,6.063512820189946,0.9632434332271854,0.2225006337415289,0.02065037048872274,7.0267562534171315,0.7813419946563839,0
cleanStatic,8,414.75,0,0,test,12.170283711259353,4.549286103663684,549.8078152361797,0.0013141934598887687,16.719569814923037,0.9949364761751248,0
cleanStatic,10,414.75,0,0,test,5.60025964521949,4.626285428908836,7.945415604474969,0.0004397900771099303,10.226545074128325,0.9309351493719391,0
cleanStatic,11,414.75,0,0,test,4.061642133444585,22.689141657419217,15.359910086638456,0.0025084973485500744,26.750783790863803,0.9999362169287496,0
cleanStatic,13,414.75,0,0,test,1.2075275086516901,1.3037700984150893,0.9455389698297573,0.009819510391405129,2.5112976070667794,0.2252073238260716,0
cleanStatic,16,414.75,0,0,test,3.0377085657976237,2.414834224856292,0.6502950170170457,0.012984821029943446,5.452542790653916,0.6368221970049089,0
cleanStatic,19,414.75,0,0,test,4.332351548772525,11.80803024209885,0.3668060637277161,0.009410817830179935,16.140381790871373,0.9935455004940508,0
cleanStatic,20,414.75,0,0,test,1.8113209469194718,4.194040415973124,4.054115108431073,0.00018727801556307994,6.005361362892596,0.694302415935258,0
cleanStatic,23,414.75,0,0,test,1.0833273046319474,1.167275441259815,1.1362051650650915,0.009347364110135772,2.2506027458917623,0.1865060490997804,0
cleanStatic,30,414.75,0,0,test,1.7832685609641203,22.51834251344865,73.69740430480253,0.0006153781904008987,24.301611074412772,0.9998100304473203,0
cleanStatic,3,415.25,0,0,test,1.6255188768883164,1.698155316941448,1.0345870824722132,0.006699635247230245,3.3236741938297643,0.34978082939270405,0
cleanStatic,6,415.25,0,0,test,1.5532998528368795,2.04756334951606,0.3509122583865373,0.0076785329895181584,3.600863202352939,0.3918163092561728,0
cleanStatic,7,415.25,0,0,test,5.349326503029501,1.425774472144623,0.24441391392451836,0.021123093224689957,6.775100975174125,0.7620891911619323,0
cleanStatic,8,415.25,0,0,test,11.747073890394221,6.219725345270161,4.763842983428022,0.0019708408661723515,17.966799235664382,0.9970116965387866,0
cleanStatic,10,415.25,0,0,test,1.215274649966077,3.8906599628594676,3.6528891061200492,0.001291308350798612,5.1059346128255445,0.5969108267924452,0
cleanStatic,11,415.25,0,0,test,4.350949384549661,30.260553501622525,23.180797682726123,0.007276623927299227,34.61150288617219,0.9999982014173441,0
cleanStatic,13,415.25,0,0,test,0.41842215991119563,1.3786907005905948,0.4640368490443522,0.010345399896508135,1.7971128605017905,0.12355481688120078,0
cleanStatic,16,415.25,0,0,test,2.533920081915267,3.5489247645565705,0.7826953091433393,0.01518203403892683,6.082844846471838,0.7017589646680933,0
cleanStatic,19,415.25,0,0,test,0.7808157132683482,5.012903119382092,1.461114690093572,0.00938232557120648,5.79371883265044,0.6731887259874203,0
cleanStatic,20,415.25,0,0,test,1.391183421472677,1.8177393653255223,4.086226278204855,3.152929566789138e-05,3.2089227867981993,0.3321882377544097,0
cleanStatic,23,415.25,0,0,test,0.8184408555259858,0.6730234071298971,0.6317208902003331,0.009515813363928953,1.491464262655883,0.08594727052364717,0
cleanStatic,30,415.25,0,0,test,0.00735333368384051,30.25108042338106,3.7675479826672724,3.563799281020917e-05,30.258433757064903,0.9999868821654178,0
cleanStatic,3,415.75,0,0,test,1.3711387165721063,1.920044844476302,0.39741090901468507,0.007873496242611445,3.2911835610484084,0.34480825695785755,0
cleanStatic,6,415.75,0,0,test,3.1269440162873243,0.3867525661640945,0.8692794664647612,0.00934079089428495,3.513696582451419,0.3786838184958689,0
cleanStatic,7,415.75,0,0,test,5.826012983630563,0.9300098071951287,0.4784078829527221,0.019497462055160494,6.756022790825692,0.760573331989108,0
cleanStatic,8,415.75,0,0,test,10.743461550003543,14.762454950267312,10.767954752837356,0.0025344489638425586,25.505916500270857,0.9998887602151103,0
cleanStatic,10,415.75,0,0,test,0.8801582563873177,3.3319642194061077,1.6556630525882443,0.0022368567226010907,4.212122475793425,0.4807027380129553,0
cleanStatic,11,415.75,0,0,test,3.4325776360881077,25.63924298643428,16.398531734052884,0.0033837818590290603,29.071820622522388,0.99997755268723,0
cleanStatic,13,415.75,0,0,test,0.24653984395503345,0.8963685307478718,0.48913290837525697,0.01764659571831449,1.1429083747029052,0.04976414289478552,0
cleanStatic,16,415.75,0,0,test,3.20480486400128,1.8634741224020435,1.1893138409183353,0.020408508433884684,5.068278986403324,0.592395664580442,0
cleanStatic,19,415.75,0,0,test,1.039980557791985,3.2269477555476307,0.8934789572493745,0.010704293594925673,4.266928313339616,0.4883408650041051,0
cleanStatic,20,415.75,0,0,test,1.9197497183061805,4.588936201603175,17.01580041359712,0.0015695766094363907,6.508685919909356,0.7401828708934858,0
cleanStatic,23,415.75,0,0,test,0.8696109514143715,0.8666083503125186,0.8697177904071776,0.009285401649185992,1.73621930172689,0.11569448042613215,0
cleanStatic,30,415.75,0,0,test,0.7182374925803052,34.300625691533924,1.6734649122188934,0.0083402567436025,35.01886318411423,0.9999985083355132,0
cleanStatic,3,416.25,0,0,test,2.776432404442826,2.183699879568503,0.5170367658725503,0.008692602217769125,4.96013228401133,0.5792349250384096,0
cleanStatic,6,416.25,0,0,test,1.111257435614329,1.6284889500001072,1.5232290109941538,0.00590225480671898,2.739746385614436,0.25996698533413376,0
cleanStatic,7,416.25,0,0,test,5.457835793330325,1.0108311133784247,0.6299446066392129,0.018813705024906324,6.46866690670875,0.7367528857189267,0
cleanStatic,8,416.25,0,0,test,10.821362338688688,5.086173546592554,5.642439376517653,0.009139986023202998,15.907535885281241,0.9928869183049674,0
cleanStatic,10,416.25,0,0,test,0.7686718797506155,6.092146589575118,13.625313115118773,0.00541329889589225,6.860818469325734,0.7688010824634859,0
cleanStatic,11,416.25,0,0,test,5.7928611735493885,13.730425470443862,75.0631200166332,0.010530295751314192,19.523286643993252,0.9984649588120863,0
cleanStatic,13,416.25,0,0,test,0.2549284980682797,0.9991547486382616,0.6866394750675568,0.011873443746085517,1.2540832467065413,0.06041520609655142,0
cleanStatic,16,416.25,0,0,test,2.8029347280044665,2.0237940243415284,0.5101829869859048,0.02120732623749769,4.8267287523459945,0.5626094822992284,0
cleanStatic,19,416.25,0,0,test,2.5483181632416274,7.112023386204446,0.44856521278921585,0.009745996250140733,9.660341549446073,0.9145483543771378,0
cleanStatic,20,416.25,0,0,test,1.5075282436633277,5.636880302972667,4.81331246447475,3.2072596208589796e-05,7.144408546635995,0.7898798973977131,0
cleanStatic,23,416.25,0,0,test,0.6819978558350456,0.9405984779820675,0.6913500130407145,0.007219945769662666,1.6225963338171132,0.10149664004588974,0
cleanStatic,30,416.25,0,0,test,0.9183144536724627,46.39681910758254,1.0283444401983055,1.108248478309152e-05,47.315133561255,0.9999999950999241,0
cleanStatic,3,416.75,0,0,test,0.8785269357642117,2.056854131167559,0.5574711199510299,0.006394338599153374,2.935381066931771,0.2900523637899617,0
cleanStatic,6,416.75,0,0,test,1.5177031244761485,1.3532901383521994,0.36174789334656104,0.008088677850260788,2.870993262828348,0.2801332570348845,0
cleanStatic,7,416.75,0,0,test,6.17159824824785,0.3831779079610304,0.4858114259974457,0.017690097925249598,6.554776156208881,0.7440876302127435,0
cleanStatic,8,416.75,0,0,test,11.867109446665964,8.830448165198966,11.070200037241472,0.003931518116634602,20.69755761186493,0.9990761527297684,0
cleanStatic,10,416.75,0,0,test,1.1195378395627358,6.47907042309761,6.5916708059461,0.0005209550548160472,7.598608262660346,0.8202112971357828,0
cleanStatic,11,416.75,0,0,test,4.18459773908752,26.3557424064897,18.043015566266924,0.0019818330529352813,30.54034014557722,0.9999884573724829,0
cleanStatic,13,416.75,0,0,test,1.6021002834691072,1.0279732878603693,0.7716486502092388,0.014303595538067312,2.6300735713294765,0.24320918331942837,0
cleanStatic,16,416.75,0,0,test,2.1650152938715586,1.7461620602662034,0.6136606743844009,0.019251590441342413,3.911177354137762,0.4377260779175132,0
cleanStatic,19,416.75,0,0,test,0.45949347075518554,2.5096645096166945,0.28226427036880714,0.013093477490992175,2.96915798037188,0.2952590576579581,0
cleanStatic,20,416.75,0,0,test,2.1520932013031726,5.4248345479990645,2.953226736650568,0.0003740976597120996,7.576927749302238,0.8188549617050758,0
cleanStatic,23,416.75,0,0,test,0.96275639208956,1.2969664061019457,1.0806728874234808,0.010385758593020192,2.259722798191506,0.18783604469818685,0
cleanStatic,30,416.75,0,0,test,0.09666983910760993,50.39229049676061,1.378755214202151,0.009578753712443726,50.48896033586822,0.9999999988994345,0
cleanStatic,3,417.25,0,0,test,0.8217074037162089,1.3139801488065426,0.5163985891542386,0.005646635668418209,2.1356875525227514,0.1699305936985613,0
cleanStatic,6,417.25,0,0,test,0.7044773378538363,0.5274830849197956,0.2580377046577349,0.006410450662650858,1.2319604227736318,0.058225304631407994,0
cleanStatic,7,417.25,0,0,test,7.006776788690193,0.6866250527719332,0.27063052278965044,0.013583208920788136,7.6934018414621255,0.826037982098913,0
cleanStatic,8,417.25,0,0,test,12.193718528359495,5.833619374808109,3.4651219970261473,4.451165692835126e-06,18.027337903167606,0.9970876629738555,0
cleanStatic,10,417.25,0,0,test,0.8982950333874974,1.5545700864117569,4.927600052318432,0.0016016514710376934,2.452865119799254,0.21642365983537593,0
cleanStatic,11,417.25,0,0,test,4.182355765556918,11.896709949709651,14.161177086465159,0.0004933489152041838,16.07906571526657,0.9933780740294268,0
cleanStatic,13,417.25,0,0,test,0.45344636213011874,2.327155181530792,0.550411928093933,0.017588956050395885,2.780601543660911,0.26623413891860503,0
cleanStatic,16,417.25,0,0,test,1.5689023397234807,1.6244790841943921,0.7738833150271046,0.019836905924932736,3.193381423917873,0.3297997919301853,0
cleanStatic,19,417.25,0,0,test,0.48041569191454336,6.0075295555556325,2.11070682151177,0.014318328237501857,6.487945247470176,0.7384098174380063,0
cleanStatic,20,417.25,0,0,test,1.0383077490628494,4.38049194079334,1.7623126111543355,0.0034819015274565753,5.41879968985619,0.6330680389857722,0
cleanStatic,23,417.25,0,0,test,0.8623234699129433,0.7882712388275409,0.824221661924752,0.009581195522940258,1.6505947087404842,0.10493574942459225,0
cleanStatic,30,417.25,0,0,test,1.5688810004867229,59.02298575879787,3.42755466417381,0.0028727856870841366,60.5918667592846,0.9999999999908292,1
cleanStatic,3,417.75,0,0,test,2.027108121128811,0.5078536062184305,0.5603613522555734,0.00773402433225916,2.5349617273472416,0.2287791933595526,0
cleanStatic,6,417.75,0,0,test,1.571606598965772,7.014588644323343,5.509142210002473,0.00835207585036789,8.586195243289115,0.8732479438443599,0
cleanStatic,7,417.75,0,0,test,4.601659257153453,1.330357217608704,0.31781416678130997,0.014620366812569435,5.932016474762157,0.6871096708471912,0
cleanStatic,8,417.75,0,0,test,12.060910343748352,9.502565864900191,3.6322981704168997,8.876380593237498e-06,21.563476208648545,0.9993663184893099,0
cleanStatic,10,417.75,0,0,test,1.1893493373695363,2.348296239440477,1.1442106629087998,0.008705357654160837,3.5376455768100135,0.38230081292966434,0
cleanStatic,11,417.75,0,0,test,4.589633973075108,38.10541368963678,34.03914366081259,0.001757947656304641,42.695047662711886,0.9999999573992185,0
cleanStatic,13,417.75,0,0,test,0.22638151498161466,2.6051874340028105,1.2379027053974034,0.008746915329102937,2.831568948984425,0.27406645235241184,0
cleanStatic,16,417.75,0,0,test,2.1363615731678824,1.1741531841896,0.3190225906861574,0.012309240825149167,3.3105147573574825,0.3477677331832265,0
cleanStatic,19,417.75,0,0,test,0.5840112079220573,6.536160287266201,0.3023531327224103,0.010898492297583112,7.120171495188258,0.7881446733144013,0
cleanStatic,20,417.75,0,0,test,1.0482868617548369,4.262998846374267,2.440048187776772,5.158894907006987e-05,5.311285708129104,0.6209171354812019,0
cleanStatic,23,417.75,0,0,test,0.20807977143058834,0.8565583201311197,0.5471452216287009,0.009212137779117512,1.064638091561708,0.042814387746529715,0
cleanStatic,30,417.75,0,0,test,0.31214198105287505,44.343890984379456,4.420388873397436,0.000854428335403156,44.65603296543233,0.9999999829571845,0
cleanStatic,3,418.25,0,0,test,0.7160873462263424,1.400061339749558,0.6462898108021238,0.0074576895458502955,2.1161486859759004,0.16714851940776831,0
cleanStatic,6,418.25,0,0,test,0.7708803134285207,0.7926236860884395,0.4574413232191644,0.005261952340554516,1.5635039995169602,0.09437282457722825,0
cleanStatic,7,418.25,0,0,test,4.855482246927163,0.13302995274078608,0.3880375506242349,0.017990370134623034,4.988512199667949,0.582716214419811,0
cleanStatic,8,418.25,0,0,test,9.523157552780908,5.873736845965744,9.282603195606445,0.0004060925711117288,15.396894398746653,0.9912055036229309,0
cleanStatic,10,418.25,0,0,test,1.7522870853778199,2.629661003380378,35.41756153604369,0.002088656848990766,4.381948088758198,0.5041680054065336,0
cleanStatic,11,418.25,0,0,test,6.103572726409473,22.794626527737087,17.13199996361784,0.00114870507652576,28.89819925414656,0.9999757214447619,0
cleanStatic,13,418.25,0,0,test,0.08911324021982973,1.4258922344010887,0.49758456410219687,0.011260443909488117,1.5150054746209185,0.08866828225887408,0
cleanStatic,16,418.25,0,0,test,2.344920136686236,5.200691158728536,0.48434258446431305,0.018757465514881076,7.545611295414772,0.816880058556205,0
cleanStatic,19,418.25,0,0,test,1.1513587582527411,6.756842945921609,0.7788015586066019,0.01579271038287843,7.908201704174351,0.8386320942359927,0
cleanStatic,20,418.25,0,0,test,2.7227663526713477,18.191735202412957,20.02148112478126,0.0045005169711320936,20.914501555084303,0.9991592527669242,0
cleanStatic,23,418.25,0,0,test,0.16349710354801905,1.682168422612528,0.555733075309507,0.012061513742315677,1.845665526160547,0.12993865054562742,0
cleanStatic,30,418.25,0,0,test,1.9840332750406553,62.19719643117921,5.466954978173942,0.00033435577500259557,64.18122970621987,0.9999999999983431,1
cleanStatic,3,418.75,0,0,test,0.5312780987564655,0.850241944728908,0.413014394773068,0.005762228551688211,1.3815200434853736,0.07367594224069597,0
cleanStatic,6,418.75,0,0,test,3.663829278151432,2.5979393864190694,0.2061756352837068,0.010927292778330327,6.261768664570502,0.718425459801757,0
cleanStatic,7,418.75,0,0,test,4.7940748777894004,2.156288986368327,0.47837271540284304,0.021498812919983516,6.950363864157728,0.7756419366137313,0
cleanStatic,8,418.75,0,0,test,9.427717255465803,1.1997610167280226,3.197416776452047,0.00015870590742483523,10.627478272193825,0.940712754729616,0
cleanStatic,10,418.75,0,0,test,1.9941768488868041,2.0333351262426884,2.1845606174694834,0.0029459685415893803,4.027511975129492,0.45453826051817964,0
cleanStatic,11,418.75,0,0,test,4.945696712345525,16.161540083527747,13.664605905329248,0.000428976083466406,21.10723679587327,0.9992268742812663,0
cleanStatic,13,418.75,0,0,test,0.02559022424366107,0.5867010644121977,0.45045380618724623,0.012063927785069874,0.6122912886558588,0.012566433774391298,0
cleanStatic,16,418.75,0,0,test,4.596953237291018,1.206325375576557,0.47511153407461715,0.01971650851784909,5.803278612867575,0.6741661479443984,0
cleanStatic,19,418.75,0,0,test,2.965685518679223,3.3058670010853985,0.35865445015928626,0.011733589364380785,6.271552519764621,0.7193147941818457,0
cleanStatic,20,418.75,0,0,test,1.3030559031875486,16.44661140230992,5.19567226583306,0.0011192317017238384,17.749667305497468,0.9967229293939159,0
cleanStatic,23,418.75,0,0,test,0.20698541724168432,1.6846036707211705,1.1306391449817734,0.00892336380146853,1.8915890879628547,0.13606678451704327,0
cleanStatic,30,418.75,0,0,test,0.505089713138345,34.43290232803049,3.7271919796509043,0.00042386699690247356,34.93799204116883,0.9999984518628393,0
cleanStatic,3,419.25,0,0,test,1.8702858783804686,1.5322490300413905,0.6409286045323749,0.01017135130790632,3.402534908421859,0.36181612053668816,0
cleanStatic,6,419.25,0,0,test,1.3613252645789713,1.7288508029005607,0.30514744959449414,0.0058971072959637105,3.0901760674795318,0.3139144464174484,0
cleanStatic,7,419.25,0,0,test,4.911760235217562,0.2485620816691996,0.36111080170136833,0.029840805589431446,5.160322316886762,0.6033706006846211,0
cleanStatic,8,419.25,0,0,test,9.52748252654325,8.137492997474965,3.0136097172549556,0.0007968534880954407,17.664975524018217,0.9966030387869131,0
cleanStatic,10,419.25,0,0,test,1.4997142437674609,0.5552181780986027,0.3828172731635126,0.000490706210004919,2.054932421866064,0.1585069208438421,0
cleanStatic,11,419.25,0,0,test,6.857103537164267,69.53830926333791,20.709561709441022,0.0071492844523729695,76.39541280050217,0.9999999999999952,1
cleanStatic,13,419.25,0,0,test,0.02950444195200654,1.2564075213599624,0.850878724228267,0.013627258370736604,1.2859119633119689,0.0636253704725733,0
cleanStatic,16,419.25,0,0,test,3.6206163716252506,2.0611589798580447,0.911372958440041,0.01929385350371556,5.681775351483296,0.6615751398585432,0
cleanStatic,19,419.25,0,0,test,0.4268625347383658,2.2355825119966934,0.4569797221497782,0.010240704535931684,2.6624450467350593,0.24814396584468992,0
cleanStatic,20,419.25,0,0,test,1.242664723770844,2.8883797290758113,1.7070431968312747,9.03900663180321e-05,4.1310444528466554,0.4692926861304456,0
cleanStatic,23,419.25,0,0,test,0.6009122568739725,1.0149471999991315,0.9393926649664404,0.009767458794619656,1.6158594568731042,0.10067515776406247,0
cleanStatic,30,419.25,0,0,test,0.39213899585890283,71.14461767869768,15.373704779195474,0.0014917017201958986,71.53675667455659,0.9999999999999509,1
cleanStatic,3,419.75,0,0,test,1.3136842129967394,0.7492905546654147,0.5207836393899109,0.005816800058096333,2.062974767662154,0.15963553357761323,0
cleanStatic,6,419.75,0,0,test,2.0718070293496926,0.28650905567527135,0.7605674137577245,0.006653973077406513,2.358316085024964,0.2023349357815976,0
cleanStatic,7,419.75,0,0,test,4.647038574748826,1.2939392632386155,5.2356533955168345,0.02018865683410534,5.940977837987441,0.6879955293061288,0
cleanStatic,8,419.75,0,0,test,9.72460748529098,5.570648011544847,7.0327418986585615,0.001821970588264702,15.295255496835827,0.9908274825849832,0
cleanStatic,10,419.75,0,0,test,1.6339621098213877,1.1300804896104863,2.6188015186513534,0.001878263446768796,2.764042599431874,0.26369267511032873,0
cleanStatic,11,419.75,0,0,test,4.09953698039971,34.21707860288422,34.30693148591653,0.00032795079107037644,38.316615583283934,0.9999996740942493,0
cleanStatic,13,419.75,0,0,test,0.003946953011530968,2.720381648765922,0.7040605300069267,0.012320538568686396,2.724328601777453,0.2576049549044956,0
cleanStatic,16,419.75,0,0,test,3.3625796316128618,3.1682804282016184,0.41940139344438804,0.017653535598555325,6.53086005981448,0.7420675348460082,0
cleanStatic,19,419.75,0,0,test,1.7640150771421108,1.3541211707478829,0.43120704804632143,0.01581079176512031,3.1181362478899937,0.3182215268116978,0
cleanStatic,20,419.75,0,0,test,7.902742598240818,7.435678357770961,3.117670658173031,0.009426714797259579,15.338420956011777,0.9909899158366983,0
cleanStatic,23,419.75,0,0,test,0.2988057322856797,0.7223866495365093,0.5873451136858794,0.008511751029823433,1.021192381822189,0.039161586636143775,0
cleanStatic,30,419.75,0,0,test,8.364265254396924,32.541687777832706,2.8933388025010687,0.001267100820930139,40.90595303222963,0.999999901976791,0
cleanStatic,3,420.25,0,0,test,0.6025986576708101,1.5978214280591292,0.4431566836087692,0.005792517997533451,2.2004200857299394,0.17922471188104766,0
cleanStatic,6,420.25,0,0,test,6.602413111265725,0.589095363029129,0.33054776842277994,0.007138254368771286,7.191508474294854,0.7932172499170261,0
cleanStatic,7,420.25,0,0,test,4.327322677751353,1.3840394423536104,0.24466244894578285,0.02023436669289046,5.711362120104964,0.6646747875247552,0
cleanStatic,8,420.25,0,0,test,12.106812912771858,3.120928746553173,2.2635313052523385,0.0011497281587655084,15.22774165932503,0.9905677072902863,0
cleanStatic,10,420.25,0,0,test,2.2439463569755556,3.069887791291271,3.0166171844544936,0.004946964230074944,5.313834148266826,0.6212084829701676,0
cleanStatic,11,420.25,0,0,test,3.511189515541068,26.46039478526216,12.472566510076566,0.01571170652701432,29.97158430080323,0.9999850602614588,0
cleanStatic,13,420.25,0,0,test,0.015776955471922295,1.515894654705644,0.8627502135854846,0.01615490397181305,1.5316716101775663,0.09061376569213848,0
cleanStatic,16,420.25,0,0,test,2.4246944515038704,3.999832016166187,0.811105952083589,0.017995184288098248,6.4245264676700575,0.7329267376457637,0
cleanStatic,19,420.25,0,0,test,1.0536077927203067,0.5000367950018824,0.5360449636475185,0.010325653930838027,1.553644587722189,0.09320254328453445,0
cleanStatic,20,420.25,0,0,test,0.7728152884594204,4.957506034458003,8.894377299646361,0.005069121054818919,5.7303213229174235,0.6666496363496759,0
cleanStatic,23,420.25,0,0,test,0.2904554574880626,1.1841457996416163,1.2444819278579429,0.01205508700679122,1.474601257129679,0.08401791938867953,0
cleanStatic,30,420.25,0,0,test,2.1787211537303297,40.23808389092155,2.122496276659858,0.0008410059231989379,42.41680504465188,0.999999951496502,0
cleanStatic,3,420.75,0,0,test,3.597731979630497,0.22450283539397362,0.7434898992795859,0.006293120980306052,3.822234815024471,0.42471680708436416,0
cleanStatic,6,420.75,0,0,test,0.6696618830638337,0.29299322051986715,0.1648437898697975,0.005132335950281678,0.9626551035837008,0.03447869331317014,0
cleanStatic,7,420.75,0,0,test,4.934625495671419,3.096751245209664,8.572940528853913,0.018284198047363993,8.031376740881083,0.8454851494243543,0
cleanStatic,8,420.75,0,0,test,9.909303725684316,9.435250664309914,10.80798370666193,0.00048710559580564825,19.34455438999423,0.998342239984655,0
cleanStatic,10,420.75,0,0,test,1.819964417318527,2.648661613627923,11.76801662857843,0.0003449347465197767,4.468626030946449,0.515907889554516,0
cleanStatic,11,420.75,0,0,test,2.4485494404190296,33.55426609174158,27.14257463540107,0.0006520978262787338,36.00281553216061,0.9999990514199985,0
cleanStatic,13,420.75,0,0,test,0.00392248266049518,2.0132537706989373,0.47476513280761434,0.01724584187349055,2.0171762533594326,0.15323669407264692,0
cleanStatic,16,420.75,0,0,test,1.9005232702760868,2.508740849718026,3.0581173837351456,0.022219094313544328,4.409264119994113,0.5078854124517376,0
cleanStatic,19,420.75,0,0,test,0.13369674538667412,3.712762374246634,0.37212662786875367,0.013659120511552679,3.846459119633308,0.428272779811703,0
cleanStatic,20,420.75,0,0,test,0.8160310504375168,8.56794898943667,7.465585687406584,0.003390819933069363,9.383980039874187,0.9053056747813283,0
cleanStatic,23,420.75,0,0,test,0.724505943782653,1.2019434481676181,1.1711705698403503,0.007976254794520427,1.9264493919502712,0.14077428011500967,0
cleanStatic,30,420.75,0,0,test,0.23206351919856413,32.973670118975114,8.016200881136253,0.003135250208352695,33.205733638173676,0.9999965745184163,0
cleanStatic,3,421.25,0,0,test,0.018565482175518074,0.6032450494865979,0.6149892450304869,0.007455228255220533,0.621810531662116,0.013017127458146757,0
cleanStatic,6,421.25,0,0,test,0.9375938957733234,0.14799197306448553,0.49058481640606344,0.008856010555177323,1.0855858688378088,0.04462842319480721,0
cleanStatic,7,421.25,0,0,test,4.952214106803101,0.5293638635800286,0.7388204901754861,0.024695740823907932,5.48157797038313,0.6400298477006997,0
cleanStatic,8,421.25,0,0,test,10.205281138759537,11.731771835494524,3.572642306464526,5.0314299064395335e-06,21.93705297425406,0.999461777432498,0
cleanStatic,10,421.25,0,0,test,2.8577654695767767,3.5065477484420597,1.45037356052055,0.003666685778914104,6.364313218018836,0.7276343190400252,0
cleanStatic,11,421.25,0,0,test,2.3705732269378617,18.223028058104443,11.987792331365478,0.0003141233650344124,20.593601285042304,0.9990335159141686,0
cleanStatic,13,421.25,0,0,test,0.29238682023754353,2.0558268265844997,0.6990784064369465,0.013433880065145232,2.3482136468220434,0.20083967896242658,0
cleanStatic,16,421.25,0,0,test,3.943905631730191,3.363336177739962,0.41968961720660586,0.017521038507281893,7.307241809470153,0.8012253636328291,0
cleanStatic,19,421.25,0,0,test,0.30639544529005047,1.3776845994759588,0.315310952824441,0.014078962097695146,1.6840800447660094,0.10910073290297984,0
cleanStatic,20,421.25,0,0,test,0.1949658943419515,17.07348987766735,1.1585224966970993,0.005633590260243932,17.2684557720093,0.995982176589822,0
cleanStatic,23,421.25,0,0,test,0.039347760940834295,1.154989003339884,0.7448991457610554,0.008752143951875343,1.1943367642807183,0.05458047906126665,0
cleanStatic,30,421.25,0,0,test,6.294827853339955,13.378658552288323,7.776273608027541,0.001318877203184386,19.673486405628278,0.9985611476282921,0
cleanStatic,3,421.75,0,0,test,3.0582323319653804,0.6846196952799215,0.5728591140430644,0.005283435071354468,3.742852027245302,0.4129999417686804,0
cleanStatic,6,421.75,0,0,test,1.226490025525429,0.7384723005109435,0.27454469886548794,0.006959209639485031,1.9649623260363724,0.14602837454490572,0
cleanStatic,7,421.75,0,0,test,4.572815029271877,2.1610766227273746,0.6864264218028733,0.022120694787700047,6.733891651999251,0.7588048000280782,0
cleanStatic,8,421.75,0,0,test,13.795327183265911,15.244546990478533,1.867938971330122,0.0012257626200330998,29.039874173744444,0.9999772263487381,0
cleanStatic,10,421.75,0,0,test,2.851067171792411,3.5359163862187777,1.7295005721369163,0.007861576499694994,6.386983558011188,0.7296368499733885,0
cleanStatic,11,421.75,0,0,test,2.7365334013217635,15.562757521858927,713.4874511406506,0.003565714660947812,18.299290923180692,0.9974062211874349,0
cleanStatic,13,421.75,0,0,test,0.25581078661874784,1.9839064087199711,1.2082089034344852,0.013408967998902331,2.239717195338719,0.18492123153729684,0
cleanStatic,16,421.75,0,0,test,2.06117923857701,1.9713063838873155,0.36551517217301693,0.018604626135119904,4.032485622464325,0.4552516357382378,0
cleanStatic,19,421.75,0,0,test,2.701569020594219,1.1853207531095113,0.3642412559477675,0.00890852117949005,3.8868897737037305,0.43418656720205895,0
cleanStatic,20,421.75,0,0,test,0.349881071221866,8.692864216551644,0.935542381642529,0.0013283105552488299,9.04274528777351,0.8926287092246955,0
cleanStatic,23,421.75,0,0,test,0.022768672230600577,0.9941058548138147,0.930389204741955,0.011485714729916597,1.0168745270444153,0.03880672501357238,0
cleanStatic,30,421.75,0,0,test,1.8518458389634438,25.629951431294916,3.3671835600247797,0.0008114754215772106,27.48179727025836,0.9999540498546757,0
cleanStatic,3,422.25,0,0,test,19.932484770320052,0.7851894358437022,0.4561653987640072,0.0034374255661720476,20.717674206163753,0.9990841868452819,0
cleanStatic,6,422.25,0,0,test,1.1301835177951027,0.6294561297084008,0.2486968088601868,0.007056960634690643,1.7596396475035037,0.11869783293967337,0
cleanStatic,7,422.25,0,0,test,3.902792056683806,0.20950230821574775,0.30842303298782797,0.020130151056503984,4.112294364899554,0.4666356817621927,0
cleanStatic,8,422.25,0,0,test,11.060781029044588,15.083699811488252,16.698860011976763,0.0009352166724060765,26.14448084053284,0.9999163413248434,0
cleanStatic,10,422.25,0,0,test,3.4564615337551325,9.8894182821039,1.3509485170797741,0.00807696147435679,13.345879815859032,0.9796556437684615,0
cleanStatic,11,422.25,0,0,test,3.4510179715171083,34.727666503670584,286.34797658839574,0.027002299274908464,38.178684475187694,0.9999996526130148,0
cleanStatic,13,422.25,0,0,test,0.24144493871294156,3.4932895026013524,0.6325216385953257,0.014923897750719482,3.734734441314294,0.41179644722311204,0
cleanStatic,16,422.25,0,0,test,2.7873664916801655,1.270412016862526,0.8011229850210717,0.01897194007862597,4.057778508542691,0.45887236557834826,0
cleanStatic,19,422.25,0,0,test,34.26959084955665,1.0633227235917149,2.118038711932991,0.008084170548218797,35.33291357314837,0.999998708865692,0
cleanStatic,20,422.25,0,0,test,0.17823342760288594,7.74425542058956,0.8301044637014174,0.0006899215299326347,7.9224888481924465,0.8394405270060433,0
cleanStatic,23,422.25,0,0,test,7.371051794400791,1.048279610930318,1.1493949631402234,0.012387103170785303,8.419331405331109,0.8654103657967752,0
cleanStatic,30,422.25,0,0,test,10.639055816611345,9.78618520767629,3.7456853548877396,0.007120077363220744,20.425241024287637,0.9989603201556592,0
cleanStatic,3,422.75,0,0,test,1.010414774045399,0.5878848992387826,0.534483149268477,0.006759122923959583,1.5982996732841817,0.098545111911753,0
cleanStatic,6,422.75,0,0,test,1.4684497244066173,1.1126978492990867,0.7554525862167933,0.008568078688377933,2.581147573705704,0.23577244853586188,0
cleanStatic,7,422.75,0,0,test,3.7737832784858205,0.2873661461235758,0.18655183059774652,0.023282812774191936,4.061149424609396,0.4593540231269861,0
cleanStatic,8,422.75,0,0,test,11.86035521097686,11.434393559615676,1.182368986568561,0.0032743608918041896,23.294748770592534,0.9997035392817774,0
cleanStatic,10,422.75,0,0,test,3.1203337755286364,6.002997553235571,8.374314098665446,0.0017450031756095646,9.123331328764207,0.8957551462282379,0
cleanStatic,11,422.75,0,0,test,1.753750297341898,42.18233780541751,41.18779509292983,0.011718767486053439,43.936088102759406,0.9999999761354119,0
cleanStatic,13,422.75,0,0,test,1.9122648779954274,0.8265108096852396,0.5643025265028592,0.013374369112854573,2.738775687680667,0.25981822057386234,0
cleanStatic,16,422.75,0,0,test,1.8731116238002898,2.112250707648187,0.4100353566421258,0.0207632251028103,3.985362331448477,0.4484746548591246,0
cleanStatic,19,422.75,0,0,test,12.03174806858064,2.1532084953400017,3.039653733698126,0.007034122101325945,14.184956563920641,0.9855237355728863,0
cleanStatic,20,422.75,0,0,test,0.7337854064411563,6.321671437681381,2.5416782748706908,0.0004950621032350063,7.055456844122538,0.7834515209214523,0
cleanStatic,23,422.75,0,0,test,0.5442325409155495,1.646782024990795,1.1277360975813795,0.011478697428115133,2.1910145659063445,0.1778672055808589,0
cleanStatic,30,422.75,0,0,test,0.3391068159657784,7.128757815578048,0.2418742018131713,0.002231818529411046,7.467864631543827,0.8118959560601451,0
cleanStatic,3,423.25,0,0,test,0.7157422620335662,1.7966693840289045,1.2085324179326347,0.005774414503986205,2.512411646062471,0.22537529650504728,0
cleanStatic,6,423.25,0,0,test,1.4978861544640707,3.544116119184466,0.6770700741208195,0.008251639585690182,5.042002273648537,0.5892242745994304,0
cleanStatic,7,423.25,0,0,test,4.723877259415747,0.08081021703123634,0.574485804698045,0.02265252891742837,4.804687476446984,0.5598214500726761,0
cleanStatic,8,423.25,0,0,test,11.903302428238906,2.7418812710259983,0.8131410863705256,0.0049799626548393495,14.645183699264905,0.9880089648065354,0
cleanStatic,10,423.25,0,0,test,2.929657259487802,0.5661579274695646,1.6103987125697572,0.0017115000635397075,3.495815186957367,0.3759790622443523,0
cleanStatic,11,423.25,0,0,test,3.04035142282723,24.039726252137818,25.866207429397065,0.017347520202452987,27.080077674965047,0.9999449697106544,0
cleanStatic,13,423.25,0,0,test,0.2396486990820202,1.0520754800086578,0.6095191846284321,0.017187064768407173,1.291724179090678,0.06421905317398272,0
cleanStatic,16,423.25,0,0,test,2.080507641092063,3.2840082594596702,0.4180767784329858,0.017934166222577718,5.3645159005517336,0.6269690379869566,0
cleanStatic,19,423.25,0,0,test,6.329058697902608,0.20531874144214773,1.5433418034235145,0.010468549899112303,6.534377439344756,0.7423654543137217,0
cleanStatic,20,423.25,0,0,test,6.484663725378156,9.872341391584994,14.799801034000808,0.0006475796968145919,16.35700511696315,0.994104612792684,0
cleanStatic,23,423.25,0,0,test,2.309904576466139,1.6482010560460978,1.1585337782538534,0.01027778892316174,3.9581056325122366,0.44453661466774125,0
cleanStatic,30,423.25,0,0,test,0.9519586336412467,6.9044443091759256,12.699779602892011,0.0008008510253170351,7.856402942817172,0.8356708713256599,0
cleanStatic,3,423.75,0,0,test,1.0624377566784282,1.5065938551699016,0.4715846709153596,0.004769693683360464,2.56903161184833,0.2339352290585476,0
cleanStatic,6,423.75,0,0,test,0.9678007251001999,0.9533145212547848,0.31463190598972085,0.010175613266411856,1.9211152463549848,0.14005093862085777,0
cleanStatic,7,423.75,0,0,test,4.2479619934775465,0.46054166556232223,10.775417675695651,0.01923226348271725,4.708503659039868,0.5475202306464615,0
cleanStatic,8,423.75,0,0,test,12.547677228168503,8.346966264226,10.353697176488215,0.00015598460175290018,20.8946434923945,0.9991519629157423,0
cleanStatic,10,423.75,0,0,test,3.05053836516884,3.1239581300137202,15.900404959494594,0.006991780464677171,6.17449649518256,0.7103918987705207,0
cleanStatic,11,423.75,0,0,test,0.7002401542661874,20.824580843667636,37.48124894771996,7.829081711872189e-05,21.524820997933823,0.9993555353962538,0
cleanStatic,13,423.75,0,0,test,2.0342307979405647,1.7156526225630657,0.5090744228105515,0.009791189452559865,3.7498834205036307,0.41404161691567587,0
cleanStatic,16,423.75,0,0,test,1.9846004876522294,0.6444132790759113,0.34118200177593655,0.017759013040116456,2.6290137667281406,0.2430478080292488,0
cleanStatic,19,423.75,0,0,test,7.3092128820272695,1.5942636546641378,6.2781983294603405,0.005375613131645601,8.903476536691407,0.8870233544000061,0
cleanStatic,20,423.75,0,0,test,1.6294711922852227,12.17519669585743,23.607001131433037,8.066460689655748e-05,13.804667888142653,0.9831010244801732,0
cleanStatic,23,423.75,0,0,test,0.44167785029714185,1.3837941455482499,1.2488099233433965,0.009318245384283453,1.8254719958453918,0.1272713877084844,0
cleanStatic,30,423.75,0,0,test,0.15598437572123042,7.566905306455579,11.516308353293795,0.0015193886551789378,7.72288968217681,0.8278164873273499,0
cleanStatic,3,424.25,0,0,test,8.832776556075602,1.4742213960345374,0.45115591459174353,0.008296792397928352,10.30699795211014,0.9330105079083845,0
cleanStatic,6,424.25,0,0,test,1.0188916743606822,0.9328951673577722,0.5110054833288404,0.009391547670262792,1.9517868417184543,0.1442247655120042,0
cleanStatic,7,424.25,0,0,test,5.94833536922672,1.232839282987267,0.4464316395191509,0.01971040549974047,7.181174652213986,0.7924889379623603,0
cleanStatic,8,424.25,0,0,test,11.987336856124733,8.931428592397582,6.072537059905619,0.00016828821995849502,20.918765448522315,0.99916080996421,0
cleanStatic,10,424.25,0,0,test,2.5639637299391485,4.109049039720807,2.646530315200224,0.0037141494848803628,6.673012769659955,0.7538836117079081,0
cleanStatic,11,424.25,0,0,test,1.51036108879024,31.772193809753546,26.583094257292462,0.017234285910915952,33.282554898543786,0.9999966928200447,0
cleanStatic,13,424.25,0,0,test,0.6019024101787519,1.173636184939036,1.280987495318508,0.010925585901085938,1.775538595117788,0.12075088720485587,0
cleanStatic,16,424.25,0,0,test,1.558512894075591,0.2766375710280526,0.460244395873325,0.02388777913130488,1.8351504651036437,0.12854763632137084,0
cleanStatic,19,424.25,0,0,test,14.117549726921107,0.1529862873133039,0.24112554339717915,0.016196253732191822,14.27053601423441,0.9860207468823771,0
cleanStatic,20,424.25,0,0,test,0.3833250101406651,11.057073230641198,4.069591772098393,0.0005571096040151393,11.440398240781862,0.9566854721806913,0
cleanStatic,23,424.25,0,0,test,0.4008212254127946,0.9580381808857159,0.6658485401522188,0.009758250782335807,1.3588594062985104,0.07123984324643164,0
cleanStatic,30,424.25,0,0,test,2.1429096116432125,20.67735207454163,38.19525649902873,0.0006360210459486769,22.820261686184843,0.9996346555039266,0
cleanStatic,3,424.75,0,0,test,1.0339274983900666,0.9722931333082886,0.9121362289251284,0.007675505931197983,2.0062206316983553,0.15171637509659014,0
cleanStatic,6,424.75,0,0,test,0.6274390262605364,4.465435773388152,0.31688506106235936,0.012900392139708668,5.092874799648689,0.5953488186754603,0
cleanStatic,7,424.75,0,0,test,7.14175640998306,0.1252897561403911,0.2323925665055343,0.011909346098704426,7.267046166123451,0.7984747960886371,0
cleanStatic,8,424.75,0,0,test,11.627443265254172,12.143201832673384,18.76378644172702,0.002317037891835858,23.770645097927556,0.9997597109199128,0
cleanStatic,10,424.75,0,0,test,7.36833787825707,1.9791406513010452,1.1542566775592933,0.004005063837658395,9.347478529558115,0.9040183973809746,0
cleanStatic,11,424.75,0,0,test,1.9296274976057746,22.865409728930864,34.80527293363321,0.0014013280345575895,24.79503722653664,0.9998473795561119,0
cleanStatic,13,424.75,0,0,test,1.4767743417236439,0.6089411138262623,0.4676936659045156,0.01001999695926227,2.0857154555499062,0.1628379131954238,0
cleanStatic,16,424.75,0,0,test,1.7838329958306467,1.6358851129747516,0.9409379105555737,0.01901350141743347,3.419718108805398,0.36443142482638996,0
cleanStatic,19,424.75,0,0,test,2.3652160939692766,2.3879865102427593,0.22629688240008103,0.010365045719624155,4.753202604212036,0.5532640710733587,0
cleanStatic,20,424.75,0,0,test,0.44852908716164347,3.7418958833285623,3.263291122188777,0.005189203128801713,4.190424970490206,0.47766203129467605,0
cleanStatic,23,424.75,0,0,test,0.4340207271870716,0.8247642274791992,0.7017243340364647,0.008452052344915898,1.2587849546662708,0.06088501651965598,0
cleanStatic,30,424.75,0,0,test,13.14029125489496,10.650513962266348,8.899261069217543,0.007501620207073407,23.790805217161306,0.9997618425020718,0
cleanStatic,3,425.25,0,0,test,0.573202999383243,2.824470976846335,0.549499334452154,0.00823175311846514,3.3976739762295782,0.36107579384467847,0
cleanStatic,6,425.25,0,0,test,1.0746242318965888,1.358522706124328,0.5016667395752591,0.00531697572301509,2.4331469380209167,0.21347211904515828,0
cleanStatic,7,425.25,0,0,test,3.6949855758407133,0.5634584199590026,0.4338638682928609,0.020355379528874368,4.258443995799716,0.48716244489054805,0
cleanStatic,8,425.25,0,0,test,11.632162708372833,8.170889036317474,4.723393587124998,0.005067249069302092,19.803051744690308,0.9986393435341965,0
cleanStatic,10,425.25,0,0,test,4.320451587738205,0.2281973753189202,2.6905260268260145,0.004452334628694109,4.548648963057126,0.5265991214302319,0
cleanStatic,11,425.25,0,0,test,0.6489660605346085,17.525912574076315,309.81890164392235,0.007233052775865547,18.174878634610923,0.9972649673716363,0
cleanStatic,13,425.25,0,0,test,0.2441007110595753,1.414763659088356,0.7315115494463975,0.0106188129049776,1.6588643701479313,0.10595915232039439,0
cleanStatic,16,425.25,0,0,test,1.0684743075444696,1.8238557990548572,0.38437323326554185,0.01690065960788491,2.892330106599327,0.2834190266383908,0
cleanStatic,19,425.25,0,0,test,3.2295188343504266,1.8371015795801349,0.37389394890697464,0.014636496185632447,5.066620413930561,0.5921959891119003,0
cleanStatic,20,425.25,0,0,test,4.733394734405069,3.176914932853946,1.3155179134695618,0.0013970918191118958,7.910309667259015,0.8387515981668876,0
cleanStatic,23,425.25,0,0,test,0.19293198039823664,1.6207162116734666,0.6189856524572962,0.008183537199484092,1.8136481920717031,0.12571763357948107,0
cleanStatic,30,425.25,0,0,test,0.9834301657145301,6.058725161127001,5.149115384809471,0.0005847091470450309,7.042155326841532,0.7824760042118022,0
cleanStatic,3,425.75,0,0,test,0.33546486745663306,2.5739966776412824,0.9234616130789901,0.009550568586634871,2.9094615450979155,0.28605814198594415,0
cleanStatic,6,425.75,0,0,test,0.46707316989855946,0.6499436750139386,0.5102755307858838,0.007682873373168619,1.117016844912498,0.04741359868537709,0
cleanStatic,7,425.75,0,0,test,4.754575307836515,1.7314624193217878,0.5811834578479145,0.020940891804234637,6.486037727158303,0.7382462523268414,0
cleanStatic,8,425.75,0,0,test,10.909048783884922,7.104501076500144,1.3635546566300898,0.0009750576143489584,18.013549860385066,0.9970705292969934,0
cleanStatic,10,425.75,0,0,test,3.6913164090426513,3.424910980813028,1.4038939264690644,0.0061160652115829425,7.116227389855679,0.7878611458134563,0
cleanStatic,11,425.75,0,0,test,0.3875047314590275,40.71022716776848,97.004385724547,0.008829771410258985,41.097731899227504,0.9999999103424466,0
cleanStatic,13,425.75,0,0,test,0.655578796616301,0.9347388132137786,4.844257638527631,0.01383146511364363,1.5903176098300795,0.09758225354598882,0
cleanStatic,16,425.75,0,0,test,1.6949025127380666,0.3495940201065996,0.9827320817607539,0.022486575907737626,2.0444965328446663,0.15704552497674293,0
cleanStatic,19,425.75,0,0,test,4.5362100471762306,0.9344982961996924,0.26119291864367067,0.013118700773272159,5.470708343375923,0.6388314905638223,0
cleanStatic,20,425.75,0,0,test,0.0727703377540683,11.581818524605731,26.53102997827909,0.002509623539054957,11.6545888623598,0.9601601845204092,0
cleanStatic,23,425.75,0,0,test,0.9897339772376161,1.293882366874047,0.8728135427033856,0.010674494336470126,2.283616344111663,0.1913298414848365,0
cleanStatic,30,425.75,0,0,test,0.15997390677900153,5.533401575204124,7.692903200029561,1.0050734500170494e-05,5.693375481983125,0.6627930104747357,0
cleanStatic,3,426.25,0,0,test,5.885384879258493,1.4050445943781669,0.585347755415922,0.005603615095514621,7.29042947363666,0.8000788597714552,0
cleanStatic,6,426.25,0,0,test,1.9518536155315622,1.414606119753186,0.30478329179684277,0.009257675471434423,3.3664597352847485,0.35631689876702266,0
cleanStatic,7,426.25,0,0,test,4.627511899973197,2.3749461856402583,0.6077828600890746,0.014513859965556363,7.002458085613455,0.7795424388209277,0
cleanStatic,8,426.25,0,0,test,11.076372311687475,2.6934109875988326,12.82255168685587,6.868799863125403e-05,13.769783299286308,0.9828601543535611,0
cleanStatic,10,426.25,0,0,test,3.55188391283835,6.018732467135508,4.480084499336749,0.004732375412192614,9.570616379973858,0.9116429965406825,0
cleanStatic,11,426.25,0,0,test,10.960047941733265,43.787332307407134,1056.2610540327637,0.026938041333447578,54.7473802491404,0.9999999998528721,0
cleanStatic,13,426.25,0,0,test,0.3213820209448924,1.4043822343461092,0.6413519208850318,0.014501485771163012,1.7257642552910015,0.11436195203287185,0
cleanStatic,16,426.25,0,0,test,1.58594730083353,0.33416171861227634,0.3466539026859231,0.018143472944346692,1.9201090194458064,0.13991460950790052,0
cleanStatic,19,426.25,0,0,test,6.244564435928645,0.25041943297958147,0.2771442634346436,0.014938036079902234,6.494983868908227,0.7390126363500833,0
cleanStatic,20,426.25,0,0,test,0.1408204625986652,4.040494041636007,3.5018144707190677,0.003253737508148154,4.181314504234672,0.47638247966057473,0
cleanStatic,23,426.25,0,0,test,0.8272964680188643,2.061875771796922,1.3681324219635578,0.009972896435770479,2.889172239815786,0.2829326418228956,0
cleanStatic,30,426.25,0,0,test,0.47539996217388114,21.384848918781685,4.081975222553287,0.002466822958148591,21.860248880955567,0.9994433872037887,0
cleanStatic,3,426.75,0,0,test,0.5952575015850531,1.5850929609765196,0.4931520954558631,0.01002643181468043,2.180350462561573,0.1763308976563292,0
cleanStatic,6,426.75,0,0,test,0.7980810596294059,1.7449188259649315,0.3019000815235344,0.005810809718854865,2.5429998855943374,0.22999426406474086,0
cleanStatic,7,426.75,0,0,test,10.005355974979242,1.510447744527592,2.2401578655061107,0.013202431455593267,11.515803719506835,0.9579402639964146,0
cleanStatic,8,426.75,0,0,test,11.56513182411743,17.378737955899588,9.972534693184203,0.0041700032797826565,28.943869780017017,0.9999762170435326,0
cleanStatic,10,426.75,0,0,test,3.2165562234472396,3.5740709443227088,1.085161205066567,0.003781564691961034,6.790627167769948,0.763316894478747,0
cleanStatic,11,426.75,0,0,test,0.677109327597024,33.9578673657187,46.79404051015617,6.475235488773673e-05,34.63497669331572,0.9999982206963649,0
cleanStatic,13,426.75,0,0,test,1.407393589339605,2.080346151283282,1.9217764556936017,0.012231870966449707,3.487739740622887,0.3747564318125158,0
cleanStatic,16,426.75,0,0,test,1.6461046216011286,2.3462751418336287,0.320787709230554,0.01862615162832474,3.9923797634347573,0.44948639645450844,0
cleanStatic,19,426.75,0,0,test,0.518767529822548,0.8280492905533159,0.627986264967778,0.009781138149111692,1.346816820375864,0.06995866054005875,0
cleanStatic,20,426.75,0,0,test,0.0636101689325207,4.928077474283164,1.047302452350412,0.008560678501794419,4.991687643215685,0.5831045173221935,0
cleanStatic,23,426.75,0,0,test,1.4736525782730423,0.9441209289406276,0.6958558299953123,0.008619579267565984,2.4177735072136697,0.21117561181168631,0
cleanStatic,30,426.75,0,0,test,0.10351645620131167,3.6825048203125887,1.0159196945214763,0.0020148007884337404,3.7860212765139005,0.4193836501934718,0
cleanStatic,3,427.25,0,0,test,1.2202286315853057,1.2745101074987844,0.9665217244322374,0.007892847589805078,2.49473873908409,0.22271278177339973,0
cleanStatic,6,427.25,0,0,test,0.8970087238161359,0.9533060147990585,0.39169916895682383,0.008311420063965104,1.8503147386151944,0.13055514841948956,0
cleanStatic,7,427.25,0,0,test,2.994011160833881,0.8416688223093384,0.333813007267258,0.021567599482669394,3.835679983143219,0.42669162936514893,0
cleanStatic,8,427.25,0,0,test,13.653372582952747,26.618444254980062,9.072615827202226,0.0017366509450080336,40.27181683793281,0.9999998683744064,0
cleanStatic,10,427.25,0,0,test,3.329977772335135,3.2606492245159693,4.205606801694194,0.0010213592388113187,6.590626996851104,0.7470913604300857,0
cleanStatic,11,427.25,0,0,test,1.2368897166043802,117.21045971754761,24.541917719169728,0.01424580428018619,118.44734943415199,1.0,1
cleanStatic,13,427.25,0,0,test,0.9204703007789655,1.180275932649613,0.6542080993576526,0.016411111289648474,2.1007462334285787,0.16496338547913694,0
cleanStatic,16,427.25,0,0,test,2.6502257681676653,0.08701155425335866,0.49635560762952863,0.017298712448876527,2.737237322421024,0.2595824718114232,0
cleanStatic,19,427.25,0,0,test,0.5096129302128608,1.1509889432908014,0.5550365253019814,0.015352602850460584,1.660601873503662,0.10617461168042353,0
cleanStatic,20,427.25,0,0,test,1.202516682724425,3.6543207211952042,6.284143358833962,0.0018972059110882534,4.856837403919629,0.5663992083445215,0
cleanStatic,23,427.25,0,0,test,1.6419846019931692,2.003343799189399,1.2206490716478335,0.007939280071502033,3.645328401182568,0.398479460872829,0
cleanStatic,30,427.25,0,0,test,0.015217271232795888,4.876892695404528,1.03486658713602,0.004502371283566235,4.8921099666373244,0.5708112369539922,0
cleanStatic,3,427.75,0,0,test,0.1313553408193249,0.622896201887023,0.4164540267841791,0.008527189111204966,0.7542515427063479,0.020140898551366814,0
cleanStatic,6,427.75,0,0,test,0.7367421220362985,0.06322407062542634,0.6685697457879848,0.005531417792216439,0.7999661926617249,0.022964499954489192,0
cleanStatic,7,427.75,0,0,test,2.85134021317097,4.559920291547573,0.6405647805646427,0.01838417540431863,7.411260504718543,0.8081935750291489,0
cleanStatic,8,427.75,0,0,test,13.365232633038973,29.69932433071984,7.111557471277541,0.003448107968703247,43.06455696375881,0.9999999641459699,0
cleanStatic,10,427.75,0,0,test,2.099111221736357,4.305030530618899,1.0939545331934122,0.00549694561664791,6.404141752355256,0.7311444978686346,0
cleanStatic,11,427.75,0,0,test,0.937049905126631,21.1407334521825,29.181763351003276,0.032576763984370205,22.07778335730913,0.9994939322397691,0
cleanStatic,13,427.75,0,0,test,0.5645639516805899,0.9475066869567473,1.0196293327198473,0.01313232019194883,1.5120706386373373,0.08832732339369272,0
cleanStatic,16,427.75,0,0,test,2.244259150235188,0.723113227635636,0.7508706492833742,0.019869937637838096,2.9673723778708236,0.29498377614986027,0
cleanStatic,19,427.75,0,0,test,0.06292936631539978,1.0274325600938352,0.511181053231173,0.010540001084741499,1.090361926409235,0.04504676892800062,0
cleanStatic,20,427.75,0,0,test,0.28704944199150356,4.757295208844048,1.7502371063053217,0.00031448959128430927,5.044344650835551,0.5895076683672286,0
cleanStatic,23,427.75,0,0,test,0.19295208482232531,1.5741800630893379,0.81172954881816,0.009222265366775952,1.7671321479116633,0.11966393249844645,0
cleanStatic,30,427.75,0,0,test,6.999414606313749,7.97237065082829,9.446866167158147,0.0031420010707122383,14.971785257142038,0.9895164221191134,0
cleanStatic,3,428.25,0,0,test,0.09952420304882101,0.5678813303541287,0.5801960014513617,0.005674801512074472,0.6674055334029497,0.0152904682012458,0
cleanStatic,6,428.25,0,0,test,1.1411928704330843,0.8440365193431688,0.940920069274548,0.005180622686201449,1.985229389776253,0.14881496367015007,0
cleanStatic,7,428.25,0,0,test,2.4578334189431037,1.6389497177489323,0.538202636227357,0.01824268307441671,4.096783136692036,0.46443254242529763,0
cleanStatic,8,428.25,0,0,test,11.505438899624847,23.5712845074558,16.59670374429283,1.6116109792724018e-05,35.07672340708065,0.9999985474773233,0
cleanStatic,10,428.25,0,0,test,2.379798861044205,5.386787008145085,3.1445069434204114,0.0040081961079572355,7.7665858691892895,0.8304226190785918,0
cleanStatic,11,428.25,0,0,test,1.348903602435099,27.60516986908346,17.655731958398132,0.0034789589663927183,28.954073471518562,0.9999763263905395,0
cleanStatic,13,428.25,0,0,test,2.0313335597517446,1.4045222966714621,0.8518564711995638,0.011249782522947815,3.4358558564232067,0.3668851018653362,0
cleanStatic,16,428.25,0,0,test,0.9179385176327979,1.1194063006444124,0.9618265580638575,0.018847351893349826,2.0373448182772105,0.15604608297645375,0
cleanStatic,19,428.25,0,0,test,0.29323725559798974,0.6056018610565254,0.5343578714697328,0.009286038360919319,0.8988391166545151,0.0296943741402849,0
cleanStatic,20,428.25,0,0,test,0.2911622889457422,6.275678816372034,9.156384389068629,0.0006676420501339693,6.566841105317776,0.7451017493315015,0
cleanStatic,23,428.25,0,0,test,0.782963166213158,1.7020682604625719,0.6168998688254027,0.010880597623648947,2.4850314266757296,0.22125233846887732,0
cleanStatic,30,428.25,0,0,test,0.3200127063410363,8.159823967619813,9.083276776240332,1.0230357677954432e-07,8.479836673960849,0.8683012895332095,0
cleanStatic,3,428.75,0,0,test,0.778489139842284,2.0717054458040245,0.5633956302090555,0.006818525347086221,2.8501945856463085,0.2769318762436056,0
cleanStatic,6,428.75,0,0,test,1.0773452572036952,1.679854363207087,0.3599815060507294,0.004653064228169308,2.7571996204107823,0.26264293255323484,0
cleanStatic,7,428.75,0,0,test,3.041957718346405,0.13178427643904175,0.5090218053054653,0.021254363774353406,3.1737419947854466,0.32677994513267267,0
cleanStatic,8,428.75,0,0,test,14.419699400127621,28.77456369764459,25.541744892182184,0.0015880300043354695,43.194263097772215,0.9999999662523797,0
cleanStatic,10,428.75,0,0,test,1.3346395057140634,7.542707219430442,4.639122149991989,3.230032154411765e-05,8.877346725144506,0.8859424664935542,0
cleanStatic,11,428.75,0,0,test,0.06662475264508536,9.7072492154381,269.3075707086292,0.0019217623415611373,9.773873968083185,0.9180980837764182,0
cleanStatic,13,428.75,0,0,test,1.2701182780869635,1.6143135103285715,0.6914895451875775,0.01390915634355201,2.884431788415535,0.28220255780170356,0
cleanStatic,16,428.75,0,0,test,0.6002307281264319,2.506806182881296,0.5165499784448727,0.02320581271602592,3.107036911007728,0.31651199151259996,0
cleanStatic,19,428.75,0,0,test,0.16175393478676434,0.48806965860318285,0.5070110622620224,0.016809729385532168,0.6498235933899472,0.014391416649963875,0
cleanStatic,20,428.75,0,0,test,0.004012496403765154,6.076288429103125,11.020070647595217,0.005561839724358709,6.080300925506891,0.7015164603202286,0
cleanStatic,23,428.75,0,0,test,0.7719757226209338,1.9125159228801407,1.1724749539332193,0.009306827600622776,2.6844916455010743,0.2515106695024645,0
cleanStatic,30,428.75,0,0,test,0.9385752585542497,2.6302561542654503,14.780675387222516,0.004846813409794961,3.5688314128197,0.38700088827297646,0
cleanStatic,3,429.25,0,0,test,1.0169818196175033,0.8787613904487395,0.6045652259367846,0.009546996187474727,1.8957432100662428,0.13662527877077485,0
cleanStatic,6,429.25,0,0,test,0.30085423637999664,0.2932015668097843,0.25354849175182265,0.00896345149725394,0.5940558031897809,0.011726217589080387,0
cleanStatic,7,429.25,0,0,test,3.066050349178072,0.48981535992650005,0.19543701581978812,0.022677261717909552,3.5558657091045722,0.38504819055393835,0
cleanStatic,8,429.25,0,0,test,13.533389084355498,22.185215717443903,5.809010571608528,0.003483208056724367,35.7186048017994,0.9999989188001802,0
cleanStatic,10,429.25,0,0,test,1.2746833610827082,4.980295002223353,1.3592334912713864,0.00035699125803988695,6.254978363306061,0.7178069001950916,0
cleanStatic,11,429.25,0,0,test,0.26332680238749695,28.149184759772066,35.8204074712394,7.557061775781407e-05,28.412511562159562,0.9999697734510883,0
cleanStatic,13,429.25,0,0,test,1.1570712050070537,1.6241645643460267,0.7401633230361135,0.017159462004247932,2.7812357693530805,0.266331513646202,0
cleanStatic,16,429.25,0,0,test,0.5651163855128264,1.4863402307386173,0.953794588623952,0.017117998282041916,2.0514566162514436,0.15801979200108435,0
cleanStatic,19,429.25,0,0,test,0.11517624720471173,0.40575301605857533,0.33240955570723235,0.015129461890048563,0.520929263263287,0.008663112653548629,0
cleanStatic,20,429.25,0,0,test,0.2770709799202237,7.218580399439548,2.8414795118615093,0.0029579303489674245,7.495651379359772,0.8136906474810915,0
cleanStatic,23,429.25,0,0,test,1.5460837050786571,1.6581276869790225,0.6235092248107974,0.008165856166583201,3.2042113920576796,0.3314642994677192,0
cleanStatic,30,429.25,0,0,test,0.18303821490748284,13.043322130010772,6.60990726346297,0.0003809887682579124,13.226360344918255,0.9786526067729974,0
cleanStatic,3,429.75,0,0,test,5.324164688326601,1.5470840576470262,0.9032795421375484,0.008064888396422625,6.871248745973627,0.7696068381241215,0
cleanStatic,6,429.75,0,0,test,0.4427686489738851,0.5572842025902475,0.31629076605482553,0.01130233564530441,1.0000528515641327,0.03743848970910667,0
cleanStatic,7,429.75,0,0,test,2.359812859741822,0.8886583491780805,0.4377975227439006,0.017541908557851038,3.2484712089199026,0.33826052384572675,0
cleanStatic,8,429.75,0,0,test,13.293081186950443,20.503857053767184,6.580220526526374,0.002052717831528268,33.79693824071763,0.9999973867849637,0
cleanStatic,10,429.75,0,0,test,3.208497081565922,1.041577375920908,1.9329415216442662,0.006738154765164311,4.25007445748683,0.4859985185247676,0
cleanStatic,11,429.75,0,0,test,15.246672858026402,60.30307322218618,23.08615572628008,0.006574540931554375,75.54974608021259,0.9999999999999929,1
cleanStatic,13,429.75,0,0,test,0.9978405478273394,1.4979249379760562,1.1764742476061054,0.007611170442131884,2.4957654858033957,0.2228673380571533,0
cleanStatic,16,429.75,0,0,test,0.7168065779505255,2.478382490299472,1.0031835244472476,0.01602136164268691,3.1951890682499977,0.3300776558138905,0
cleanStatic,19,429.75,0,0,test,3.393639109295378,0.3673656812359796,0.39125508211052906,0.01019569369051555,3.7610047905313575,0.4156877104692313,0
cleanStatic,20,429.75,0,0,test,0.5131336469253509,7.440925913939617,2.6034337837723345,0.002927715023257958,7.954059560864968,0.8412142643732965,0
cleanStatic,23,429.75,0,0,test,0.8303454274001139,3.3260444522771735,1.2055400226694934,0.008863001857705353,4.156389879677287,0.4728734528893492,0
cleanStatic,30,429.75,0,0,test,0.1011894398201763,11.368121669165024,6.393431825849407,5.379102299780518e-07,11.4693111089852,0.9571707340451086,0
cleanStatic,3,430.25,0,0,test,0.4855318218946729,0.6097234762545006,0.4425207235154259,0.007661928584275013,1.0952552981491737,0.04547720890024846,0
cleanStatic,6,430.25,0,0,test,0.8572777769826091,0.25204253295962936,0.40386909183353487,0.008327606551053862,1.1093203099422384,0.046724623702052145,0
cleanStatic,7,430.25,0,0,test,2.6875097006251165,3.13324273510319,0.8382387021713826,0.026341824073632114,5.8207524357283065,0.6759469015439911,0
cleanStatic,8,430.25,0,0,test,13.831279564896944,14.313182768362985,4.936514321001591,0.0016154817303580407,28.14446233325993,0.9999658932925392,0
cleanStatic,10,430.25,0,0,test,1.4023587827724275,6.698195964245519,0.6725803609102418,0.0005888686015041621,8.100554747017947,0.8492197636566773,0
cleanStatic,11,430.25,0,0,test,0.5309764749816592,29.031222008878824,19.619885803694793,0.003540693546844488,29.562198483860485,0.9999820170562211,0
cleanStatic,13,430.25,0,0,test,1.4725378428346763,1.4508227480846319,0.7197245091308168,0.011564010413710284,2.923360590919308,0.28819982736442673,0
cleanStatic,16,430.25,0,0,test,0.6671987980006422,0.1599109436547399,0.2778234878741916,0.009259528293393592,0.8271097416553821,0.024727931133109452,0
cleanStatic,19,430.25,0,0,test,0.08831040506930131,0.20245988648426982,1.1764953008701262,0.017028680964621325,0.29077029155357115,0.0021869236861894923,0
cleanStatic,20,430.25,0,0,test,0.5900716175121614,9.55823290899798,14.083892415921081,0.00019034231960298552,10.148304526510142,0.9288594793541476,0
cleanStatic,23,430.25,0,0,test,0.48364251013276754,2.978086906865961,1.152148935646692,0.0077650682814177615,3.4617294169987285,0.37081379719815527,0
cleanStatic,30,430.25,0,0,test,0.6376201901786864,29.32651626831105,25.391242267919445,0.001238857136224565,29.964136458489737,0.9999850097529099,0
cleanStatic,3,430.75,0,0,test,0.0842638614639072,1.5300492423576924,0.8255729404357488,0.00855722950219543,1.6143131038215996,0.10048693180783497,0
cleanStatic,6,430.75,0,0,test,0.5345527881103089,0.8524203813959529,0.8462228859898565,0.005354495452371339,1.3869731695062617,0.07426705315367728,0
cleanStatic,7,430.75,0,0,test,2.7420251932805786,0.10752251491782538,0.28880970205483253,0.014569191320542513,2.849547708198404,0.2768323340973854,0
cleanStatic,8,430.75,0,0,test,13.78256588718023,2.8029338188658137,2.322123245053001,0.0028489159644688963,16.585499706046043,0.9946431558119965,0
cleanStatic,10,430.75,0,0,test,1.5091871193987736,3.0805366800231053,0.46441409825856683,3.66652473871564e-05,4.589723799421879,0.5320308174140924,0
cleanStatic,11,430.75,0,0,test,0.2984182829816218,13.797345844712458,33.431619042264046,0.0036831480353889745,14.09576412769408,0.9849875827761175,0
cleanStatic,13,430.75,0,0,test,1.5877424474986803,1.1820665502019725,0.6806698914357064,0.012569378571582256,2.769808997700653,0.2645775040018655,0
cleanStatic,16,430.75,0,0,test,2.062397441416168,1.0838838278561476,6.636339617284612,0.01672957699513774,3.1462812692723157,0.32255477703674157,0
cleanStatic,19,430.75,0,0,test,0.09574022495650877,0.5330483346904776,0.31036720734516093,0.013640243112245534,0.6287885596469864,0.013352765681250359,0
cleanStatic,20,430.75,0,0,test,1.1629629269931014,9.077913935837593,8.043548637336736,0.0008264610506843336,10.240876862830694,0.9313091886738174,0
cleanStatic,23,430.75,0,0,test,1.5315042288634093,1.9933308964595062,1.060545746655655,0.009732797764402178,3.5248351253229155,0.38036686522992735,0
cleanStatic,30,430.75,0,0,test,0.2157867074575598,28.723967070292655,17.484143595088234,0.003642796015627525,28.939753777750216,0.9999761727930028,0
cleanStatic,3,431.25,0,0,test,5.424620551584038,1.0797816714312811,0.622596511148044,0.005778761899084358,6.504402223015319,0.7398174822649541,0
cleanStatic,6,431.25,0,0,test,3.1196317034522307,2.122410378062231,0.4654068131398097,0.007804928304650673,5.242042081514462,0.6129391338222663,0
cleanStatic,7,431.25,0,0,test,1.958753649811049,1.8639292838215393,0.6366411107941701,0.01771850481181429,3.8226829336325885,0.42478267283160953,0
cleanStatic,8,431.25,0,0,test,14.568936845156498,16.19377137422538,7.447261331201637,0.0012730327708874506,30.762708219381878,0.9999895661031418,0
cleanStatic,10,431.25,0,0,test,0.9138418902602279,5.089833307969455,3.1749698180230386,0.0026145959832859535,6.003675198229683,0.694138530078874,0
cleanStatic,11,431.25,0,0,test,0.30384942691968764,21.773291649797578,37.923636101174615,0.01033650112986699,22.077141076717265,0.9994937898832602,0
cleanStatic,13,431.25,0,0,test,1.0791535551496532,1.031207149787883,0.6144482090856463,0.013255464578975525,2.110360704937536,0.16632654921067444,0
cleanStatic,16,431.25,0,0,test,0.72235670722221,1.0993717924870738,0.2955396702312557,0.021919742000799373,1.821728499709284,0.12677881446910005,0
cleanStatic,19,431.25,0,0,test,2.185342412677582,1.5915725933866904,9.148690086724754,0.004581004289655792,3.7769150060642724,0.41803938637593996,0
cleanStatic,20,431.25,0,0,test,0.44317843718850475,5.006641947609262,7.663407234436482,2.7920299972906978e-05,5.449820384797767,0.6365203626890136,0
cleanStatic,23,431.25,0,0,test,1.558788748355379,4.092875478350794,0.6383989512281592,0.007614692008658816,5.651664226706173,0.6583982586844117,0
cleanStatic,30,431.25,0,0,test,0.1560298972578411,17.810116001116793,9.302271869737655,0.0050633350272240646,17.966145898374634,0.9970108662091498,0
cleanStatic,3,431.75,0,0,test,5.045784959224082,0.9958043748476185,0.49377497846466223,0.007342022691311814,6.0415893340717,0.6978068911421457,0
cleanStatic,6,431.75,0,0,test,0.40548734372143513,0.6941019571906064,0.5415346893331032,0.00410203568336739,1.0995893009120414,0.0458599774737801,0
cleanStatic,7,431.75,0,0,test,1.824406261879317,0.803350318020914,0.2326410306640842,0.025130324159635623,2.627756579900231,0.242856393212663,0
cleanStatic,8,431.75,0,0,test,13.979073949455056,3.252882837941243,3.770151406081504,0.0033199985399897723,17.2319567873963,0.9959197412723024,0
cleanStatic,10,431.75,0,0,test,1.0891684153811478,0.713899223389089,1.215499952577277,0.00787177854726563,1.8030676387702367,0.12433233580539807,0
cleanStatic,11,431.75,0,0,test,0.8787233753937992,37.759189409892706,25.249835376315023,0.01129842848858441,38.6379127852865,0.9999997191411933,0
cleanStatic,13,431.75,0,0,test,1.5594056446075013,0.6974598048977774,0.5757994699122018,0.0140189429463119,2.2568654495052787,0.1874191365038454,0
cleanStatic,16,431.75,0,0,test,0.7219990215750801,0.477695544404424,0.33358710001906916,0.014502394650004828,1.1996945659795042,0.055093336075259645,0
cleanStatic,19,431.75,0,0,test,6.552450266295345,0.7364471887003765,0.4693581364568689,0.003473895344865274,7.2888974549957215,0.7999741025976967,0
cleanStatic,20,431.75,0,0,test,0.797529523414205,9.446892167760137,19.526824084780333,3.100208227210275e-05,10.244421691174342,0.9314014117211311,0
cleanStatic,23,431.75,0,0,test,0.8704223061325259,2.194490668818313,0.7891932139517482,0.010364152787512258,3.064912974950839,0.3100213091971694,0
cleanStatic,30,431.75,0,0,test,5.6674726760799645,5.809735691075408,6.525170055841617,0.00022002308189813418,11.477208367155374,0.9573023803971987,0
cleanStatic,3,432.25,0,0,test,0.6766418981911919,0.5675069387782843,0.5167848294550133,0.007656027631598381,1.2441488369694762,0.059427581002307314,0
cleanStatic,6,432.25,0,0,test,4.129807141806636,0.489245159791053,0.2725091718797592,0.004697281772819378,4.619052301597689,0.5358856523112534,0
cleanStatic,7,432.25,0,0,test,2.155756811801519,2.374943485930553,0.8141569660744915,0.024102043017688007,4.530700297732072,0.5242136183380457,0
cleanStatic,8,432.25,0,0,test,13.528850017688123,18.4765782913112,12.601659850241557,6.840390734180652e-05,32.00542830899932,0.9999940734268791,0
cleanStatic,10,432.25,0,0,test,0.8857752967685154,1.1995573952027931,3.2645936926687713,0.005101896566193325,2.0853326919713084,0.16278387803699365,0
cleanStatic,11,432.25,0,0,test,0.6239779723401494,23.257325952744782,119.65977934575807,0.016929435349343845,23.881303925084932,0.9997711831538274,0
cleanStatic,13,432.25,0,0,test,0.9144366273812626,1.0663580893446984,0.7798041452772317,0.013037578326715734,1.9807947167259612,0.1482039755863434,0
cleanStatic,16,432.25,0,0,test,0.8636114799105471,2.736564818698819,0.5095951124077697,0.018283529893314904,3.600176298609366,0.39171317817754675,0
cleanStatic,19,432.25,0,0,test,1.2444419264527213,1.223619274374512,0.2648068265704553,0.012087706816261612,2.4680612008272336,0.21870275227352004,0
cleanStatic,20,432.25,0,0,test,0.3377593675230726,12.759271423144478,26.761283729735588,0.0013115705972981575,13.097030790667551,0.9775137451536684,0
cleanStatic,23,432.25,0,0,test,0.859629710309426,2.9308625948552143,1.2616546891323783,0.010271974925925171,3.79049230516464,0.4200431973245462,0
cleanStatic,30,432.25,0,0,test,0.3930470003206881,8.384851584410088,9.773270771484833,0.002833614520113462,8.777898584730776,0.8817422346019743,0
cleanStatic,3,432.75,0,0,test,2.9276682165848227,3.171131427906312,0.5260859602404954,0.006076259514844976,6.098799644491135,0.7032763255168131,0
cleanStatic,6,432.75,0,0,test,3.249024823679671,0.23694868996535173,0.2560429412124114,0.010374559287122448,3.485973513645023,0.3744889309677643,0
cleanStatic,7,432.75,0,0,test,2.196419283590241,2.0141197734691434,1.780385761992345,0.02220904963858234,4.210539057059385,0.48048115586898826,0
cleanStatic,8,432.75,0,0,test,13.770406739183827,27.490885125023503,5.316953736644736,0.0021158493918884995,41.26129186420733,0.9999999169125744,0
cleanStatic,10,432.75,0,0,test,0.9447346009133768,2.7094571987588747,2.662725101689079,0.0034515339118390527,3.6541917996722515,0.3998045652245095,0
cleanStatic,11,432.75,0,0,test,0.6775899608679857,41.01272506851097,27.431055005532453,0.010895378353193163,41.69031502937895,0.9999999319550359,0
cleanStatic,13,432.75,0,0,test,1.1096206658634846,1.1328102498176396,0.588882001906472,0.013608521959095286,2.2424309156811244,0.1853160478872843,0
cleanStatic,16,432.75,0,0,test,0.260938573159856,2.6729778675504123,0.4336843867040926,0.01853185720914973,2.9339164407102682,0.2898266287792631,0
cleanStatic,19,432.75,0,0,test,2.8313661725443477,0.27513116947822636,0.2717249003184421,0.011621524604772684,3.106497342022574,0.3164288777525205,0
cleanStatic,20,432.75,0,0,test,0.8068514046854487,8.792369203552521,104.87907646004787,0.00032890976649428114,9.599220608237971,0.9125789722586971,0
cleanStatic,23,432.75,0,0,test,1.0612628982846222,1.7456361116709214,0.8337106640177321,0.008572473596626036,2.8068990099555435,0.27027362895282075,0
cleanStatic,30,432.75,0,0,test,0.5780231819589174,12.496652229098627,8.962303670631705,7.540588362886355e-07,13.074675411057544,0.9773110617034595,0
cleanStatic,3,433.25,0,0,test,1.168518016416641,1.5448276224132478,0.46724588774797443,0.005910198601355205,2.713345638829889,0.25592346331551297,0
cleanStatic,6,433.25,0,0,test,1.0760750061507687,1.4355026602188468,0.32439667800099253,0.008819738440268714,2.5115776663696154,0.22524954892327914,0
cleanStatic,7,433.25,0,0,test,2.612059409339128,0.5010739805028546,0.2716865958666463,0.018987343737356156,3.113133389841982,0.3174510222046025,0
cleanStatic,8,433.25,0,0,test,13.31501503412069,4.149256303094512,34.546768128612264,0.0003705561673080145,17.4642713372152,0.9963015190549767,0
cleanStatic,10,433.25,0,0,test,4.60020363197317,6.363286818179818,0.24007510196251056,0.002703699975574708,10.963490450152989,0.9478913152169998,0
cleanStatic,11,433.25,0,0,test,2.7731132891784105,41.992283724923844,24.39876045218513,0.015274593806646105,44.765397014102255,0.9999999838073811,0
cleanStatic,13,433.25,0,0,test,1.127968497735117,1.256848090959703,0.6399983163706432,0.014204361914592139,2.38481658869482,0.20626693662300594,0
cleanStatic,16,433.25,0,0,test,0.3918553337348491,3.596405669100553,0.44025444948894193,0.01849811821044524,3.988261002835402,0.44889267885248463,0
cleanStatic,19,433.25,0,0,test,0.7966993298402727,0.1063480691963016,0.24917820533263868,0.009778254780779948,0.9030473990365743,0.02999937589958303,0
cleanStatic,20,433.25,0,0,test,13.893440052495558,9.797845680659586,8.682234191515226,4.1570520761140126e-05,23.691285733155144,0.9997511352535262,0
cleanStatic,23,433.25,0,0,test,0.8444674437872084,1.5553903029649894,1.185386120975521,0.0084172711524021,2.3998577467521978,0.2085046952760901,0
cleanStatic,30,433.25,0,0,test,1.4562862351730346,6.01910020823942,12.157673996681163,0.0009519564741517999,7.475386443412455,0.8123832501207466,0
cleanStatic,3,433.75,0,0,test,1.467350804138063,0.9207630509777783,0.5780978874962772,0.00780291004037861,2.3881138551158414,0.2067571228769786,0
cleanStatic,6,433.75,0,0,test,2.5007808609916893,1.2537744688834789,0.3139351099262737,0.005684208379108643,3.754555329875168,0.41473333866356893,0
cleanStatic,7,433.75,0,0,test,3.1607392711465594,1.7529958019551617,5.783671413672722,0.02025462323378589,4.913735073101721,0.5735013671758542,0
cleanStatic,8,433.75,0,0,test,14.065649842277018,23.111027477212673,4.2684448729835225,0.002757363839583217,37.17667731948969,0.9999994479672103,0
cleanStatic,10,433.75,0,0,test,2.3929291628882887,5.407795120250978,0.35343948926119184,0.003342410749709242,7.800724283139267,0.8324345347330641,0
cleanStatic,11,433.75,0,0,test,0.11935887256442096,13.120591410906663,25.67000354559547,0.005882263878427547,13.239950283471083,0.9787690083124886,0
cleanStatic,13,433.75,0,0,test,2.0011776411042916,0.846746664648884,0.7749855334743119,0.010266133028523795,2.8479243057531756,0.2765825308145769,0
cleanStatic,16,433.75,0,0,test,0.9684021027035276,2.373482594034547,1.1600822133879405,0.019654365284821246,3.3418846967380746,0.3525644878951325,0
cleanStatic,19,433.75,0,0,test,1.4812807390796328,0.14529516515458377,0.33317738926464285,0.009999231916116796,1.6265759042342165,0.10198300761346102,0
cleanStatic,20,433.75,0,0,test,1.178950811813358,7.8108972246436235,12.404417368791586,2.2092787258135182e-05,8.989848036456982,0.8905302285992333,0
cleanStatic,23,433.75,0,0,test,1.0820635977251531,1.9965302266880072,0.9037005479052549,0.008887220985180157,3.0785938244131605,0.31212973383786957,0
cleanStatic,30,433.75,0,0,test,0.7248064318789174,9.481987786338436,18.765691361801075,0.002746632565895976,10.206794218217354,0.9304165668067162,0
cleanStatic,3,434.25,0,0,test,2.5327082204382796,0.3781572008854075,0.44302500442787984,0.007622100779730087,2.9108654213236873,0.2862744435866912,0
cleanStatic,6,434.25,0,0,test,0.8043273118934483,1.0380020592534602,0.594738559301941,0.005453111404168462,1.8423293711469086,0.12949681924500753,0
cleanStatic,7,434.25,0,0,test,2.4446541834154694,3.5838658103736267,0.1275774177066309,0.013062275909615612,6.0285199937890965,0.6965463155671631,0
cleanStatic,8,434.25,0,0,test,20.004981382401777,7.801833984584934,5.2020506427223525,9.422985862619938e-08,27.80681536698671,0.9999602957690708,0
cleanStatic,10,434.25,0,0,test,1.4465541636083945,0.9596766483799747,0.23623772575285643,0.006660608400328303,2.4062308119883693,0.20945413023873977,0
cleanStatic,11,434.25,0,0,test,0.819603403185932,20.063168649884183,39.48457469110817,0.003141842859151854,20.882772053070116,0.99914757523774,0
cleanStatic,13,434.25,0,0,test,0.762117341534122,0.6552789910452756,0.674549076691352,0.011966737301657242,1.4173963325793977,0.07759911570196623,0
cleanStatic,16,434.25,0,0,test,0.44025914256362997,1.4605864608051242,0.2632028883314176,0.02066255275035148,1.9008456033687542,0.13731218672546566,0
cleanStatic,19,434.25,0,0,test,0.4332367474695647,0.2900898812013064,0.6282387451360887,0.0072258310850421455,0.723326628670871,0.01833603249446423,0
cleanStatic,20,434.25,0,0,test,0.7424224262078091,10.003650291090603,6.398447960714716,0.007532560509032514,10.746072717298413,0.943346349485211,0
cleanStatic,23,434.25,0,0,test,1.027386122277159,1.2889709379181278,1.1323185657183283,0.007798050352282291,2.316357060195287,0.19613850241150516,0
cleanStatic,30,434.25,0,0,test,0.8148721395492023,36.45463811573485,15.486838614876907,0.0014793168755480788,37.269510255284054,0.9999994711331683,0
cleanStatic,3,434.75,0,0,test,1.727312852520139,1.7830107380695324,1.7709959094737997,0.008405663491582508,3.5103235905896715,0.3781738839766902,0
cleanStatic,6,434.75,0,0,test,0.8106403508761499,0.5076590886305012,0.30416225693678595,0.008046760179516143,1.3182994395066512,0.06696253711552443,0
cleanStatic,7,434.75,0,0,test,2.2144390656734183,2.0970864910218077,0.49870733917686294,0.016491819703929617,4.311525556695226,0.49451064171060805,0
cleanStatic,8,434.75,0,0,test,12.948246715328152,12.417809836657776,7.878823502895154,0.0020475996596807304,25.366056551985928,0.9998816091820792,0
cleanStatic,10,434.75,0,0,test,2.0353852919096123,1.0994931810846158,0.2805967113961835,0.006928580339926656,3.1348784729942283,0.3207994973374413,0
cleanStatic,11,434.75,0,0,test,0.4118797842908551,53.97891746268073,20.021427824537106,0.015679827762847886,54.39079724697158,0.9999999998258104,0
cleanStatic,13,434.75,0,0,test,0.8153403469257309,1.029910863565394,0.9613268904074761,0.012551125766529682,1.8452512104911247,0.129883754589416,0
cleanStatic,16,434.75,0,0,test,1.3291719362492875,1.0004388418780434,0.270064783143489,0.014010514598488639,2.329610778127331,0.19809178678166867,0
cleanStatic,19,434.75,0,0,test,0.6876090682177176,1.878416826745353,42.87638012632039,0.005241288300351369,2.5660258949630705,0.2334797399097832,0
cleanStatic,20,434.75,0,0,test,5.450941412236954,7.9716550232301655,6.095192240355683,0.006719202790960319,13.42259643546712,0.9802754179853429,0
cleanStatic,23,434.75,0,0,test,1.59504690202682,1.5407834948229797,5.249546909727762,0.008107105520271928,3.1358303968497996,0.32094604787577075,0
cleanStatic,30,434.75,0,0,test,2.2098246367881167,11.574637892723244,2.581190248567843,0.0013863172011826595,13.78446252951136,0.9829619118068225,0
cleanStatic,3,435.25,0,0,test,1.6925921540842306,1.497169479783577,0.7152832616414713,0.005426845607143889,3.189761633867808,0.32924332664043393,0
cleanStatic,6,435.25,0,0,test,2.206129528056012,0.1251480304825423,0.34692320450512804,0.00738105876556446,2.331277558538554,0.19833769651500208,0
cleanStatic,7,435.25,0,0,test,1.5348305079650888,1.4265930007896526,0.31901322633826334,0.015138213579763448,2.9614235087547414,0.29406667542611803,0
cleanStatic,8,435.25,0,0,test,13.371524971885705,4.2412656991637485,3.3447866519750415,1.3199552390848814e-05,17.612790671049453,0.9965270388296741,0
cleanStatic,10,435.25,0,0,test,1.197171034731521,2.6748060630635933,1.7849932288088257,0.0021604170186170757,3.8719770977951145,0.4320084149620712,0
cleanStatic,11,435.25,0,0,test,0.9813685880180892,64.3850794338367,21.04434534994375,0.014615041069441692,65.36644802185478,0.9999999999990592,1
cleanStatic,13,435.25,0,0,test,2.3783644595921007,1.6329755627903233,0.9481436027539448,0.014179293295245072,4.011340022382424,0.45221557879986374,0
cleanStatic,16,435.25,0,0,test,0.8887918939536539,1.487454999879542,0.9076312906649678,0.018013356645865713,2.376246893833196,0.20499390583962285,0
cleanStatic,19,435.25,0,0,test,1.5359028702574726,1.1859120527395521,1.1650797217991802,0.012284026597603302,2.7218149229970248,0.2572200267503359,0
cleanStatic,20,435.25,0,0,test,0.3867303935753162,9.469045646687913,5.177630003604746,0.0002474325649614177,9.85577604026323,0.9205735563077685,0
cleanStatic,23,435.25,0,0,test,0.17596399584888114,0.9339402922176683,0.9970183089157549,0.008199992021248426,1.1099042880665495,0.046776742336751505,0
cleanStatic,30,435.25,0,0,test,1.0162722274589346,3.997285858408415,7.748403368225728,0.0008255618254543334,5.01355808586735,0.5857722180374803,0
cleanStatic,3,435.75,0,0,test,2.6049492775507925,1.199884387973801,0.9981633810714957,0.004380265177570278,3.8048336655245936,0.42215669321072147,0
cleanStatic,6,435.75,0,0,test,14.690437829441963,1.5028467618346057,2.2703951091621835,0.008445960852731488,16.19328459127657,0.9936866338908047,0
cleanStatic,7,435.75,0,0,test,2.0151431975871406,1.4683268064776736,0.3549339211470895,0.019591364889271948,3.483470004064814,0.37410970986170483,0
cleanStatic,8,435.75,0,0,test,14.47671745110208,5.327813334275719,4.069625944539312,0.002754521192165448,19.8045307853778,0.9986402116003359,0
cleanStatic,10,435.75,0,0,test,0.9970713868151443,1.0222128370292423,2.6104803933940173,0.005558040919538538,2.0192842238443864,0.1535296863998208,0
cleanStatic,11,435.75,0,0,test,0.6518445080965526,69.77262857419223,546.4882017635692,0.020547875002056244,70.42447308228878,0.9999999999999164,1
cleanStatic,13,435.75,0,0,test,1.1815274534572329,0.46060518723414967,0.514018634728301,0.01103921889307405,1.6421326406913825,0.10389211076144304,0
cleanStatic,16,435.75,0,0,test,1.7095532367006576,3.3514977890991453,0.3214077529372592,0.017332035720183735,5.061051025799803,0.5915249964924416,0
cleanStatic,19,435.75,0,0,test,2.8447303072558103,0.5096084048401008,1.0510955220760791,0.010022036015074183,3.3543387120959114,0.3544667244786953,0
cleanStatic,20,435.75,0,0,test,0.3197087646092039,10.750584102073296,517.0368715122546,0.0014001657659175803,11.0702928666825,0.949996041646612,0
cleanStatic,23,435.75,0,0,test,1.053573712295707,1.3117485369125372,1.2953970462758917,0.008672071636648815,2.365322249208244,0.20337312460035858,0
cleanStatic,30,435.75,0,0,test,1.2927510908624877,11.149569911871843,5.52128326761663,0.00012265468032002856,12.442321002734332,0.9707952746561219,0
cleanStatic,3,436.25,0,0,test,3.3985654969854693,0.6070404949942774,0.6527696673392009,0.006137460249339011,4.005605991979746,0.4513908933210836,0
cleanStatic,6,436.25,0,0,test,4.0924877570868485,0.5028461041360648,0.28218424518034874,0.006839018248144953,4.5953338612229135,0.532769706592013,0
cleanStatic,7,436.25,0,0,test,2.295172476951891,1.3018798059560417,0.3054062718894732,0.019226081424135545,3.5970522829079323,0.3912440669948526,0
cleanStatic,8,436.25,0,0,test,11.411578490907317,6.988368945561767,6.656251647496936,0.004626652398083915,18.399947436469084,0.9975152480099181,0
cleanStatic,10,436.25,0,0,test,0.9679593876420105,5.765240514971896,2.739102433205454,0.0036498482372522506,6.733199902613906,0.7587493460851017,0
cleanStatic,11,436.25,0,0,test,2.6299785687241592,28.092141858029507,64.31500511729902,0.017178452454518517,30.722120426753666,0.9999893719400084,0
cleanStatic,13,436.25,0,0,test,1.7387508555220028,1.0493666402470816,0.8989319850520635,0.012198694244785369,2.788117495769084,0.2673882419936424,0
cleanStatic,16,436.25,0,0,test,0.6671041453213062,3.47064819914264,0.36585530714233444,0.022668941948493893,4.137752344463946,0.4702415853124278,0
cleanStatic,19,436.25,0,0,test,2.6409128898587038,1.6023445077898875,0.7332319298489711,0.00768009056310031,4.243257397648591,0.48504943109253357,0
cleanStatic,20,436.25,0,0,test,0.9439293838006515,3.5895791851300847,7.4755359814776945,2.117978973273114e-05,4.533508568930737,0.5245873361008875,0
cleanStatic,23,436.25,0,0,test,1.346966780178955,1.3402306567297486,1.4227567305346314,0.01193665879532086,2.6871974369087037,0.2519241744147839,0
cleanStatic,30,436.25,0,0,test,1.3963565600519487,12.344105918146138,14.439469135030022,0.00023862934517982713,13.740462478198086,0.9826551434681285,0
cleanStatic,3,436.75,0,0,test,3.207209518850775,0.9944265930592834,0.6429452187979099,0.004621842556457399,4.201636111910059,0.4792343478973723,0
cleanStatic,6,436.75,0,0,test,0.7855812733188924,1.5028779254980482,0.832072311707097,0.009144502005415753,2.2884591988169407,0.19203959646278485,0
cleanStatic,7,436.75,0,0,test,2.194172193083286,0.7007074893618764,0.9448874688287884,0.020395563931628894,2.894879682445162,0.2838117414237977,0
cleanStatic,8,436.75,0,0,test,17.3642225720693,5.693963648800154,121.87411890464828,0.0004007190703889879,23.05818622086945,0.9996709714597042,0
cleanStatic,10,436.75,0,0,test,1.5547307485959552,4.955044564332784,0.2732269067938205,0.005802189995389778,6.509775312928739,0.7402757261338706,0
cleanStatic,11,436.75,0,0,test,0.7934305278307042,26.781539829758422,43.43857194962065,0.004187627198016953,27.574970357589127,0.9999559338015187,0
cleanStatic,13,436.75,0,0,test,1.658562938508097,1.3146116794802594,1.2119007299032407,0.010540016452971007,2.9731746179883567,0.2958783009189196,0
cleanStatic,16,436.75,0,0,test,0.6605788578348326,1.7402436014734728,0.32024336432043127,0.019080207214529285,2.4008224593083054,0.20864836613195106,0
cleanStatic,19,436.75,0,0,test,2.0159402795300085,0.9080191325433561,0.1280834180910285,0.006878711459590665,2.9239594120733647,0.2882921082046994,0
cleanStatic,20,436.75,0,0,test,1.6194368679887756,16.639376638299986,3.5997774731700543,0.001224810592266572,18.25881350628876,0.9973610676893685,0
cleanStatic,23,436.75,0,0,test,0.6058811967344442,0.3457496847152126,0.49935144160959066,0.008666817815083048,0.9516308814496568,0.0336280256061308,0
cleanStatic,30,436.75,0,0,test,2.6792334571826406,10.589977744090831,6.001107946717248,0.0010105253081381504,13.269211201273471,0.9790175689166083,0
cleanStatic,3,437.25,0,0,test,2.081731108760736,0.5572931170670445,0.3770696490039926,0.00863116419043549,2.6390242258277805,0.24457256567508895,0
cleanStatic,6,437.25,0,0,test,0.46202004862076956,4.178079739255624,0.27193003231297136,0.007843656974401743,4.640099787876394,0.5386398867335219,0
cleanStatic,7,437.25,0,0,test,1.8187813614636468,0.7910030548673332,0.35666656111854317,0.013363570623297582,2.60978441633098,0.24012190977391884,0
cleanStatic,8,437.25,0,0,test,8.566403674285402,6.518232542012208,5.047875439077544,0.0037974585645613543,15.08463621629761,0.9899932436505844,0
cleanStatic,10,437.25,0,0,test,4.288632914158807,12.42932608422626,0.12948831884732526,0.000222971812005527,16.717958998385065,0.9949330468583615,0
cleanStatic,11,437.25,0,0,test,0.9769586193561475,21.0526988801156,39.70552468242058,0.01764170059676721,22.029657499471746,0.9994831553549771,0
cleanStatic,13,437.25,0,0,test,1.8668708738157365,0.9739611409529566,0.9220155193415878,0.013238280311676896,2.840832014768693,0.27549132336549903,0
cleanStatic,16,437.25,0,0,test,1.3695244862808027,3.2588486050907277,0.4663693720120892,0.020116160733170747,4.628373091371531,0.5371066118377954,0
cleanStatic,19,437.25,0,0,test,2.6034151208090957,2.5686856686033983,0.26630686092588896,0.009813835735226147,5.172100789412494,0.604759937193109,0
cleanStatic,20,437.25,0,0,test,2.120264093265128,4.784488151489033,3.3034644556274744,0.0007804826543990572,6.904752244754162,0.7721790657663468,0
cleanStatic,23,437.25,0,0,test,1.2943742519920058,1.0552152337034755,0.7365138732002127,0.01008914301608381,2.349589485695481,0.20104319381530106,0
cleanStatic,30,437.25,0,0,test,1.6030066566850356,4.7452452926309725,145.9594606242455,3.947826319098836e-06,6.348251949316008,0.7262083030999731,0
cleanStatic,3,437.75,0,0,test,2.3430281597690956,1.3872402984486514,0.38462345120408237,0.009757538942830844,3.730268458217747,0.41113392044455105,0
cleanStatic,6,437.75,0,0,test,0.6999472575129244,0.1397682537632382,0.678676090126406,0.010242321742842694,0.8397155112761626,0.025568694318180686,0
cleanStatic,7,437.75,0,0,test,3.523456009316494,1.8471790970054394,0.37712642726797935,0.015754546509319473,5.3706351063219335,0.6276602271149685,0
cleanStatic,8,437.75,0,0,test,17.767096121435994,4.897896061909265,8.01731352725163,0.0008027320990086511,22.66499218334526,0.9996088496553747,0
cleanStatic,10,437.75,0,0,test,2.2114238052013033,11.994217876900569,0.763392332558653,0.004953998888755931,14.205641682101872,0.9856454087217185,0
cleanStatic,11,437.75,0,0,test,13.173451886739533,42.60103157717991,33.168290690356955,0.03597356683398071,55.774483463919445,0.9999999999095641,0
cleanStatic,13,437.75,0,0,test,0.2080056964802639,0.8129360888936968,0.6760541875744793,0.01158057885070046,1.0209417853739606,0.03914095074464362,0
cleanStatic,16,437.75,0,0,test,1.5337318603177232,1.1640253981351933,0.3641444460128221,0.012867535664571758,2.6977572584529166,0.2535385665715817,0
cleanStatic,19,437.75,0,0,test,1.3370403365128465,1.0819221233835012,0.39090232117825435,0.010531405953890459,2.4189624598963477,0.2113530695808949,0
cleanStatic,20,437.75,0,0,test,1.6579013109308407,15.758990988991696,8.72723199347372,0.005345048784235827,17.416892299922537,0.9962266074614433,0
cleanStatic,23,437.75,0,0,test,2.1140032899791295,2.124811869883172,1.2755833264788607,0.010884174691011127,4.238815159862302,0.4844304615982081,0
cleanStatic,30,437.75,0,0,test,4.630406386908568,14.186766822660836,12.955781713173234,0.0016620685349788837,18.817173209569404,0.9979211973325374,0
cleanStatic,3,438.25,0,0,test,3.1881574976517895,0.438053877680944,0.4779289739511214,0.007947984927449468,3.6262113753327334,0.39561788265490205,0
cleanStatic,6,438.25,0,0,test,0.9860920442682958,2.5091251361826385,0.6307354133017884,0.007901905641976239,3.4952171804509344,0.3758885473601076,0
cleanStatic,7,438.25,0,0,test,2.2676640895861393,1.7053008076654688,0.2464794308699465,0.01309642455353442,3.9729648972516083,0.446685105438394,0
cleanStatic,8,438.25,0,0,test,12.423171101254008,16.63658699666086,3.742851146767345,0.0020774845686652318,29.059758097914866,0.9999774300154223,0
cleanStatic,10,438.25,0,0,test,4.168076185013701,5.4553082893145595,0.6337554960013422,0.008113127181767344,9.623384474328262,0.9133625134867998,0
cleanStatic,11,438.25,0,0,test,3.0387214338894704,47.109346122627635,21.322701056541984,0.010438297198118517,50.148067556517105,0.9999999987075961,0
cleanStatic,13,438.25,0,0,test,0.9649235284736236,1.4425455061535595,1.2755296543198578,0.014487829235096106,2.407469034627183,0.2096386828697267,0
cleanStatic,16,438.25,0,0,test,1.5374389892256972,1.3246421754557696,0.4067643278400382,0.016610753666935506,2.8620811646814666,0.27876128822146085,0
cleanStatic,19,438.25,0,0,test,0.7900875525000217,1.175580193934249,0.08146957633936999,0.007217738283832899,1.9656677464342707,0.14612511816832652,0
cleanStatic,20,438.25,0,0,test,0.5767331973256012,13.81627065295001,9.7283000751163,4.81274272926705e-05,14.393003850275612,0.9867033947427822,0
cleanStatic,23,438.25,0,0,test,2.774768876211597,1.0010277317473713,0.7437237123654447,0.0071076564499946105,3.775796607958968,0.41787420185535273,0
cleanStatic,30,438.25,0,0,test,2.743215427711238,10.130725014551576,15.540248726364895,0.0005493148279120086,12.873940442262814,0.9754108402893835,0
cleanStatic,3,438.75,0,0,test,2.225788511814403,0.4789717273744313,0.39065051018989577,0.009897292032214755,2.7047602391888343,0.2546097157484203,0
cleanStatic,6,438.75,0,0,test,1.520383910119145,0.3488125473765957,0.3715313481915347,0.007158986369760147,1.8691964574957407,0.13306802501759607,0
cleanStatic,7,438.75,0,0,test,7.874350779972125,2.1493790715442214,0.38057899461354316,0.01425585283296045,10.023729851516347,0.9254343432321305,0
cleanStatic,8,438.75,0,0,test,13.398557802634864,11.972792927504514,19.460205839076952,0.001317004859349998,25.371350730139376,0.9998818879808601,0
cleanStatic,10,438.75,0,0,test,4.105544010604134,6.170815955425707,1.1164432230925458,0.004577951164077398,10.27635996602984,0.9322271313504698,0
cleanStatic,11,438.75,0,0,test,0.5569293767238027,25.16593877067189,20.72430928547155,0.005582725719235571,25.722868147395694,0.9998990154884478,0
cleanStatic,13,438.75,0,0,test,1.2546783717150405,0.8653772975694015,0.7152385010961906,0.011914009601738678,2.120055669284442,0.16770392545332427,0
cleanStatic,16,438.75,0,0,test,0.9898828742111712,1.309208216919103,0.9598724789576603,0.017155826857054163,2.299091091130274,0.19359964519602801,0
cleanStatic,19,438.75,0,0,test,3.1477579839237624,2.5934501561353507,0.9228207568859591,0.012110901567448793,5.741208140059113,0.6677796176885473,0
cleanStatic,20,438.75,0,0,test,1.0459776238050977,8.164226636776599,2.8018727969033335,0.00021819482152885423,9.210204260581696,0.8990321150786448,0
cleanStatic,23,438.75,0,0,test,0.38278251436647137,1.18232183126747,0.6709547600598068,0.009025254867023989,1.5651043456339413,0.09456328299994318,0
cleanStatic,30,438.75,0,0,test,2.2510395497866695,23.080577263713007,6.0015744737887955,0.0003151954976274075,25.331616813499675,0.9998797795663724,0
cleanStatic,3,439.25,0,0,test,2.265872128986777,0.7699425317423598,0.46389200990449564,0.011416160777994558,3.035814660729137,0.3055358847492916,0
cleanStatic,6,439.25,0,0,test,1.0938595791416152,3.135582662270351,0.5889888488347427,0.007607039309833644,4.229442241411967,0.48312314652923655,0
cleanStatic,7,439.25,0,0,test,2.578594480313813,3.260262372733538,0.5216926215118743,0.018955221991366213,5.838856853047351,0.6777839831955907,0
cleanStatic,8,439.25,0,0,test,15.584862882184142,4.100303281306375,3.66678292642281,0.0042614470121791394,19.685166163490518,0.9985683741118243,0
cleanStatic,10,439.25,0,0,test,8.149916902116097,2.810991624171095,0.8053844552175153,0.0046068542826910265,10.960908526287191,0.9478394152077415,0
cleanStatic,11,439.25,0,0,test,0.8439614896301479,22.00497994828473,38.29736487669105,0.0064527876721175515,22.848941437914878,0.9996392346699844,0
cleanStatic,13,439.25,0,0,test,4.300032113195741,1.3557379946417942,0.7050795968709862,0.008958653647573901,5.655770107837535,0.6588327761318938,0
cleanStatic,16,439.25,0,0,test,1.7578960431230513,3.2266137420443215,1.7872581885436893,0.02306643717250013,4.984509785167373,0.5822264368008604,0
cleanStatic,19,439.25,0,0,test,0.17045414497889966,0.33298526118094623,0.11168687609566305,0.01329707940318202,0.503439406159846,0.008003185356611365,0
cleanStatic,20,439.25,0,0,test,1.3328684874716834,14.068906013559008,6.429524911180608,0.0007804376115597878,15.401774501030692,0.9912232679083154,0
cleanStatic,23,439.25,0,0,test,1.625716443998881,1.5729067188480799,1.053721077836284,0.009823801093838106,3.198623162846961,0.33060548878537804,0
cleanStatic,30,439.25,0,0,test,1.9099487157515307,6.672166409874619,6.617297988090174,0.0008586704975942115,8.58211512562615,0.8730613135029823,0
cleanStatic,3,439.75,0,0,test,2.808228630690022,0.5016192341405322,0.46214210220210555,0.004569142751663832,3.3098478648305543,0.3476656802256011,0
cleanStatic,6,439.75,0,0,test,0.643772164922163,1.3083754133980166,0.39411009659278873,0.008262161392570622,1.9521475783201796,0.14427406285390815,0
cleanStatic,7,439.75,0,0,test,1.8145033639927617,0.6355175233386532,0.28253056640945834,0.01988479337090546,2.450020887331415,0.21599750984597615,0
cleanStatic,8,439.75,0,0,test,13.090791486449096,31.73897977883547,7.512206825615894,3.9078712744491906e-05,44.82977126528456,0.9999999842879186,0
cleanStatic,10,439.75,0,0,test,4.5189422274403235,8.026572627630674,1.1611872061246904,0.002527716030799877,12.545514855070998,0.9719688116046521,0
cleanStatic,11,439.75,0,0,test,0.3606374937872628,71.35084480164032,21.832552983433814,2.4418903474667973e-05,71.71148229542759,0.9999999999999549,1
cleanStatic,13,439.75,0,0,test,1.1871320820030105,2.877589405265896,1.746307024282505,0.016233394875234987,4.064721487268907,0.45986419031480114,0
cleanStatic,16,439.75,0,0,test,1.3425769807946937,2.34785420657901,0.8821785339068343,0.016809668283169026,3.6904311873737035,0.405211413431607,0
cleanStatic,19,439.75,0,0,test,4.837675948311205,0.3169435104136212,0.2962703686296482,0.009660689692442395,5.1546194587248255,0.6026966843577293,0
cleanStatic,20,439.75,0,0,test,1.2795428546303946,11.027335921165292,86.35021128870108,1.358893107761787e-05,12.306878775795687,0.9691836132853343,0
cleanStatic,23,439.75,0,0,test,0.16264234983041256,2.8081687337792447,0.7550513182868253,0.008575875119056345,2.9708110836096573,0.29551391439213426,0
cleanStatic,30,439.75,0,0,test,2.819948167804459,21.11795914983876,5.563398820900364,0.005333722970570157,23.93790731764322,0.9997768402808709,0
cleanStatic,3,440.25,0,0,test,2.824375809024341,0.25539759264951684,0.5172991586222788,0.004414582693567968,3.079773401673858,0.3123115080844606,0
cleanStatic,6,440.25,0,0,test,0.9728746217077386,1.4556608252247132,0.6757901966049349,0.012202426684916067,2.428535446932452,0.2127828091465914,0
cleanStatic,7,440.25,0,0,test,2.9298186833972837,1.5288741171458355,0.9730541059898327,0.021478606687694808,4.458692800543119,0.5145708493029096,0
cleanStatic,8,440.25,0,0,test,13.074270307160196,28.466940360385394,452.102927070144,0.0019487467350296588,41.54121066754559,0.9999999270628369,0
cleanStatic,10,440.25,0,0,test,3.4112233390629263,5.459714002040746,1.5076468500925178,0.0028308329751988515,8.870937341103673,0.8856759038554364,0
cleanStatic,11,440.25,0,0,test,1.2121249630316728,13.136399631849194,157.47488386978867,0.003260607611420027,14.348524594880868,0.9864592768246638,0
cleanStatic,13,440.25,0,0,test,0.5714358786902067,1.1430289760096095,0.9241045554010542,0.013745516393423623,1.7144648546998162,0.11292758170817982,0
cleanStatic,16,440.25,0,0,test,1.1626575521407887,0.3068970474138539,0.677405370997347,0.015227986354914042,1.4695545995546426,0.08344376195061658,0
cleanStatic,19,440.25,0,0,test,17.14623232506237,1.1357973523476792,0.6935802656854753,0.007647592781987419,18.28202967741005,0.9973870592454173,0
cleanStatic,20,440.25,0,0,test,1.3110461362876018,12.207960236903464,9.454140932090946,0.004673295442017864,13.519006373191065,0.9810285609441938,0
cleanStatic,23,440.25,0,0,test,0.8475977804165112,1.7161731392958286,0.9800870197778241,0.009978881092318568,2.56377091971234,0.23313809479914172,0
cleanStatic,30,440.25,0,0,test,3.125688298226257,38.20865278636084,3.8066572914198185,0.0004418979447183398,41.334341084587095,0.999999919689785,0
cleanStatic,3,440.75,0,0,test,3.1578445216263713,0.9018410371970872,0.6517238485844243,0.005306304541306105,4.059685558823459,0.4591448828647784,0
cleanStatic,6,440.75,0,0,test,1.1043861726631203,1.4199428128181746,0.5635893721491093,0.006435258439494645,2.524328985481295,0.22717329679392853,0
cleanStatic,7,440.75,0,0,test,2.173456395794072,0.4387669113718182,7.759061932621231,0.01427709689198132,2.6122233071658902,0.24049277843486072,0
cleanStatic,8,440.75,0,0,test,15.857894044596733,18.066122515766665,14.57120810010129,0.002861088621626669,33.9240165603634,0.9999975346110045,0
cleanStatic,10,440.75,0,0,test,4.134210725849872,3.4267064742284323,0.5299388044371827,0.002313450826898469,7.560917200078304,0.8178476223639009,0
cleanStatic,11,440.75,0,0,test,0.5721475928218757,30.93488953083235,27.397701321838746,0.015466638622519931,31.507037123654225,0.9999925625167082,0
cleanStatic,13,440.75,0,0,test,3.528034996751665,1.2815893368924416,0.9123661393744775,0.01442342504197236,4.8096243336441065,0.5604469266233879,0
cleanStatic,16,440.75,0,0,test,1.7185217054313833,2.2967065393806614,0.50091040303777,0.01638074819421322,4.015228244812045,0.45277445572209374,0
cleanStatic,19,440.75,0,0,test,2.1323584180725903,1.6829393643392343,2.0576934887691194,0.014659450693777065,3.8152977824118244,0.4236967780731803,0
cleanStatic,20,440.75,0,0,test,1.1249061935616171,19.577749703356385,4.124210082442681,0.002206373601707907,20.702655896918003,0.9990781954120321,0
cleanStatic,23,440.75,0,0,test,0.34680386545049346,1.508583114191882,0.7856273076902697,0.008867971530481982,1.8553869796423754,0.13122875725916272,0
cleanStatic,30,440.75,0,0,test,3.9888401134384095,6.361115278244643,3.366219327641956,0.002349633961439899,10.349955391683054,0.9340946473114481,0
cleanStatic,3,441.25,0,0,test,2.422721350312886,0.4732183236744972,0.4863794833744355,0.006044661596105493,2.895939673987383,0.28397501880157766,0
cleanStatic,6,441.25,0,0,test,1.098903716271881,0.3012074969906306,0.3500586982994074,0.005759902537227499,1.4001112132625118,0.07569889312257397,0
cleanStatic,7,441.25,0,0,test,1.471796256841765,0.9356590808614756,0.2911542868265864,0.01221804702734442,2.4074553377032406,0.2096366412385194,0
cleanStatic,8,441.25,0,0,test,14.591522539014859,5.568320649446111,4.28646695807845,0.002905023825624601,20.159843188460968,0.9988337159695554,0
cleanStatic,10,441.25,0,0,test,4.112520857736202,3.3281127840112203,0.743291431988905,0.004833895626087916,7.440633641747422,0.810122627142152,0
cleanStatic,11,441.25,0,0,test,0.4302652283382079,35.804123340856236,73.81726378482911,0.0006843076538320087,36.234388569194444,0.9999991474089519,0
cleanStatic,13,441.25,0,0,test,0.1955447194482499,1.1105519564665944,0.8825389044630805,0.012183174699984567,1.3060966759148442,0.06569691319666934,0
cleanStatic,16,441.25,0,0,test,0.7966714149277945,1.5358298257811611,1.065970954308297,0.01850365233806621,2.3325012407089556,0.19851827084385087,0
cleanStatic,19,441.25,0,0,test,1.6224991621537252,0.3898966056223746,0.8035063156784953,0.014060591623589755,2.0123957677760997,0.15257279989085867,0
cleanStatic,20,441.25,0,0,test,0.8705399055627563,16.485294343102822,3.3228030664191155,0.0009005841355573024,17.35583424866558,0.9961278760667343,0
cleanStatic,23,441.25,0,0,test,0.1916752636707272,2.135082418725785,0.9328054684387111,0.009266194674160493,2.326757682396512,0.1976709900575681,0
cleanStatic,30,441.25,0,0,test,2.135837107867757,13.054815589095739,9.145755826140206,7.186098292440086e-06,15.190652696963497,0.990421973059096,0
cleanStatic,3,441.75,0,0,test,3.377197467086623,2.6109381456376486,0.5034961795103826,0.007824476659468768,5.988135612724271,0.6926249124576598,0
cleanStatic,6,441.75,0,0,test,1.1999394637651097,5.295187664796556,0.5127808007002517,0.006744321408083418,6.495127128561665,0.7390248938987302,0
cleanStatic,7,441.75,0,0,test,2.8928024508889307,1.860963306270989,0.2202649919644743,0.017537421579786976,4.75376575715992,0.5533361365523226,0
cleanStatic,8,441.75,0,0,test,14.443360171223588,21.3088218366844,6.731838110787304,0.004279674516513863,35.75218200790799,0.9999989353824277,0
cleanStatic,10,441.75,0,0,test,4.023514777219474,4.44264044004207,0.5021977439337506,0.006630587164267083,8.466155217261544,0.8676525218033782,0
cleanStatic,11,441.75,0,0,test,20.783836382717347,20.79574206258767,56.44258352977369,0.0003456629419628029,41.57957844530502,0.9999999283542217,0
cleanStatic,13,441.75,0,0,test,0.9364832213593571,1.6825961371063076,1.377343212897375,0.011481749510288335,2.619079358465665,0.24153569843338554,0
cleanStatic,16,441.75,0,0,test,1.28072115533294,2.6129557981037577,0.37128300453859514,0.01970671579770057,3.8936769534366977,0.4351766822121184,0
cleanStatic,19,441.75,0,0,test,1.8746193116067462,1.2038241250332542,0.06675180440539934,0.009376539475533166,3.0784434366400006,0.31210655870716797,0
cleanStatic,20,441.75,0,0,test,1.4881451570020614,13.116942217294609,7.490061703007175,0.0006758361657490952,14.60508737429667,0.9878100167089896,0
cleanStatic,23,441.75,0,0,test,0.7026452835769585,2.481452577329119,0.9186410011080293,0.008817411968241205,3.1840978609060775,0.32837252288161634,0
cleanStatic,30,441.75,0,0,test,1.802956302611436,5.364428351310747,3.219532032934328,0.00029205809209413607,7.167384653922182,0.791513621321702,0
cleanStatic,3,442.25,0,0,test,2.4225850773523967,0.6440710715460541,1.1532281656965708,0.006573415870526149,3.066656148898451,0.3102899768117587,0
cleanStatic,6,442.25,0,0,test,1.3331746763823094,0.6589141370589536,5.358424746538408,0.007839927284737532,1.992088813441263,0.1497613857131672,0
cleanStatic,7,442.25,0,0,test,1.3788525316700728,1.620255625265926,0.3422227871352589,0.01910812328333524,2.999108156935999,0.2998766594666701,0
cleanStatic,8,442.25,0,0,test,16.26249430592554,2.7538993136600944,4.102347176116681,0.0008873262403987343,19.016393619585635,0.9980913310328655,0
cleanStatic,10,442.25,0,0,test,4.137970428326373,3.447657265118036,0.3159571994152469,0.004689038656595837,7.585627693444408,0.8194002992942826,0
cleanStatic,11,442.25,0,0,test,6.24444077173944,22.30574667215751,42.67386754897049,0.00037234375170585085,28.550187443896952,0.9999715927709419,0
cleanStatic,13,442.25,0,0,test,0.5746455824129184,3.0446406022900563,1.0680626534325661,0.0091242634607422,3.6192861847029745,0.3945800964889085,0
cleanStatic,16,442.25,0,0,test,1.3106153789758974,1.7201189421344112,0.429813906825479,0.01785617267318381,3.030734321110309,0.3047526681862379,0
cleanStatic,19,442.25,0,0,test,2.792666231387109,0.47876705776066647,0.21678103594106743,0.011227096709466627,3.2714332891477755,0.341782009561446,0
cleanStatic,20,442.25,0,0,test,1.3530011539742577,7.829287984720955,3.814743467816393,0.002467014932333709,9.182289138695213,0.8979895431875039,0
cleanStatic,23,442.25,0,0,test,0.36284977398417967,2.0209519427383458,0.5013035604917998,0.009721354003660195,2.3838017167225254,0.20611610313990109,0
cleanStatic,30,442.25,0,0,test,1.8492569871458586,9.279286462812363,13.39163469492518,5.075300168789603e-05,11.128543449958222,0.9511099226728182,0
cleanStatic,3,442.75,0,0,test,3.3337747882083693,0.27067387309917534,0.4113317254779016,0.006882751287459953,3.6044486613075444,0.392354530612293,0
cleanStatic,6,442.75,0,0,test,2.0014949624532106,1.0344218389016224,0.890757416569444,0.00784418711051227,3.035916801354833,0.3055516311499421,0
cleanStatic,7,442.75,0,0,test,1.9716671923973499,1.3469579644057308,0.28105483495116657,0.01850972346053894,3.3186251568030807,0.3490085908226155,0
cleanStatic,8,442.75,0,0,test,17.207326414111517,4.615687897591658,4.134244309002608,0.0015784785578442935,21.823014311703176,0.9994342499158466,0
cleanStatic,10,442.75,0,0,test,4.617746463434232,1.233942625005095,2.1082086126305932,0.004767929891071292,5.851689088439327,0.6790812027065632,0
cleanStatic,11,442.75,0,0,test,5.55773343173168,33.31555772896276,44.85421737629339,0.00535568486624669,38.873291160694436,0.99999974815451,0
cleanStatic,13,442.75,0,0,test,0.5901095997903752,0.780014686655762,0.5571791747081867,0.014294891224621723,1.3701242864461372,0.0724467539498099,0
cleanStatic,16,442.75,0,0,test,1.0259557497258143,2.5210985162548885,0.4415188456621573,0.01591818278636229,3.5470542659807025,0.38372001235842745,0
cleanStatic,19,442.75,0,0,test,2.388046388907708,0.23480574342588242,0.1780918148508353,0.009338268968512288,2.6228521323335903,0.24210982291823022,0
cleanStatic,20,442.75,0,0,test,2.044081916860752,21.968924495275594,45.60316277678468,0.0003393824016877375,24.013006412136345,0.9997841329884958,0
cleanStatic,23,442.75,0,0,test,0.33536695033481806,1.8371507652327443,0.8219996590421491,0.008659709636991557,2.1725177155675626,0.17520444168990085,0
cleanStatic,30,442.75,0,0,test,1.4922372994536488,18.38234917915987,9.086387450139158,0.00018495193705044737,19.87458647861352,0.9986807102454142,0
cleanStatic,3,443.25,0,0,test,3.1901044793302544,0.7714261635049127,0.5408564428433652,0.00842111761505454,3.961530642835167,0.4450321789034213,0
cleanStatic,6,443.25,0,0,test,1.5383389622569716,0.9347124800415857,15.63375646311024,0.004581866650612667,2.4730514422985572,0.2194520042827932,0
cleanStatic,7,443.25,0,0,test,1.500041629973935,0.46434119400364443,0.24397289202482317,0.020172842240830196,1.9643828239775794,0.1459489132134896,0
cleanStatic,8,443.25,0,0,test,17.38560951426604,39.58429407314405,10.592089565622866,0.001987006416144184,56.96990358741009,0.9999999999487029,0
cleanStatic,10,443.25,0,0,test,4.327496543988384,22.09413976990848,0.5986238979826736,0.006354593193337221,26.421636313896865,0.9999260912687894,0
cleanStatic,11,443.25,0,0,test,1.7429402143890944,21.944465805928473,66.45938626272928,0.0005252233053820283,23.687406020317567,0.9997507083379992,0
cleanStatic,13,443.25,0,0,test,1.0106600489242532,1.541770365834384,0.6244107533339761,0.01230296595404343,2.5524304147586374,0.2314209274100818,0
cleanStatic,16,443.25,0,0,test,0.9119939460933448,3.8985555508755505,0.4685005515973931,0.023814143560881365,4.810549496968895,0.5605640758706115,0
cleanStatic,19,443.25,0,0,test,2.1525125702159102,1.0801294581087668,0.7205544916335567,0.011328498485286009,3.232642028324677,0.3358311290572865,0
cleanStatic,20,443.25,0,0,test,0.9579613110002596,11.191215313367636,107.56316879278334,4.218993179452696e-05,12.149176624367895,0.9672000862196186,0
cleanStatic,23,443.25,0,0,test,1.5861946039965424,2.38234678837545,0.5637950877884533,0.009795045814022286,3.9685413923719923,0.44604592049488445,0
cleanStatic,30,443.25,0,0,test,2.3120481419874332,10.53143688353935,12.785097840712659,0.0023980211832715353,12.843485025526782,0.975109527253747,0
cleanStatic,3,443.75,0,0,test,2.4165070502565387,1.2479338384470628,0.48668988506099775,0.0072308347255902695,3.6644408887036013,0.4013355235349919,0
cleanStatic,6,443.75,0,0,test,3.382916163966006,0.09277047399505374,0.8843591114751579,0.008287784602323668,3.4756866379610596,0.3729302987050558,0
cleanStatic,7,443.75,0,0,test,1.814299399858835,1.3407936419323587,0.710465225200719,0.018348365525153315,3.1550930417911935,0.3239108928413644,0
cleanStatic,8,443.75,0,0,test,16.50399315513361,11.399342323134285,8.658287357231451,0.0040426765366764665,27.903335478267895,0.9999619828798032,0
cleanStatic,10,443.75,0,0,test,7.884238481104319,0.7687953945373215,0.6254826752049073,0.010699557888532978,8.65303387564164,0.8762701881877105,0
cleanStatic,11,443.75,0,0,test,2.0817789002190787,38.567848514884496,21.34534658907324,0.0051395357793337796,40.64962741510357,0.99999988956925,0
cleanStatic,13,443.75,0,0,test,1.170851335016486,2.583920222649495,0.4598499274642685,0.012993804757031727,3.754771557665981,0.41476534544735716,0
cleanStatic,16,443.75,0,0,test,1.339989571109098,3.5152570325676935,2.337358309083367,0.019828907097597725,4.855246603676791,0.5661995203352823,0
cleanStatic,19,443.75,0,0,test,11.392382744335293,1.4608361596287602,0.7710306776755566,0.015038472518140129,12.853218903964054,0.9752062128819232,0
cleanStatic,20,443.75,0,0,test,1.4821820947525615,11.495258057941665,4.80565737519064,0.0005130631938153972,12.977440152694227,0.9764089020456285,0
cleanStatic,23,443.75,0,0,test,0.18809298935140184,3.4538963657777533,0.6611542236394045,0.009833573024974528,3.641989355129155,0.3979799933047287,0
cleanStatic,30,443.75,0,0,test,1.5742896734950713,13.403218332144679,18.656398727320905,0.00018365394638085824,14.97750800563975,0.9895411237277065,0
cleanStatic,3,444.25,0,0,test,0.714103632844467,1.3765109604139656,1.0694162008635644,0.008600102877918549,2.0906145932584326,0.16352992942791136,0
cleanStatic,6,444.25,0,0,test,3.567990579883979,0.1194225309805487,1.6696790753457593,0.004124061106938021,3.6874131108645276,0.40476181063116073,0
cleanStatic,7,444.25,0,0,test,2.0694412001891522,2.753474427240884,0.7514473019945177,0.017506497436080622,4.822915627430037,0.5621279837543905,0
cleanStatic,8,444.25,0,0,test,17.46473457441728,12.534308253340356,4.666549090996792,0.007932444833837258,29.999042827757638,0.9999852450195934,0
cleanStatic,10,444.25,0,0,test,5.808107294285322,1.6812533532945648,0.9756497528808078,0.0030025670084038803,7.489360647579887,0.813285648746402,0
cleanStatic,11,444.25,0,0,test,6.22289207982002,30.937747877171265,25.041121687762434,0.046842713236491834,37.16063995699128,0.9999994438640697,0
cleanStatic,13,444.25,0,0,test,1.4039248480465483,2.569502138444177,1.0395104894656766,0.0163274304106449,3.9734269864907255,0.4467518561813833,0
cleanStatic,16,444.25,0,0,test,0.9217104531265798,1.0040203775802838,0.6151037676521878,0.018754710363420277,1.9257308307068637,0.1406767761344158,0
cleanStatic,19,444.25,0,0,test,0.8228229940175305,1.6627402123652595,0.7272047773595821,0.011450267459446814,2.48556320638279,0.22133230580729615,0
cleanStatic,20,444.25,0,0,test,12.320578792715436,14.929444297795019,72.92956438194452,0.003035318165663773,27.250023090510453,0.9999490098897791,0
cleanStatic,23,444.25,0,0,test,1.1653505545900462,4.045482229716378,0.7775893056507036,0.010680504025683104,5.210832784306424,0.6093043817160055,0
cleanStatic,30,444.25,0,0,test,0.879874947290043,9.069409505412665,3.2099748839973365,0.0016314359863847901,9.949284452702708,0.9233149312480519,0
cleanStatic,3,444.75,0,0,test,0.6354957686638899,1.7412974251551503,0.4003405796695917,0.010456857821921852,2.37679319381904,0.20507501640912712,0
cleanStatic,6,444.75,0,0,test,2.4871854030470835,0.541292899933901,2.2584403679975775,0.001889858068250401,3.0284783029809845,0.30440485981954457,0
cleanStatic,7,444.75,0,0,test,1.5648061805981701,2.274142288201256,0.5983970922054146,0.018499131391004224,3.838948468799426,0.42717126807467487,0
cleanStatic,8,444.75,0,0,test,17.681716669429072,4.000360201677371,9.145497127469593,0.003005762834388646,21.682076871106442,0.9993983047323111,0
cleanStatic,10,444.75,0,0,test,5.803400177283283,0.05621878767642917,1.208216444449738,0.006000453380979872,5.859618964959712,0.6798808146117223,0
cleanStatic,11,444.75,0,0,test,1.6603867768573204,12.981148818312123,32.481179000316004,0.01728028599325161,14.641535595169444,0.9879909946434987,0
cleanStatic,13,444.75,0,0,test,2.2653015766286786,0.8060431988461616,0.5327689304500044,0.015730605207037538,3.07134477547484,0.3110125882647814,0
cleanStatic,16,444.75,0,0,test,4.898273379141974,3.682570213800235,0.4925689654305707,0.01250154763513189,8.580843592942209,0.8730031011681492,0
cleanStatic,19,444.75,0,0,test,0.812827492137355,0.627601140264348,0.23141246232579568,0.010489413076867071,1.4404286324017028,0.0801597408558199,0
cleanStatic,20,444.75,0,0,test,2.8830326720933694,3.840688065038922,7.766271377576901,7.490184227699084e-05,6.723720737132291,0.7579883788880699,0
cleanStatic,23,444.75,0,0,test,0.39050547774199335,4.043063762589619,1.0020769068763082,0.008345938194891961,4.433569240331613,0.5111794593459463,0
cleanStatic,30,444.75,0,0,test,0.971111293815841,2.2616116702251516,4.600063872019185,0.00023244957273308242,3.2327229640409927,0.33584355431823887,0
cleanStatic,3,445.25,0,0,test,1.1210873185504253,0.5440852162397254,0.3663889931080536,0.00817744753619994,1.6651725347901507,0.1067421177680526,0
cleanStatic,6,445.25,0,0,test,2.9563838597361,5.917655790571141,0.36528051409937956,0.006975245800088599,8.87403965030724,0.8858049977426466,0
cleanStatic,7,445.25,0,0,test,1.1545518398467154,1.5762445888174483,0.3872790654031533,0.014522350856564665,2.7307964286641635,0.2585956190451822,0
cleanStatic,8,445.25,0,0,test,17.38499605890126,21.345201122266975,3.4361897903851446,0.00453061686675785,38.730197181168236,0.9999997308931964,0
cleanStatic,10,445.25,0,0,test,6.217161468956706,0.45921265504479414,1.0005629897978814,0.007683130749930317,6.676374124001501,0.754157490772982,0
cleanStatic,11,445.25,0,0,test,5.0274767843239285,80.7429224562949,172.33843076274812,0.011116422010273111,85.77039924061883,1.0,1
cleanStatic,13,445.25,0,0,test,1.1258807579544554,1.7716146460691118,0.6521884716562958,0.017214709333840738,2.897495404023567,0.28421466361928727,0
cleanStatic,16,445.25,0,0,test,1.3899639277039262,1.943071294430702,0.44369073646157997,0.022368086770951055,3.333035222134628,0.3512120728758187,0
cleanStatic,19,445.25,0,0,test,0.73422576174656,1.5834349812347466,1.0874987033080417,0.008607914393100307,2.3176607429813068,0.1963304665912277,0
cleanStatic,20,445.25,0,0,test,4.259484050498237,6.65853927467485,23.01635875677067,0.00022217515000294083,10.918023325173088,0.9469702155151547,0
cleanStatic,23,445.25,0,0,test,0.1507365464955275,1.55316123170291,0.5538217835679482,0.010538414645911673,1.7038977781984375,0.11159165967933607,0
cleanStatic,30,445.25,0,0,test,1.0488436269896297,4.021909623019654,1.9529922050790585,0.0037279936677264234,5.070753250009283,0.5926934154926283,0
cleanStatic,3,445.75,0,0,test,1.6158578464249522,0.3219738568903014,0.5696568140118128,0.005504137569121299,1.9378317033152537,0.14232137728853175,0
cleanStatic,6,445.75,0,0,test,4.135939664649769,1.9302471930081089,0.12668631511967504,0.005762624330215985,6.066186857657877,0.7001681681128403,0
cleanStatic,7,445.75,0,0,test,1.1401278708900004,1.1504888650534175,0.6837890629749255,0.01363880155470768,2.290616735943418,0.19235597133940202,0
cleanStatic,8,445.75,0,0,test,16.674181880551945,3.012140213449982,5.363279205752515,0.001739020489955266,19.686322094001927,0.9985690873642756,0
cleanStatic,10,445.75,0,0,test,5.425142929739108,0.47489366566019153,0.15413178512736586,0.005247576247694851,5.9000365953993,0.6839323410651916,0
cleanStatic,11,445.75,0,0,test,0.47829966293194004,29.65812468880102,25.33385826472322,0.0007996144940648602,30.13642435173296,0.9999861358836074,0
cleanStatic,13,445.75,0,0,test,1.8608242509765123,2.061666297580957,0.7004147060233418,0.012968915436161138,3.9224905485574695,0.43937138482939664,0
cleanStatic,16,445.75,0,0,test,1.5663384169411287,2.9564135652882926,0.4467435366423297,0.02102028168045436,4.522751982229421,0.5231549154505349,0
cleanStatic,19,445.75,0,0,test,2.1799226637467273,1.1794697924134183,0.1394252727171311,0.013042015488213626,3.359392456160146,0.35523828291209625,0
cleanStatic,20,445.75,0,0,test,2.9227342713446123,18.513345428885003,5.536025485500263,0.00130294719934379,21.436079700229616,0.9993300914166852,0
cleanStatic,23,445.75,0,0,test,0.27321872070745856,2.5858839097242465,1.0668573293187753,0.00834056160279265,2.859102630431705,0.2783028238423078,0
cleanStatic,30,445.75,0,0,test,0.7192623622491255,9.019290705762108,7.214341067463841,6.551835850949503e-05,9.738553068011234,0.9170086269586661,0
cleanStatic,3,446.25,0,0,test,0.893221028651015,0.9199556479478557,0.39945469664175515,0.007475890562712176,1.8131766765988706,0.1256557960492684,0
cleanStatic,6,446.25,0,0,test,4.730446866792532,1.3983492593266211,0.5399691176074429,0.003322600801769272,6.128796126119153,0.7061124925538644,0
cleanStatic,7,446.25,0,0,test,1.3809155912075108,1.9007683213140452,0.277752310144065,0.017701854670411948,3.2816839125215562,0.3433529874607892,0
cleanStatic,8,446.25,0,0,test,15.309684101131676,14.877393116437622,6.571943868063972,0.0003338110224697638,30.187077217569296,0.9999864506917993,0
cleanStatic,10,446.25,0,0,test,5.638334296715397,1.8944355594443099,2.87777756273125,0.007742896903464963,7.532769856159707,0.8160648375641234,0
cleanStatic,11,446.25,0,0,test,1.4099291971317405,39.29190537572155,20.07370613979855,0.013858834860450253,40.701834572853286,0.9999998922171994,0
cleanStatic,13,446.25,0,0,test,1.6005901095439814,2.223186881917662,1.8019674952428575,0.014679428765396189,3.8237769914616435,0.42494346721742,0
cleanStatic,16,446.25,0,0,test,2.580237205086577,1.2273545657210931,0.37482565317125177,0.02247691330473758,3.80759177080767,0.4225627910067057,0
cleanStatic,19,446.25,0,0,test,0.6407571474473496,1.1715433200561318,0.4913474841342829,0.0130579076843943,1.8123004675034813,0.12554090977446447,0
cleanStatic,20,446.25,0,0,test,2.183559815792945,3.1458623589044716,19.54843755096878,0.0014657242081724212,5.329422174697417,0.6229870483603888,0
cleanStatic,23,446.25,0,0,test,0.4363929595713403,2.6718785116142554,0.5096185970223706,0.007892228863572928,3.1082714711855957,0.3167021569412353,0
cleanStatic,30,446.25,0,0,test,2.1885802053951107,7.198998286997592,2.5073768337110836,0.0018218976846027127,9.387578492392702,0.9054317164207538,0
cleanStatic,3,446.75,0,0,test,0.6015846444762876,0.8946101462506836,0.5603501898332526,0.005646345105688461,1.496194790726971,0.0864914834644412,0
cleanStatic,6,446.75,0,0,test,3.519333095254909,6.740560388320792,0.14131183065921335,0.0036340343486576565,10.2598934835757,0.9318025786248076,0
cleanStatic,7,446.75,0,0,test,1.1971305383755027,1.4706373389412641,0.2692899942493525,0.021967486423725112,2.667767877316767,0.24895638971774078,0
cleanStatic,8,446.75,0,0,test,15.227074978707122,17.560922520929594,3.6498896782902284,0.0012658183168972215,32.78799749963672,0.9999958536276983,0
cleanStatic,10,446.75,0,0,test,5.7839651621539145,5.9095030691217145,16.431086639204704,0.004165182661813518,11.693468231275629,0.9607618561432302,0
cleanStatic,11,446.75,0,0,test,0.32663351316707717,51.1127893003052,81.78027497273573,0.018673032941585184,51.43942281347228,0.9999999992970765,0
cleanStatic,13,446.75,0,0,test,2.2700992510160916,2.7431612128657066,0.7176047409234169,0.011868812788210482,5.013260463881798,0.5857359932731113,0
cleanStatic,16,446.75,0,0,test,2.213436281086238,1.554214639782648,0.45383660386623187,0.01911694712673775,3.7676509208688858,0.41667053354104694,0
cleanStatic,19,446.75,0,0,test,10.121976637616585,0.6588991501978253,0.27799824228322484,0.015087240892249925,10.780875787814411,0.9440981089711984,0
cleanStatic,20,446.75,0,0,test,2.9294846898439073,3.1837258838391422,4.710844310370966,2.5656006789800266e-06,6.11321057368305,0.704641582698175,0
cleanStatic,23,446.75,0,0,test,0.041651151417298936,2.3952357471989343,1.1989355659707526,0.009524759142625837,2.4368868986162333,0.21403142770800784,0
cleanStatic,30,446.75,0,0,test,1.7482270353913028,3.9388672697737213,28.368630549960596,6.120077865072952e-05,5.687094305165024,0.6621339787500209,0
cleanStatic,3,447.25,0,0,test,2.361099300226479,1.453012646213953,0.492704451506597,0.007099953544917093,3.8141119464404323,0.42352233561123853,0
cleanStatic,6,447.25,0,0,test,4.952454124831758,0.880538629562943,0.6352544118005989,0.006543209949554617,5.8329927543947,0.6771898283411321,0
cleanStatic,7,447.25,0,0,test,3.381831671528533,4.0906244132598895,13.432412981576636,0.009089709004215286,7.472456084788423,0.8121935397860013,0
cleanStatic,8,447.25,0,0,test,15.866459062963305,3.2841279312576783,1.241652187632696,0.0004838708619315741,19.150586994220983,0.9981981469201355,0
cleanStatic,10,447.25,0,0,test,5.672619858387809,1.8877919417343292,5.23887094089452,0.0008746638131772407,7.560411800122138,0.8178157446971822,0
cleanStatic,11,447.25,0,0,test,0.2701656007828695,34.186624949097784,245.339303455841,0.05699814343032895,34.45679054988065,0.9999980690496783,0
cleanStatic,13,447.25,0,0,test,1.009059428017574,2.7371134637968244,0.5737116108847743,0.017051185462522465,3.7461728918143984,0.41349200660075375,0
cleanStatic,16,447.25,0,0,test,2.3952329301082553,3.1286437596987624,0.9636849695714961,0.019845172143949274,5.523876689807018,0.6446651817085378,0
cleanStatic,19,447.25,0,0,test,15.500930264973636,1.7849306954627975,0.16137268395253887,0.016201796498643454,17.285860960436434,0.9960116201044029,0
cleanStatic,20,447.25,0,0,test,2.5366705606409106,5.1066712056165215,3.8683338312548003,0.00022369016938098612,7.643341766257432,0.8229818486347932,0
cleanStatic,23,447.25,0,0,test,0.05758108982276449,2.3549173595805,0.8425269999377825,0.008953013662532625,2.4124984494032646,0.2103885874427581,0
cleanStatic,30,447.25,0,0,test,1.588372237442092,0.9909737418200909,0.946640930058335,0.005478227160788732,2.579345979262183,0.23549914564231997,0
cleanStatic,3,447.75,0,0,test,0.3802309155974745,1.1119620488128663,0.6526420413655727,0.005958909422183696,1.4921929644103409,0.086031017773432,0
cleanStatic,6,447.75,0,0,test,4.866305408829356,0.36708995525877813,0.3639582935523521,0.005386932191830106,5.233395364088134,0.6119345246152796,0
cleanStatic,7,447.75,0,0,test,4.459386244193868,1.8746073821486746,0.776498753091907,0.01449969397560531,6.333993626342543,0.7249372921166868,0
cleanStatic,8,447.75,0,0,test,15.899376138044529,4.8153515201705925,5.914711175400694,0.00640558460520415,20.71472765821512,0.9990830143755266,0
cleanStatic,10,447.75,0,0,test,5.420464168644886,2.99414549290484,4.052355844701351,0.0018142461247063776,8.414609661549726,0.8651823824929206,0
cleanStatic,11,447.75,0,0,test,0.6576418251003914,142.47849094235545,29.3125595281196,0.0474513247937813,143.13613276745585,1.0,1
cleanStatic,13,447.75,0,0,test,1.0131278217653867,1.8926599911738249,0.5898150697121419,0.008972040716056402,2.9057878129392116,0.2854921359005004,0
cleanStatic,16,447.75,0,0,test,2.828324238395847,2.1833664576064296,0.42568483498696663,0.016751879829795157,5.011690696002276,0.5855448947147499,0
cleanStatic,19,447.75,0,0,test,2.1722706822843656,0.9003646925410425,0.764325307812879,0.008434741808892884,3.072635374825408,0.31121148872678134,0
cleanStatic,20,447.75,0,0,test,3.968598821142571,9.026796668106952,21.491974358769948,0.0002173965585699203,12.995395489249523,0.9765780444225707,0
cleanStatic,23,447.75,0,0,test,2.3574665835931214,1.8765791201501076,0.4941178469257474,0.008631365521054094,4.234045703743229,0.4837654509768636,0
cleanStatic,30,447.75,0,0,test,1.7343257555521028,5.145666423417781,3.312268995487481,0.0025223993335558056,6.879992178969884,0.7702804607922368,0
cleanStatic,3,448.25,0,0,test,0.10873540273629433,0.9116509708755376,0.46690026092761805,0.009417051350475422,1.020386373611832,0.03909523205879563,0
cleanStatic,6,448.25,0,0,test,4.924522562700863,0.21996372686273635,0.2812085790643092,0.004913158612630404,5.144486289563599,0.6014972481261753,0
cleanStatic,7,448.25,0,0,test,0.39264856561189987,1.0002597852649744,0.18745575045756457,0.02196093018188792,1.3929083508768743,0.07491255153868812,0
cleanStatic,8,448.25,0,0,test,15.822502618958932,9.562266326315486,7.161676382337811,0.007373675115109033,25.384768945274416,0.999882591694775,0
cleanStatic,10,448.25,0,0,test,6.151164524363479,1.2923797828832042,1.3836997992471889,0.004779513731225968,7.443544307246683,0.8103128638483852,0
cleanStatic,11,448.25,0,0,test,2.105170910298084,22.566891469649573,35.099709547771425,0.01771429234418875,24.672062379947658,0.9998388138172317,0
cleanStatic,13,448.25,0,0,test,0.7668164104456169,1.8976895874194128,0.5434840837122835,0.013792154451046612,2.66450599786503,0.24845849665425712,0
cleanStatic,16,448.25,0,0,test,2.900344655927331,0.4235479567068923,0.3965350437279586,0.015110440718989511,3.3238926126342236,0.3498142317804724,0
cleanStatic,19,448.25,0,0,test,0.11128635479947264,0.6505241282888544,0.2828800394591563,0.011238711141940647,0.7618104830883271,0.020595023551754393,0
cleanStatic,20,448.25,0,0,test,4.434620196251993,6.289948168287799,9.581022768742963,1.253115517278811e-06,10.724568364539792,0.9428771111856455,0
cleanStatic,23,448.25,0,0,test,0.34742348190101185,1.1584648007432856,0.5160539825826046,0.010648925606988885,1.5058882826442974,0.08761069039946744,0
cleanStatic,30,448.25,0,0,test,12.397559914139254,5.488235460980363,3.446921187981742,0.002714190227837788,17.885795375119617,0.9969070067204941,0
cleanStatic,3,448.75,0,0,test,0.06231320968777616,2.027876517425461,0.7662499231492411,0.008412730838922938,2.0901897271132373,0.16346988666848225,0
cleanStatic,6,448.75,0,0,test,5.000385269616627,1.3468341621519004,1.1977703130227901,0.007375435616997485,6.3472194317685275,0.7261164230518264,0
cleanStatic,7,448.75,0,0,test,0.64260707494008,1.474354916269744,0.27046064933735714,0.013021869357701749,2.116961991209824,0.16726409940093173,0
cleanStatic,8,448.75,0,0,test,16.63667708132907,25.669130042267916,20.3703507675306,0.00015501174331460695,42.305807123596985,0.9999999489203892,0
cleanStatic,10,448.75,0,0,test,5.333511570351232,1.1538903819523596,1.0856186763505442,0.0008537265112370475,6.487401952303591,0.7383632397724348,0
cleanStatic,11,448.75,0,0,test,0.5878561443090423,88.27122695370399,23.279538362060322,0.009078789693127498,88.85908309801303,1.0,1
cleanStatic,13,448.75,0,0,test,0.8782432147221529,2.851686228023339,0.6633699072491136,0.015722302189639,3.7299294427454917,0.4110836157908365,0
cleanStatic,16,448.75,0,0,test,2.6262504579371924,0.6993663056752482,0.46382562800068117,0.01678137484775479,3.3256167636124405,0.35007789053733185,0
cleanStatic,19,448.75,0,0,test,0.052785443527474066,0.503351139835979,0.33401499187800326,0.012544347024603341,0.5561365833634531,0.010076627493543872,0
cleanStatic,20,448.75,0,0,test,3.6030490549996568,8.171727508029994,6.155923528874784,0.0028303773807616174,11.77477656302965,0.9619923593377059,0
cleanStatic,23,448.75,0,0,test,0.33379198148077355,1.8090978746770825,1.0823252021234864,0.00892884994594392,2.142889856157856,0.17095890219737475,0
cleanStatic,30,448.75,0,0,test,0.5852620217518488,7.506340930826821,2.634437994482741,0.00012136883065386062,8.09160295257867,0.8487410564875625,0
cleanStatic,3,449.25,0,0,test,0.5222288839484202,1.610981337937831,0.5040370605128827,0.008851503702170046,2.133210221886251,0.1695772383211405,0
cleanStatic,6,449.25,0,0,test,9.69028046972083,0.31424212885422625,0.28556890884888175,0.0014811313908867838,10.004522598575058,0.9248927982984327,0
cleanStatic,7,449.25,0,0,test,1.204619532606245,0.4880854724597776,0.3271266252803134,0.01669820561823021,1.6927050050660226,0.11018248006188605,0
cleanStatic,8,449.25,0,0,test,13.409339197905148,22.324585956954422,61.66745292824448,2.384520278396782e-05,35.73392515485957,0.9999989263978432,0
cleanStatic,10,449.25,0,0,test,4.244815012732274,3.5016290304127944,0.8559088243827049,0.006216892985391325,7.746444043145068,0.8292256517723987,0
cleanStatic,11,449.25,0,0,test,1.8364669001187939,12.71875182093815,28.4764599710871,0.03040993467795164,14.555218721056944,0.9875581177646338,0
cleanStatic,13,449.25,0,0,test,1.0754940708393892,1.0634270902069833,0.6332848640766542,0.013310071040217072,2.1389211610463725,0.1703920876465136,0
cleanStatic,16,449.25,0,0,test,2.9456349769478285,3.3080246338951813,0.44186242114590457,0.016743917501916988,6.25365961084301,0.7176866421817012,0
cleanStatic,19,449.25,0,0,test,0.38645592850142496,1.05900567284016,0.20938721981549008,0.016295912557822506,1.4454616013415849,0.08072358105104965,0
cleanStatic,20,449.25,0,0,test,3.274658630069923,11.755356164756352,13.411842268791656,0.0023132060945919635,15.030014794826275,0.989765143708338,0
cleanStatic,23,449.25,0,0,test,0.9165227243912482,1.0147258165512458,0.660317438240427,0.009920413134363376,1.931248540942494,0.1414259925550238,0
cleanStatic,30,449.25,0,0,test,0.5460913448184466,4.634183081036025,5.964812750089534,0.002142634408289357,5.1802744258544715,0.6057220461745492,0
cleanStatic,3,449.75,0,0,test,1.5259664431068474,1.2690417785528312,0.47332785296849256,0.005345364188537254,2.7950082216596783,0.2684466291613738,0
cleanStatic,6,449.75,0,0,test,6.794944980300386,0.30470695160030997,4.010131328820054,0.0020677462397707164,7.099651931900696,0.7866660554975321,0
cleanStatic,7,449.75,0,0,test,0.21682278530265267,0.43259361100333693,0.26477765463880604,0.01240318186176978,0.6494163963059896,0.014370927716338817,0
cleanStatic,8,449.75,0,0,test,13.093683161949079,16.98203437631924,6.764996680733148,0.0006685450307538232,30.07571753826832,0.9999857490087269,0
cleanStatic,10,449.75,0,0,test,4.144971101061427,1.4087639879135736,3.5527959424887405,0.005192190386633469,5.553735088975,0.6479103945832856,0
cleanStatic,11,449.75,0,0,test,0.7435699943795316,39.19859962568522,30.2259961266245,0.013639398474082621,39.94216962006475,0.9999998465990961,0
cleanStatic,13,449.75,0,0,test,0.6289784138451543,3.0645846856721546,0.9972497456698268,0.013986193730791834,3.6935630995173088,0.4056778401337137,0
cleanStatic,16,449.75,0,0,test,3.561970343953736,1.3729446715660747,0.7422063032690974,0.01844793421587725,4.9349150155198105,0.5761251619643047,0
cleanStatic,19,449.75,0,0,test,0.514896107719551,1.491982712444782,0.3504760821496234,0.010811090434428312,2.006878820164333,0.15180759660084706,0
cleanStatic,20,449.75,0,0,test,3.3731580699961454,7.216667694295967,17.0598639854319,1.4073940702537667e-05,10.589825764292112,0.9398528774640841,0
cleanStatic,23,449.75,0,0,test,1.0608282177289345,0.8588289827818009,0.5629784452206604,0.009806337874941605,1.9196572005107355,0.1398534071577612,0
cleanStatic,30,449.75,0,0,test,0.7618523129962264,13.239932817817506,2.8130009563422487,0.0063436224167926205,14.001785130813731,0.9844019193104173,0
cleanStatic,3,450.25,0,0,test,1.4475624345360831,1.5469431109724257,0.5477480519585526,0.008852689926151664,2.994505545508509,0.29916702802682876,0
cleanStatic,6,450.25,0,0,test,8.120554480867055,0.7866584887931123,0.514457787180846,0.006772841474125312,8.907212969660167,0.8871771525431706,0
cleanStatic,7,450.25,0,0,test,0.37322734503917304,4.020323668481027,0.47168332328858764,0.01814341566112296,4.3935510135202005,0.5057490029495663,0
cleanStatic,8,450.25,0,0,test,14.3825466208508,9.706244619623213,11.739295524894523,0.0001946454168503451,24.088791240474013,0.9997912533388245,0
cleanStatic,10,450.25,0,0,test,4.030891968302656,0.3943657841347516,0.9988183492852933,0.0011261071899334744,4.425257752437408,0.5100544608498615,0
cleanStatic,11,450.25,0,0,test,0.20117907819771902,25.545764488047016,164.0465994937453,0.007981047122162008,25.746943566244735,0.9999000941489048,0
cleanStatic,13,450.25,0,0,test,0.6760112166154718,1.0738949864991196,0.6272501140648475,0.01322303970554723,1.7499062031145916,0.11744658887050419,0
cleanStatic,16,450.25,0,0,test,4.06099057478146,0.31160699811127246,0.2994058737124791,0.018321476884946473,4.372597572892732,0.5028918105069342,0
cleanStatic,19,450.25,0,0,test,0.3280907909413818,2.4897094114374396,0.2415962424748099,0.00986265134300827,2.8178002023788213,0.2719492369126125,0
cleanStatic,20,450.25,0,0,test,3.6295214026210343,11.268269305485278,4.122988135595933,0.0032110200830709327,14.897790708106312,0.9891918925464335,0
cleanStatic,23,450.25,0,0,test,0.8714702190426179,0.6890309471943552,0.6834072202982506,0.010521441623286547,1.560501166236973,0.0940158329453407,0
cleanStatic,30,450.25,0,0,test,1.248406391946918,6.827491068305591,8.936220816552584,0.0012018489769998228,8.07589746025251,0.8478979236995372,0
cleanStatic,3,450.75,0,0,test,3.8841866597516432,1.3967097375580395,0.7144478781540942,0.003820418592613045,5.280896397309682,0.6174304629648066,0
cleanStatic,6,450.75,0,0,test,9.38046482771244,1.8369586970856917,0.1266191225439217,0.007366588418854455,11.217423524798132,0.9527644800228093,0
cleanStatic,7,450.75,0,0,test,0.5489882172640348,2.9799838140822614,4.626194762166533,0.0097931766313375,3.5289720313462962,0.3809916025203931,0
cleanStatic,8,450.75,0,0,test,12.170568590861771,11.895398902648246,7.861097812790058,0.00017002485802189828,24.065967493510016,0.9997891337341869,0
cleanStatic,10,450.75,0,0,test,3.8915123527436606,8.765413573785224,2.4713335998873083,0.006272859337605231,12.656925926528885,0.973185127293223,0
cleanStatic,11,450.75,0,0,test,0.18449351633277625,32.34917008351857,51.23198084224379,0.003301339419273666,32.53366359985135,0.9999953428118935,0
cleanStatic,13,450.75,0,0,test,0.3116156060391035,2.119171968215412,0.5827484754041059,0.010835975048621122,2.4307875742545155,0.21311940293391193,0
cleanStatic,16,450.75,0,0,test,3.3915215994316363,1.9607256645517417,0.365983689888846,0.016440273524296074,5.352247263983378,0.6255804360012795,0
cleanStatic,19,450.75,0,0,test,0.47002640163514325,3.3366887131194702,0.23664958665000865,0.011270162577874844,3.8067151147546134,0.4224337268194206,0
cleanStatic,20,450.75,0,0,test,4.55634535378638,3.4752762157459727,6.149801316503172,0.009186558861623161,8.031621569532353,0.8454985100900081,0
cleanStatic,23,450.75,0,0,test,1.3170224768703904,0.7700955955763218,0.6422196488029512,0.007825602245176306,2.087118072446712,0.1630359609024067,0
cleanStatic,30,450.75,0,0,test,1.1295584246435535,5.722740746086169,11.985304183505733,0.0034573821546207903,6.852299170729722,0.7681411960416753,0
cleanStatic,3,451.25,0,0,test,0.5817557636899444,0.8065425715713621,0.4787607177423093,0.004731217278762529,1.3882983352613065,0.07441098302848911,0
cleanStatic,6,451.25,0,0,test,7.873976854652855,1.6230922676732014,0.10976970213841798,0.007731921576759306,9.497069122326057,0.9091938233293745,0
cleanStatic,7,451.25,0,0,test,0.35073781208105004,1.4805165207262936,0.7537574676604805,0.017840632883523607,1.8312543328073436,0.1280333994724227,0
cleanStatic,8,451.25,0,0,test,11.052623491762793,7.7874013729969285,5.40764941292447,0.0023096320114920806,18.84002486475972,0.9979414441506637,0
cleanStatic,10,451.25,0,0,test,3.8062983645840727,1.6491284720414958,0.9532904763646357,0.002982866157902012,5.455426836625568,0.6371417509046424,0
cleanStatic,11,451.25,0,0,test,0.42094221708699336,25.33812685505365,22.581505430225807,0.00330079848746162,25.75906907214064,0.9999006330844455,0
cleanStatic,13,451.25,0,0,test,0.7712187778123946,0.9083254352171216,0.5525345875795262,0.009835546096972377,1.6795442130295162,0.10853330464104154,0
cleanStatic,16,451.25,0,0,test,4.8665145706406525,3.162324803943263,0.30793566311624676,0.0192560318956173,8.028839374583916,0.8453466212018507,0
cleanStatic,19,451.25,0,0,test,1.8818783350311588,3.0696420606229853,0.44856209613456516,0.01129055197050516,4.9515203956541445,0.5781746530800214,0
cleanStatic,20,451.25,0,0,test,7.891712132019824,9.501446605692164,6.491456651515766,0.001528013043306315,17.39315873771199,0.9961885261268961,0
cleanStatic,23,451.25,0,0,test,1.0577761464595505,1.4944251035168103,1.1898863036541203,0.010702964328951304,2.5522012499763607,0.23138624494416016,0
cleanStatic,30,451.25,0,0,test,0.9777510879318323,10.048192554499309,4.345321959224542,0.0014973503709875375,11.025943642431141,0.9491319830458199,0
cleanStatic,3,451.75,0,0,test,2.2756762380986406,1.1761828652131712,0.6104317610909659,0.008253444336435453,3.451859103311812,0.36931584996624184,0
cleanStatic,6,451.75,0,0,test,7.694170662040416,1.980411525153429,0.057218180867604315,0.0036172690409337544,9.674582187193845,0.9150012776715075,0
cleanStatic,7,451.75,0,0,test,0.49966922616100146,1.258932947827751,0.2910752068250587,0.019107876793120943,1.7586021739887523,0.11856425919324438,0
cleanStatic,8,451.75,0,0,test,15.124708399618838,5.9278465603437605,147.90257804982306,2.0047805736363995e-05,21.0525549599626,0.9992082532757359,0
cleanStatic,10,451.75,0,0,test,4.55078623576711,2.412648381551662,1.1891082153081254,0.0025027274221534122,6.9634346173187724,0.776626042144992,0
cleanStatic,11,451.75,0,0,test,1.928568828325123,15.192394536314225,22.917134024945582,0.0031242306274175866,17.120963364639348,0.9957239909584816,0
cleanStatic,13,451.75,0,0,test,0.7987640772574195,1.1530350191932859,0.5814999140449614,0.011703969764218242,1.9517990964507055,0.14422644013404806,0
cleanStatic,16,451.75,0,0,test,3.7973921589332895,1.7375201720759388,0.5606535903687345,0.018064596191754136,5.534912331009228,0.6458671970031123,0
cleanStatic,19,451.75,0,0,test,0.19961893791775975,5.086742794004193,0.5896995466040523,0.009578369681356873,5.286361731921953,0.618059213794328,0
cleanStatic,20,451.75,0,0,test,9.408790030851716,15.701358085165133,144.00745233949235,0.0026826389754513965,25.11014811601685,0.9998673267761213,0
cleanStatic,23,451.75,0,0,test,1.0412432875551876,1.0065331716964765,1.0404763742738563,0.011722545830183454,2.047776459251664,0.1575044501274772,0
cleanStatic,30,451.75,0,0,test,0.5101182418984397,5.132950430531486,131.96829083312358,0.0032016901292188983,5.6430686724299255,0.6574872518824622,0
cleanStatic,3,452.25,0,0,test,0.425498998075517,1.2458109096891345,1.0242122725294387,0.007639463146574333,1.6713099077646516,0.10750578712201866,0
cleanStatic,6,452.25,0,0,test,8.246803426711821,2.9768663910231488,0.260855262708115,0.004648022762167944,11.22366981773497,0.9528787472051197,0
cleanStatic,7,452.25,0,0,test,0.957614654942441,3.3873275945560475,1.2467256577685886,0.020687542942398923,4.344942249498488,0.4991063575601961,0
cleanStatic,8,452.25,0,0,test,8.747180949135211,5.284278985034848,5.349542931040142,0.0014457318934602238,14.031459934170059,0.9845891914432324,0
cleanStatic,10,452.25,0,0,test,4.923033767829749,3.893981018154871,3.647171093381738,0.007644994791286243,8.81701478598462,0.8834107883913904,0
cleanStatic,11,452.25,0,0,test,0.36856943354909905,20.121626510727292,76.54342302826325,0.014424823267375804,20.49019594427639,0.9989891845973115,0
cleanStatic,13,452.25,0,0,test,0.7973780989543446,2.023611545009676,0.7255698993559223,0.013762071294299539,2.8209896439640207,0.27243959514441424,0
cleanStatic,16,452.25,0,0,test,3.230088435835765,1.185148634871413,0.3000251879983837,0.017130326575515706,4.415237070707178,0.5086961119820306,0
cleanStatic,19,452.25,0,0,test,0.7048027183883322,2.774604922287561,0.2670671746048056,0.01171515625072079,3.4794076406758934,0.37349422005873256,0
cleanStatic,20,452.25,0,0,test,7.324489128857871,12.479128956708019,21.169486754404662,0.0025942649171497387,19.80361808556589,0.9986396759905829,0
cleanStatic,23,452.25,0,0,test,1.1391605033408279,1.3354195525868944,1.556671278723611,0.012908384357648137,2.4745800559277225,0.21968159550987504,0
cleanStatic,30,452.25,0,0,test,6.366994734178168,10.438795686944795,5.743136784396044,0.0017719935222733425,16.805790421122964,0.9951167643666832,0
cleanStatic,3,452.75,0,0,test,0.49707898352704044,0.8000407655935885,0.8039878811833316,0.006783476093899249,1.297119749120629,0.0647722243649073,0
cleanStatic,6,452.75,0,0,test,7.982095325093906,0.915719691189334,0.20685745652234896,0.0037481878341199567,8.89781501628324,0.886789952952956,0
cleanStatic,7,452.75,0,0,test,0.2980985262972218,3.692187732722549,0.5422680722988056,0.01828178801088075,3.9902862590197707,0.4491846565969951,0
cleanStatic,8,452.75,0,0,test,11.781534363521247,6.525501054701889,5.936550445472335,0.0017593296438014085,18.307035418223137,0.9974147736256601,0
cleanStatic,10,452.75,0,0,test,3.7657532024964393,4.987710029189699,3.5939266146256115,0.00304269547103943,8.753463231686139,0.8806889555458963,0
cleanStatic,11,452.75,0,0,test,2.534729439925236,31.79091616099182,20.0689756480015,0.0007009552536711177,34.325645600917056,0.9999979492879579,0
cleanStatic,13,452.75,0,0,test,1.948864468742803,0.38729294767752115,0.5527819314906413,0.01452512706350525,2.336157416420324,0.1990579875053755,0
cleanStatic,16,452.75,0,0,test,3.48477198127517,1.0477940492377416,0.7417053162378937,0.017089801177663965,4.532566030512911,0.5244619252057692,0
cleanStatic,19,452.75,0,0,test,0.3983760969724601,2.408225263651382,0.321516998275006,0.013875580969334764,2.806601360623842,0.2702278863046224,0
cleanStatic,20,452.75,0,0,test,8.283787132356464,4.531765866049009,4.488756187447491,0.0028885860600934353,12.815552998405472,0.9748300708183142,0
cleanStatic,23,452.75,0,0,test,1.193240783830984,4.803929802424879,1.8570704445143842,0.011696002706328222,5.997170586255862,0.6935056699510318,0
cleanStatic,30,452.75,0,0,test,0.982687351739715,7.0790262795853165,3.4167673149729123,0.007680820981504363,8.06171363132503,0.8471328952551669,0
cleanStatic,3,453.25,0,0,test,1.108975201743281,0.4158024339920888,0.5406468841400588,0.005884995858154812,1.52477763573537,0.08980710822947031,0
cleanStatic,6,453.25,0,0,test,8.039943418608862,0.9741899682941262,0.43036563598007166,0.002830064357136201,9.014133386902989,0.8914982491317156,0
cleanStatic,7,453.25,0,0,test,0.4602318448354634,2.453884071943416,0.21449453296638263,0.017912223532228648,2.9141159167788793,0.28677527993618146,0
cleanStatic,8,453.25,0,0,test,11.30151673906405,9.301517043600704,6.42270206193443,0.0018096228963260838,20.603033782664752,0.9990374631730082,0
cleanStatic,10,453.25,0,0,test,3.7919258332408594,8.710007373543254,3.81930708859638,0.0023114251403693366,12.501933206784113,0.9714788012959098,0
cleanStatic,11,453.25,0,0,test,0.004805556403786428,45.068303343279005,36.918741573862754,0.009857165554157193,45.07310889968279,0.9999999859793907,0
cleanStatic,13,453.25,0,0,test,0.7947011931327084,1.5142256128538818,0.5374114362259917,0.01793646004751216,2.30892680598659,0.19504512271663355,0
cleanStatic,16,453.25,0,0,test,5.565576196775879,0.3225773543891767,0.7165425853556688,0.010505857950504604,5.888153551165056,0.6827453272029821,0
cleanStatic,19,453.25,0,0,test,0.7587378739601885,3.0399480060411963,0.4359172144342344,0.01658787863539525,3.798685880001385,0.4212510798591384,0
cleanStatic,20,453.25,0,0,test,9.309237191112224,1.9335653501332055,10.97520020830355,0.00028148885769588424,11.24280254124543,0.9532271306499829,0
cleanStatic,23,453.25,0,0,test,4.497607891175672,1.4861064814114453,1.0560076557842266,0.008935226223268401,5.983714372587118,0.692193191897942,0
cleanStatic,30,453.25,0,0,test,3.232043625886074,6.074213744480349,1.716909131819233,0.0036003175345539953,9.306257370366422,0.9025453655941935,0
cleanStatic,3,453.75,0,0,test,1.0277816575929488,0.4645500546730355,0.5010270932068027,0.006948200964002565,1.4923317122659843,0.08604696709479852,0
cleanStatic,6,453.75,0,0,test,14.751835666512953,0.41189836779107525,0.22154192734018294,0.0027386581343189632,15.163734034304028,0.9903148344874402,0
cleanStatic,7,453.75,0,0,test,0.14686837932698782,2.067488845466796,0.5607128611399931,0.01887832796499078,2.214357224793784,0.181240529927381,0
cleanStatic,8,453.75,0,0,test,11.696064837877879,6.574866666587782,6.412411544218121,9.416512989286875e-05,18.27093150446566,0.9973746657960076,0
cleanStatic,10,453.75,0,0,test,4.924686735435978,6.797501873745533,5.409754007000172,0.006679171808916459,11.722188609181512,0.9612007633852999,0
cleanStatic,11,453.75,0,0,test,0.35033357016637295,52.0202860621403,16.99389658134685,0.014499000012173914,52.37061963230667,0.9999999995471572,0
cleanStatic,13,453.75,0,0,test,0.9973820596550971,0.9027788851415222,0.7155326020107301,0.014046609347607413,1.9001609447966192,0.13721995576121299,0
cleanStatic,16,453.75,0,0,test,5.212401355828524,0.9342626698132618,0.6456801331413484,0.02136299089639878,6.146664025641786,0.7077916173933327,0
cleanStatic,19,453.75,0,0,test,0.04312940302886733,1.2848051938643732,0.6735287771316127,0.011600028934176736,1.3279345968932406,0.06796884999840423,0
cleanStatic,20,453.75,0,0,test,9.328871118263022,2.5187688993975876,6.82018964045028,0.0013222564500355244,11.84764001766061,0.9630638320193367,0
cleanStatic,23,453.75,0,0,test,1.5104067747371857,3.5577234606251653,1.3002158010202605,0.008258663573634854,5.068130235362351,0.5923777592068709,0
cleanStatic,30,453.75,0,0,test,1.4777950848765846,5.9587503322687745,6.655117393440015,0.0007906040777324493,7.436545417145359,0.8098551477817642,0
cleanStatic,3,454.25,0,0,test,0.2725531361538859,1.153629445497687,0.6203568892262645,0.00518798257092435,1.426182581651573,0.07857210259892707,0
cleanStatic,6,454.25,0,0,test,9.94187587723373,0.19125936800925752,0.3398358807483655,0.006828051359208436,10.133135245242988,0.9284503806481171,0
cleanStatic,7,454.25,0,0,test,0.3341606237926637,4.3145374694901415,0.30537286317607665,0.016975753470614578,4.648698093282805,0.5397621053968761,0
cleanStatic,8,454.25,0,0,test,11.785459005007443,5.293038585406981,8.13442868710363,0.00020638735856730116,17.078497590414422,0.9956466948124953,0
cleanStatic,10,454.25,0,0,test,5.206706309115959,1.2937280001189244,1.5193557688388497,0.006138090644353402,6.500434309234883,0.7394786527646848,0
cleanStatic,11,454.25,0,0,test,9.087379911046622,14.435832753803503,15.14377872922134,0.029699299496415296,23.523212664850124,0.9997319617276773,0
cleanStatic,13,454.25,0,0,test,1.4119800263387234,0.8958591296189109,0.8061031934627719,0.014607457842565405,2.3078391559576343,0.19488517399201394,0
cleanStatic,16,454.25,0,0,test,3.4694484106182317,1.4919751499683838,0.45169991410617966,0.012662786801475472,4.961423560586615,0.5793937480850325,0
cleanStatic,19,454.25,0,0,test,1.8584016077279395,0.6477891467538198,0.26142470699234893,0.014321291435248247,2.5061907544817594,0.22443755607108212,0
cleanStatic,20,454.25,0,0,test,10.011068181102482,3.5276802199862107,4.101572455167057,0.00040770615480011053,13.538748401088693,0.981179331253522,0
cleanStatic,23,454.25,0,0,test,0.9232065148032469,4.908597751284784,0.9015249672264947,0.010198219172552694,5.831804266088031,0.6770693066365228,0
cleanStatic,30,454.25,0,0,test,1.1149490812412122,2.2884702965363277,4.727089762886834,0.00655640288334403,3.40341937777754,0.3619508036200148,0
cleanStatic,3,454.75,0,0,test,1.6512540972002254,0.8780266829047079,0.3568001255617906,0.008344155137050254,2.5292807801049335,0.22792098440943148,0
cleanStatic,6,454.75,0,0,test,10.952044242156612,1.0683562795276405,0.512270699616391,0.008210476972506521,12.020400521684252,0.9654906870409041,0
cleanStatic,7,454.75,0,0,test,0.20966245333406827,3.4931888256998915,5.825367279768295,0.017670185465227747,3.70285127903396,0.4070602939272641,0
cleanStatic,8,454.75,0,0,test,10.878912926344455,25.535568523905507,2.9875648586208343,0.0001837954208577917,36.414481450249966,0.9999992153223769,0
cleanStatic,10,454.75,0,0,test,5.593376722405115,2.959782416887648,5.007709220497432,0.005336819007730336,8.553159139292763,0.871729690472546,0
cleanStatic,11,454.75,0,0,test,0.5557803343285257,21.79883000873125,16.269594978290566,0.013827883365243371,22.354610343059775,0.999551751307138,0
cleanStatic,13,454.75,0,0,test,0.8436691471692913,1.224922933030857,0.8463138432558458,0.011890621321607136,2.0685920802001485,0.1604250574009421,0
cleanStatic,16,454.75,0,0,test,5.587956517204075,1.6347278326728767,0.3499028709767873,0.013355883182208301,7.2226843498769515,0.7954012258974331,0
cleanStatic,19,454.75,0,0,test,1.3909589227984374,3.4690766105785835,0.6451347629468178,0.011797306929729108,4.860035533377021,0.5668004754537843,0
cleanStatic,20,454.75,0,0,test,9.528976369357785,4.797167835385603,3.8423005844281835,6.169710337917168e-06,14.32614420474339,0.9863348116567567,0
cleanStatic,23,454.75,0,0,test,1.148680072147499,1.9110178768540402,1.1786363956306662,0.0070061771586891535,3.0596979490015395,0.30921751144446874,0
cleanStatic,30,454.75,0,0,test,0.37941796593496224,11.912151421861347,107.42632239138777,0.0011763917839148577,12.29156938779631,0.9689961910121566,0
cleanStatic,3,455.25,0,0,test,0.8910696513883164,1.1615912505628967,1.036551875756691,0.005431533659835598,2.052660901951213,0.15818852659209745,0
cleanStatic,6,455.25,0,0,test,10.922760589823735,2.125540903748138,0.2731290413090132,0.0034846389601875588,13.048301493571874,0.9770696890655135,0
cleanStatic,7,455.25,0,0,test,0.35323876527084014,2.417810539739777,0.4088910016518979,0.021856178158097872,2.7710493050106173,0.2647678517025359,0
cleanStatic,8,455.25,0,0,test,21.744105726728122,8.045614962026598,3.9460685428490514,0.0012243940464133456,29.78972068875472,0.9999837772262686,0
cleanStatic,10,455.25,0,0,test,5.758094639877174,0.9396777971875087,0.6070651048461897,0.00471695569568427,6.697772437064683,0.7558950647782572,0
cleanStatic,11,455.25,0,0,test,0.679429975633712,56.596731850407814,138.48117361115726,0.012459277114939566,57.27616182604152,0.999999999955643,0
cleanStatic,13,455.25,0,0,test,0.5267253805125761,1.2601073804784013,0.7711045806333539,0.012528489415840949,1.7868327609909773,0.1222161866589235,0
cleanStatic,16,455.25,0,0,test,4.259637257695638,1.8566029620229911,0.4963977885182483,0.020478451896729175,6.1162402197186285,0.7049279677823724,0
cleanStatic,19,455.25,0,0,test,0.12663532457444399,2.4300629653145136,0.5874870423309742,0.013141156900282128,2.5566982898889576,0.2320669669698384,0
cleanStatic,20,455.25,0,0,test,8.48411802782985,5.9143079120064,4.456259208048898,0.0009194215612553302,14.39842593983625,0.9867328603680839,0
cleanStatic,23,455.25,0,0,test,1.7895529335742868,1.2124727570535483,0.49679726631605065,0.011672845272018166,3.002025690627835,0.30032648573486476,0
cleanStatic,30,455.25,0,0,test,0.3802689879351558,42.37151612355396,8.13394018941119,0.0015156500445143778,42.75178511148911,0.9999999585119699,0
cleanStatic,3,455.75,0,0,test,0.7995176866624948,0.8681886988333,0.4300571196256568,0.006825658982479244,1.6677063854957948,0.10705717639061765,0
cleanStatic,6,455.75,0,0,test,10.896116807101437,0.23005842741301488,0.25969799827924767,0.0027335858456966665,11.126175234514452,0.9510650974123416,0
cleanStatic,7,455.75,0,0,test,1.0573806138315776,1.713484236692338,0.18985603358282402,0.016947315085540073,2.7708648505239157,0.2647395431901224,0
cleanStatic,8,455.75,0,0,test,13.228530452879312,13.5629689691834,2.7082928978875285,0.003255581173858436,26.791499422062714,0.9999373697889142,0
cleanStatic,10,455.75,0,0,test,7.345745670317204,4.557685567606456,1.5387151603598783,0.0069864828336566156,11.90343123792366,0.9638647756495701,0
cleanStatic,11,455.75,0,0,test,0.9707650865682556,27.126665971412276,32.81988780239897,0.026983294646057098,28.097431057980533,0.9999651632597051,0
cleanStatic,13,455.75,0,0,test,0.7981123716853364,1.8832746446245996,0.48743306023685146,0.012942483827384822,2.681387016309936,0.25103629436750674,0
cleanStatic,16,455.75,0,0,test,5.48010178763801,1.4324499867815657,0.5529885625364425,0.015376316629094396,6.912551774419576,0.7727743885898203,0
cleanStatic,19,455.75,0,0,test,0.38542376019616575,0.4763610996413271,0.7123831761307655,0.010206491833582009,0.8617848598374929,0.027073703484524436,0
cleanStatic,20,455.75,0,0,test,8.376354080512098,12.214648641798416,11.100416909706988,0.0014917192442200273,20.591002722310513,0.9990324256849378,0
cleanStatic,23,455.75,0,0,test,1.6459804703828995,1.8505290368103071,1.8000005835280355,0.009784914333390349,3.4965095071932066,0.37608415045861027,0
cleanStatic,30,455.75,0,0,test,2.304952036961704,11.072692424727471,2.9915176457636643,0.004628033474844377,13.377644461689176,0.9799145015601524,0
cleanStatic,3,456.25,0,0,test,0.2565143959797042,3.2111080031033468,1.0047652759635046,0.009733817660724602,3.467622399083051,0.37170766432579383,0
cleanStatic,6,456.25,0,0,test,11.430937280566168,0.4980541975160865,0.31001701204599064,0.005954695134766062,11.928991478082255,0.9642261773141512,0
cleanStatic,7,456.25,0,0,test,0.594189169024336,3.0307042244075535,0.17627661098005676,0.02036244160219198,3.6248933934318894,0.3954204218815275,0
cleanStatic,8,456.25,0,0,test,12.644366093873897,6.830047434135184,7.7831902040236365,0.0022304040970290715,19.47441352800908,0.9984323181914012,0
cleanStatic,10,456.25,0,0,test,8.533190162436595,0.37464261003595156,2.5867733348621997,0.002890689551549277,8.907832772472547,0.8872026462952622,0
cleanStatic,11,456.25,0,0,test,0.45987333924297374,98.03570688780634,42.97748179488523,0.04906870089697778,98.49558022704932,1.0,1
cleanStatic,13,456.25,0,0,test,0.9971824077512755,1.2677533754929884,0.5501798607296383,0.011651630987544478,2.264935783244264,0.18859715977298552,0
cleanStatic,16,456.25,0,0,test,4.245296084892301,0.9810276428535224,0.5964334698274516,0.019277526832595433,5.226323727745823,0.611111535314945,0
cleanStatic,19,456.25,0,0,test,0.25515003993615865,0.5371140425095783,0.33618593841513833,0.011280300023626734,0.792264082445737,0.022475861464529324,0
cleanStatic,20,456.25,0,0,test,8.385963784927121,40.42507454239801,12.281663296850343,0.0017867713150971872,48.81103832732513,0.9999999975743801,0
cleanStatic,23,456.25,0,0,test,0.7804369337826172,1.429824294201975,0.9275136134744478,0.012277722272582935,2.210261227984592,0.18064757697129336,0
cleanStatic,30,456.25,0,0,test,6.224890517802402,10.078181871827153,1.6357124317104372,9.229763657238394e-05,16.303072389629556,0.9939699933993664,0
cleanStatic,3,456.75,0,0,test,2.0239350561801706,1.7412525180436977,0.731702844058361,0.007085783423770466,3.7651875742238685,0.4163063336813602,0
cleanStatic,6,456.75,0,0,test,11.065647257205027,1.0455163345581067,0.555225578030831,0.0025622309567470505,12.111163591763134,0.9667040742787243,0
cleanStatic,7,456.75,0,0,test,0.237960357712281,2.284292841669462,1.6979120530362688,0.015199307025209151,2.5222531993817427,0.2268599705836832,0
cleanStatic,8,456.75,0,0,test,12.464266575547962,6.9874723925176925,5.391495849125831,0.0011102022544494871,19.451738968065655,0.9984169439667069,0
cleanStatic,10,456.75,0,0,test,6.9400652915316385,0.8302785016006841,2.415391511557665,0.003313645275594584,7.770343793132323,0.8306451236388817,0
cleanStatic,11,456.75,0,0,test,1.0264761749818891,61.776115035969056,59.55281647550845,0.009262358860029695,62.80259121095094,0.9999999999968014,1
cleanStatic,13,456.75,0,0,test,0.9467424476725318,0.8186309831267667,0.5959961486397306,0.015067994852106116,1.7653734307992985,0.11943693182199908,0
cleanStatic,16,456.75,0,0,test,3.9265477394866597,0.677515262934697,1.0483307842746146,0.017201592864774976,4.6040630024213565,0.5339179725469203,0
cleanStatic,19,456.75,0,0,test,0.17004596903516253,0.5751571048721094,0.418427026797172,0.011309553877408203,0.7452030739072719,0.019603969298313234,0
cleanStatic,20,456.75,0,0,test,7.3890851125450006,9.468266337724286,2.579313394038954,0.00019703536055473012,16.857351450269284,0.9952215679286571,0
cleanStatic,23,456.75,0,0,test,0.8184105229944337,1.5461888746225565,0.7323655544972051,0.008354544207238794,2.36459939761699,0.20326596547538167,0
cleanStatic,30,456.75,0,0,test,0.04469103735334187,7.667795572523818,7.109578109266487,0.00045320341653646906,7.71248660987716,0.8271908729616214,0
cleanStatic,3,457.25,0,0,test,1.6876443817903217,1.6119705027600197,0.35455128940584224,0.006261912290794115,3.2996148845503415,0.34609935609964265,0
cleanStatic,6,457.25,0,0,test,12.44292752345634,0.3390079719471633,10.730196108187537,0.00046976577696111597,12.781935495403504,0.9744897440472821,0
cleanStatic,7,457.25,0,0,test,0.2807949403267399,0.48274417475649883,0.3961724061791891,0.02036801611506224,0.7635391150832387,0.020699588879038645,0
cleanStatic,8,457.25,0,0,test,12.98713014616608,14.860339402270725,6.30028297741329,0.004258938817667606,27.847469548436806,0.9999610152439498,0
cleanStatic,10,457.25,0,0,test,6.487432340806266,2.95213482319873,0.6603900930578618,0.0059304764505005774,9.439567164004997,0.9072355760654407,0
cleanStatic,11,457.25,0,0,test,0.6098647570225402,33.27809128327191,24.49506441119111,0.01334882914148853,33.887956040294455,0.9999974935292625,0
cleanStatic,13,457.25,0,0,test,1.228190660107034,2.213344277922022,1.2148470374864704,0.015567225356453353,3.441534938029056,0.36774798939325987,0
cleanStatic,16,457.25,0,0,test,3.9033166678128213,0.28527518958512477,2.1719219456949266,0.019368061908245762,4.188591857397946,0.47740470600298385,0
cleanStatic,19,457.25,0,0,test,0.5643505003015193,0.3819084830683508,0.5487122017920204,0.01386846543820172,0.9462589833698701,0.0332171436611353,0
cleanStatic,20,457.25,0,0,test,9.223107122967214,7.310057644732919,2.4050521275692005,0.0013956655987219552,16.533164767700132,0.9945242126480106,0
cleanStatic,23,457.25,0,0,test,2.59897911167617,1.5771000161510011,0.8308054157513507,0.007277868103183387,4.176079127827171,0.4756464327420552,0
cleanStatic,30,457.25,0,0,test,0.4399297904551663,5.542298359548044,3.4483340220430017,4.0608202093746314e-05,5.982228150003211,0.6920479598901854,0
cleanStatic,3,457.75,0,0,test,0.5674203734894243,1.3660966078534484,0.5258221444655962,0.005315597840458619,1.9335169813428728,0.14173434280215458,0
cleanStatic,6,457.75,0,0,test,12.764482366020372,0.4158795537369319,0.19449988866112358,0.006302950289720425,13.180361919757305,0.9782540497438461,0
cleanStatic,7,457.75,0,0,test,0.6024235922816682,0.8831474053637086,0.33183062293875987,0.01741623849783076,1.4855709976453768,0.08527111282620348,0
cleanStatic,8,457.75,0,0,test,13.131788140158465,6.6318574783755535,10.826079475815797,0.002761581519418883,19.763645618534017,0.9986160139161843,0
cleanStatic,10,457.75,0,0,test,7.170530071018946,3.0664673328928553,0.5603849554312634,0.003533404002291636,10.2369974039118,0.9312081272611958,0
cleanStatic,11,457.75,0,0,test,1.233645826470974,24.130331031022173,46.27403671171591,0.0011474376772020976,25.363976857493146,0.9998814994843335,0
cleanStatic,13,457.75,0,0,test,0.7975278682802462,0.8259524215184585,0.7091619682914675,0.016916427575201443,1.6234802897987048,0.1016046028883971,0
cleanStatic,16,457.75,0,0,test,3.06229397507828,0.4028485356189576,0.5849814670866175,0.015010596384353403,3.4651425106972376,0.371331549664479,0
cleanStatic,19,457.75,0,0,test,0.8841561385426266,0.41724290356614957,0.7513081128182972,0.01165396438657608,1.3013990421087762,0.06521234718480402,0
cleanStatic,20,457.75,0,0,test,5.3579306700396945,10.645043231894281,6.093076298898908,0.00044814049839677554,16.002973901933977,0.9931644115739087,0
cleanStatic,23,457.75,0,0,test,0.672315234281811,1.4537171357334386,0.9115845357390417,0.007127032962587035,2.1260323700152495,0.1685544277307937,0
cleanStatic,30,457.75,0,0,test,1.7709432987457019,4.822130991386469,3.1845377547154965,0.002771235114190235,6.593074290132171,0.7472953386001315,0
cleanStatic,3,458.25,0,0,test,1.0867110250797893,3.7566454040677035,0.7814328885011933,0.005466453453591758,4.843356429147493,0.5647050637336262,0
cleanStatic,6,458.25,0,0,test,16.756816547129695,2.9334490560411903,4.6296658479624,0.002591688017422566,19.690265603170886,0.99857151802952,0
cleanStatic,7,458.25,0,0,test,0.8228233279538741,0.5401033911715541,0.4223971452222258,0.011081763110147103,1.3629267191254284,0.07167467182526437,0
cleanStatic,8,458.25,0,0,test,12.847875504268965,19.464808551767295,39.51326035239756,0.002360025615971502,32.31268405603626,0.999994848498843,0
cleanStatic,10,458.25,0,0,test,6.4656984757922515,0.921140316470807,2.8011077475245902,0.003777414187169227,7.386838792263059,0.8065768123405507,0
cleanStatic,11,458.25,0,0,test,0.6450495854431122,38.86632020405201,22.695593670395837,0.0189823858216991,39.51136978949512,0.9999998126486946,0
cleanStatic,13,458.25,0,0,test,0.5825617194552987,1.147880370574341,0.7006495038983085,0.012815286129642613,1.7304420900296398,0.11495752531376327,0
cleanStatic,16,458.25,0,0,test,4.274061445726857,0.11850590265061259,0.3473389533259701,0.015353488789725069,4.39256734837747,0.5056150827794006,0
cleanStatic,19,458.25,0,0,test,6.387033993987599,1.2706214623971122,0.5357349039118429,0.00808753580203825,7.657655456384711,0.8238604474540184,0
cleanStatic,20,458.25,0,0,test,5.3367471200239285,8.998603653847766,117.38669389107709,0.004227148399027352,14.335350773871696,0.9863861459805429,0
cleanStatic,23,458.25,0,0,test,1.5180258596545646,1.1666579036437181,0.839430780939978,0.0075945385231752285,2.684683763298283,0.2515400271999794,0
cleanStatic,30,458.25,0,0,test,0.7236847088227806,13.096690045897287,134.2372049367147,0.00012526500558383269,13.820374754720067,0.9832084079816847,0
cleanStatic,3,458.75,0,0,test,0.7249543557794408,2.8295479459651505,0.7175711018050233,0.005397161023475338,3.5545023017445914,0.3848427391238312,0
cleanStatic,6,458.75,0,0,test,15.702159633974214,2.3271588453139676,0.04707008778610163,0.0032747476941064795,18.029318479288182,0.9970901160544625,0
cleanStatic,7,458.75,0,0,test,1.982039394596605,0.1855905091758161,0.25620554791921596,0.014403369071574171,2.167629903772421,0.17450235719474763,0
cleanStatic,8,458.75,0,0,test,12.792752728345372,12.532880734254004,7.139705049332255,0.00407262487886352,25.325633462599377,0.9998794588583915,0
cleanStatic,10,458.75,0,0,test,7.177754768770431,4.077677427348547,5.119071224501833,0.003456829204921407,11.255432196118978,0.9534557660743799,0
cleanStatic,11,458.75,0,0,test,4.315449542532409,22.526139663059865,24.212161830923893,0.003873498339265641,26.841589205592275,0.999938759781337,0
cleanStatic,13,458.75,0,0,test,0.45798029588551514,2.5839785996080873,0.71087660527678,0.012732018995791657,3.0419588954936025,0.30648308630211646,0
cleanStatic,16,458.75,0,0,test,3.138662830589621,0.3257459228739764,0.25242409835752244,0.01865677460361021,3.4644087534635974,0.3712202516514448,0
cleanStatic,19,458.75,0,0,test,0.7209254068534902,0.8333567329964972,0.6786939597383533,0.009042290745008353,1.5542821398499873,0.0932780571695265,0
cleanStatic,20,458.75,0,0,test,6.715403126414688,21.7080952040533,242.67220264190362,0.0005505954105370467,28.42349833046799,0.9999699227849241,0
cleanStatic,23,458.75,0,0,test,2.1371458946791684,1.0833899483397869,1.215372784047521,0.008490566859123498,3.220535843018955,0.333972184981233,0
cleanStatic,30,458.75,0,0,test,0.7883889965786944,6.752104027045478,4.939232943469782,2.753231513692747e-05,7.5404930236241725,0.8165555098463017,0
cleanStatic,3,459.25,0,0,test,1.2795815694624209,3.2173412579529725,0.38087868329643837,0.008979702472181574,4.496922827415394,0.5197047411866025,0
cleanStatic,6,459.25,0,0,test,18.405080107915296,0.629354576621324,0.24073088142944668,0.003788511162364421,19.03443468453662,0.9981060452442047,0
cleanStatic,7,459.25,0,0,test,0.22444051098901743,1.005300745497864,0.31476266792700036,0.012827773175951612,1.2297412564868815,0.058007528193235805,0
cleanStatic,8,459.25,0,0,test,13.41230040669417,7.183187372586721,9.392175381950135,0.0001827191569906022,20.59548777928089,0.9990343066366185,0
cleanStatic,10,459.25,0,0,test,6.630683418814797,1.7864230940042314,3.7061692499900976,0.0038580185968875636,8.417106512819029,0.8653029828893054,0
cleanStatic,11,459.25,0,0,test,1.0959176447994334,25.318642210133792,33.94044318184255,0.0025432365445825196,26.414559854933223,0.999925856932153,0
cleanStatic,13,459.25,0,0,test,0.2266103038649454,1.5266482197908107,0.6745787773255241,0.01819466436815569,1.753258523655756,0.11787704494776294,0
cleanStatic,16,459.25,0,0,test,3.708577155975273,0.774490132541647,0.3080087160463443,0.020056272920907753,4.48306728851692,0.5178478313109398,0
cleanStatic,19,459.25,0,0,test,0.7321980005890131,0.7146052049531537,0.9855083101612315,0.01801081680211648,1.446803205542167,0.08087413828637766,0
cleanStatic,20,459.25,0,0,test,5.8956417975490805,9.658817875752927,15.963628532005329,1.5927802371316615e-06,15.554459673302008,0.9917617835784718,0
cleanStatic,23,459.25,0,0,test,1.7761640961859133,1.0352505030324708,0.8493948811434207,0.009167759571746266,2.8114145992183843,0.27096764018014224,0
cleanStatic,30,459.25,0,0,test,1.7865239791720406,6.4891815046004835,4.4392573246305504,0.003346216871901618,8.275705483772525,0.8583187143628809,0
cleanStatic,3,459.75,0,0,test,2.401728743876933,4.882188066400514,0.6827805691850194,0.007665845207486052,7.2839168102774465,0.7996332070362872,0
cleanStatic,6,459.75,0,0,test,16.18198916092762,0.2571916591515697,1.9043316202124452,0.003854444319136559,16.43918082007919,0.9943041120683664,0
cleanStatic,7,459.75,0,0,test,0.23951398563876997,0.12467868632621155,0.6104680967190117,0.018171407975624134,0.3641926719649815,0.0037412632663322886,0
cleanStatic,8,459.75,0,0,test,12.878714445823112,8.119045499701945,4.234446511362899,7.09235138505806e-05,20.997759945525058,0.999189150626136,0
cleanStatic,10,459.75,0,0,test,6.256195244855791,7.290873942341823,1.683521452924934,0.007458183950848486,13.547069187197614,0.9812425310966691,0
cleanStatic,11,459.75,0,0,test,0.5535207556641362,9.540761319965156,28.97627180823654,0.010309109146246448,10.094282075629293,0.9273925406838868,0
cleanStatic,13,459.75,0,0,test,0.9472908426374808,2.2356595344495758,0.5540118497741557,0.012217413862836224,3.1829503770870566,0.3281960800107152,0
cleanStatic,16,459.75,0,0,test,3.9317489723769787,0.800535059168453,0.22027065469426513,0.020670293637855785,4.732284031545432,0.5505818695574143,0
cleanStatic,19,459.75,0,0,test,2.121728483450896,0.9948709899462522,0.33077186843170353,0.00835361854834699,3.116599473397148,0.31798485136878213,0
cleanStatic,20,459.75,0,0,test,4.6406698194329055,17.45635116183315,11.673204981841321,0.0003831082827533535,22.097020981266056,0.9994981778487134,0
cleanStatic,23,459.75,0,0,test,1.9630599964561017,0.9600383565073185,0.7957916439221212,0.009536319205228943,2.9230983529634202,0.28815941562814446,0
cleanStatic,30,459.75,0,0,test,0.5137072967026555,3.9721634756833444,2.6902275952405823,0.0008496602434924853,4.485870772386,0.5182238966717055,0
cleanStatic,3,460.25,0,0,test,0.03161894870056848,5.322776720638836,0.7689885470930101,0.004565830385621503,5.354395669339405,0.6258238698896079,0
cleanStatic,6,460.25,0,0,test,16.78252491636155,0.5892489126801314,0.7450547135958702,0.0025934186523180907,17.37177382904168,0.996153891534149,0
cleanStatic,7,460.25,0,0,test,1.7179372126860761,0.5488982062308458,0.40103075928428294,0.01755888781773174,2.266835418916922,0.18887467401312735,0
cleanStatic,8,460.25,0,0,test,12.931137310113339,5.0846049288165105,25.411873952872536,0.00130445196328575,18.01574223892985,0.9970732602377759,0
cleanStatic,10,460.25,0,0,test,9.162283405536773,3.627085614455376,8.099455629192295,0.00015980174045133403,12.789369019992149,0.97456537489212,0
cleanStatic,11,460.25,0,0,test,2.149856128366362,26.899110537819755,120.17218036365762,0.02342791397850699,29.048966666186118,0.9999773197064868,0
cleanStatic,13,460.25,0,0,test,0.2534968557710922,1.8687769759292425,1.1496755086617785,0.013651031605465736,2.1222738317003347,0.16801945399963464,0
cleanStatic,16,460.25,0,0,test,4.459361466488331,1.218093806893597,0.3147491105000469,0.02231322899737858,5.677455273381928,0.6611207318258864,0
cleanStatic,19,460.25,0,0,test,0.34210911381018344,0.9955248391840166,0.6527358837307699,0.00842155741646052,1.3376339529942,0.06898805208868314,0
cleanStatic,20,460.25,0,0,test,4.849488308104739,15.153051827581242,23.340310027025705,0.0030521225070725593,20.002540135685983,0.998751640355029,0
cleanStatic,23,460.25,0,0,test,1.027593798647836,1.1608453704082313,0.7561079399561231,0.008381869644737713,2.1884391690560676,0.17749590578468308,0
cleanStatic,30,460.25,0,0,test,0.4144125060030351,10.730758378064634,7.367033224462613,0.003415767673410764,11.145170884067669,0.9514235550008195,0
cleanStatic,3,460.75,0,0,test,0.1131138297270796,5.120143827156469,0.9429666034999149,0.0071286912127147455,5.2332576568835485,0.6119185102471381,0
cleanStatic,6,460.75,0,0,test,22.21873852388413,2.5957359465216077,0.5556519023290057,0.004485371732497521,24.814474470405738,0.9998486915836144,0
cleanStatic,7,460.75,0,0,test,0.9392725443826726,1.2252560150278187,0.6244014945008872,0.02242434120284255,2.164528559410491,0.1740572217963042,0
cleanStatic,8,460.75,0,0,test,11.407799455768238,8.566717005804838,10.13011371310129,0.0005006342114274836,19.974516461573074,0.998736433694311,0
cleanStatic,10,460.75,0,0,test,5.8650009593561325,0.9240817645797987,1.263510659711077,0.0019888745129419813,6.789082723935931,0.7631950085954838,0
cleanStatic,11,460.75,0,0,test,1.201100091602367,24.412507652530902,44.93640010050242,0.035404304958168493,25.61360774413327,0.9998939735182798,0
cleanStatic,13,460.75,0,0,test,1.5039040986287047,1.1574381169127919,1.034466799897136,0.014785972638438958,2.6613422155414965,0.2479756747884599,0
cleanStatic,16,460.75,0,0,test,3.880012509438194,1.5615321486787392,0.8733822719923914,0.02114382385660788,5.441544658116934,0.635601694890987,0
cleanStatic,19,460.75,0,0,test,0.33349548397663853,0.8615366890984621,0.41507761274490934,0.011576316767525182,1.1950321730751008,0.05464692774399581,0
cleanStatic,20,460.75,0,0,test,3.9831211507450908,11.428000842989984,10.62122647197569,6.628493588729135e-06,15.411121993735076,0.991257196845574,0
cleanStatic,23,460.75,0,0,test,1.0187068908333172,1.245090914287928,0.7549120837378164,0.009455961105325204,2.2637978051212455,0.18843095561579476,0
cleanStatic,30,460.75,0,0,test,1.3112789002497995,5.784138504477347,89.96517184985326,0.0005950992556678035,7.095417404727146,0.7863598274498046,0
cleanStatic,3,461.25,0,0,test,0.9340977188889487,5.544687270949423,0.9046065500721319,0.005929769563619603,6.478784989838371,0.7376235823393815,0
cleanStatic,6,461.25,0,0,test,13.717456418810306,4.5529474128385425,9.606198136062275,0.003447787238623995,18.27040383164885,0.997374075105371,0
cleanStatic,7,461.25,0,0,test,0.44146942672367195,1.360499485280776,0.8507876773995288,0.02249484679753073,1.801968912004448,0.12418875838293683,0
cleanStatic,8,461.25,0,0,test,10.889252141144157,7.367981196476642,1108.6655562031574,0.002398779490665024,18.2572333376208,0.9973592894366,0
cleanStatic,10,461.25,0,0,test,3.912536587864731,1.0066955838855391,8.432338085407546,0.0037817827093848165,4.91923217175027,0.574183397006154,0
cleanStatic,11,461.25,0,0,test,4.931435349918143,25.907195261714335,34.98288758123636,0.0069972075693333835,30.838630611632478,0.999989919888312,0
cleanStatic,13,461.25,0,0,test,0.8915919509250315,0.9783581454309838,0.5139650317315102,0.013046766615807082,1.8699500963560154,0.1331686238987415,0
cleanStatic,16,461.25,0,0,test,3.7987880700996426,0.6438986025449035,0.7804222437628052,0.01885043495618317,4.442686672644546,0.5124118085022038,0
cleanStatic,19,461.25,0,0,test,1.1055942253962865,0.81034283964857,0.6691900284969827,0.020422635090670962,1.9159370650448566,0.1393497823379901,0
cleanStatic,20,461.25,0,0,test,4.5941810444333475,8.432759113808943,8.822282615775478,0.00012611175241863717,13.02694015824229,0.9768723866110661,0
cleanStatic,23,461.25,0,0,test,1.2414878834794245,1.1105177333223082,0.7719605096499124,0.009471754069556063,2.3520056168017325,0.20140068301307687,0
cleanStatic,30,461.25,0,0,test,0.9551850880750434,15.99864928066876,5.796036659669316,0.003560868127751851,16.953834368743802,0.9954118113309814,0
cleanStatic,3,461.75,0,0,test,1.5271503212080233,9.027618366395057,1.1395528246740423,0.005889732619616252,10.55476868760308,0.939041774596634,0
cleanStatic,6,461.75,0,0,test,14.843378912045814,0.5367374876142134,0.8627501666780468,0.0076667597926635515,15.380116399660027,0.9911441623275968,0
cleanStatic,7,461.75,0,0,test,0.9876600838257406,0.3677111278742454,0.32224027835301355,0.01372293851945669,1.3553712116999859,0.0708677766366226,0
cleanStatic,8,461.75,0,0,test,9.498926584758122,6.809434211019108,10.571666803047288,2.921900801851976e-06,16.30836079577723,0.9939833249958018,0
cleanStatic,10,461.75,0,0,test,4.291806177153325,0.9540273187147226,1.0630772489019589,0.005076305232571362,5.245833495868048,0.6133790497965357,0
cleanStatic,11,461.75,0,0,test,0.47190368142472544,9.971972887006585,56.57892004838247,0.0012781615744758808,10.44387656843131,0.9364081259943804,0
cleanStatic,13,461.75,0,0,test,0.7340560682298274,1.0220564285840799,0.6741563015947899,0.010626197051423049,1.7561124968139072,0.1182439151672077,0
cleanStatic,16,461.75,0,0,test,4.434837334294135,0.2687561347183533,2.293186876511676,0.01939178072255422,4.703593469012489,0.5468864102056052,0
cleanStatic,19,461.75,0,0,test,1.3481766894088347,0.8548558064595122,0.7089678658093387,0.016007696175170286,2.2030324958683467,0.17960217657880245,0
cleanStatic,20,461.75,0,0,test,4.4300162033238175,4.733231477528541,11.063605160656675,2.396175527372545e-05,9.163247680852358,0.8972727416576353,0
cleanStatic,23,461.75,0,0,test,1.522213080433414,1.0517550053285998,1.199418052811708,0.010459390523164509,2.5739680857620137,0.23468355571884086,0
cleanStatic,30,461.75,0,0,test,0.3878528517871713,18.12300857118445,6.766893569611465,0.0016024474906819748,18.510861422971622,0.997630184616993,0
cleanStatic,3,462.25,0,0,test,0.9214408246919663,4.941696539589802,0.584858445660177,0.008720670715929928,5.8631373642817675,0.6802350985465988,0
cleanStatic,6,462.25,0,0,test,11.574530312145521,5.371813016559615,0.06998699220832567,0.005155865426554046,16.946343328705137,0.9953973094599934,0
cleanStatic,7,462.25,0,0,test,0.5569517520910731,0.385832993974906,0.6151775587735702,0.019728753186717414,0.9427847460659791,0.03295268007151547,0
cleanStatic,8,462.25,0,0,test,9.862842380987487,20.14724806658987,9.019858178020028,0.0024984327937012493,30.010090447577358,0.9999853187132577,0
cleanStatic,10,462.25,0,0,test,7.87446573159526,3.614860460871682,1.063488501713864,0.0050333992380123625,11.489326192466942,0.9575036379715608,0
cleanStatic,11,462.25,0,0,test,0.8096301044082197,17.140982669795896,48.712853592200275,0.013626309430341736,17.950612774204117,0.9969910583951759,0
cleanStatic,13,462.25,0,0,test,5.050984582358574,1.9417955824079742,0.8024845872639341,0.014367012379903073,6.992780164766549,0.7788221897151653,0
cleanStatic,16,462.25,0,0,test,4.673202749758411,0.4377128072434555,0.9217285821955071,0.013820515639614343,5.110915557001866,0.5975054619858544,0
cleanStatic,19,462.25,0,0,test,1.7634168925794576,0.4953261190572384,0.5689430303269577,0.013002723201381686,2.258743011636696,0.18769306459796162,0
cleanStatic,20,462.25,0,0,test,4.292670872087574,4.674725893035057,5.176537148531507,0.0010346835954428571,8.967396765122631,0.8896283209496668,0
cleanStatic,23,462.25,0,0,test,0.8374333016221335,0.9891993776088852,1.0053286956354917,0.00907369199853616,1.8266326792310186,0.12742423233498182,0
cleanStatic,30,462.25,0,0,test,0.35938207622062746,10.282530491450604,4.879980937427059,0.0010436549321363212,10.641912567671232,0.9410393257577707,0
cleanStatic,3,462.75,0,0,test,0.8915496730606011,5.463503188738408,0.5012124373748783,0.004321268958603309,6.35505286179901,0.7268128671436321,0
cleanStatic,6,462.75,0,0,test,9.476675938637934,1.0435764570486026,0.13811744358120656,0.002365890700808598,10.520252395686537,0.9382331795000869,0
cleanStatic,7,462.75,0,0,test,0.43288688578733464,0.9294884746871847,0.24059158547713277,0.015500453643461972,1.3623753604745192,0.07161566475312287,0
cleanStatic,8,462.75,0,0,test,10.817937554232083,12.277246142917567,10.539512380378532,0.0010558234229960713,23.09518369714965,0.9996762887110677,0
cleanStatic,10,462.75,0,0,test,5.2341313959617635,0.20745888265803958,0.8191409854285921,0.003960993311343962,5.441590278619803,0.6356067637888967,0
cleanStatic,11,462.75,0,0,test,0.0015468065691250199,49.95006165066246,38.361898142521994,0.0035234926659377204,49.951608457231586,0.9999999985822432,0
cleanStatic,13,462.75,0,0,test,0.4128852286752565,1.4428435731691638,0.6186241889721353,0.012494568866567723,1.8557288018444202,0.13127419027476986,0
cleanStatic,16,462.75,0,0,test,3.401909938967069,1.8028701480036815,0.17447834588597588,0.015092532798362363,5.20478008697075,0.6085966653906769,0
cleanStatic,19,462.75,0,0,test,2.113715425832264,0.5878594063604914,0.4286862551626208,0.010480071833330601,2.7015748321927555,0.2541224366579316,0
cleanStatic,20,462.75,0,0,test,5.301767716800582,6.416562460363268,6.913024978280435,0.00016373033292848394,11.71833017716385,0.9611420707590058,0
cleanStatic,23,462.75,0,0,test,0.6841438022723445,1.1802600406032506,0.8738274499628579,0.008566784262334792,1.8644038428755951,0.13242882405922513,0
cleanStatic,30,462.75,0,0,test,1.173206888062775,1.386477648611838,9.747742226918616,0.00029676923337689415,2.559684536674613,0.2325191453759731,0
cleanStatic,3,463.25,0,0,test,0.3110928148463405,4.601995463507059,0.7575435464403438,0.006319924308800577,4.913088278353399,0.573421070745807,0
cleanStatic,6,463.25,0,0,test,10.96080102916766,1.3005066384804123,0.204024247834762,0.002964527917215191,12.261307667648072,0.968622512213888,0
cleanStatic,7,463.25,0,0,test,1.028818649192773,0.8305298953736897,0.29097783465456245,0.021245796211161558,1.8593485445664628,0.1317555988618863,0
cleanStatic,8,463.25,0,0,test,8.069204312239386,14.269037961270392,30.780716891620862,7.592595491652127e-05,22.338242273509778,0.9995485218132406,0
cleanStatic,10,463.25,0,0,test,6.059698776159088,0.24765527919943975,1.0648049318163488,0.0057635674500147475,6.307354055358528,0.7225497852642917,0
cleanStatic,11,463.25,0,0,test,0.029448702232541802,28.795416243829436,53.598961769835135,0.011230417087702131,28.82486494606198,0.999974904124292,0
cleanStatic,13,463.25,0,0,test,1.201698952399941,1.3454117944810948,0.7528174304047195,0.01411645956297548,2.547110746881036,0.23061601387931735,0
cleanStatic,16,463.25,0,0,test,3.4608964585529853,1.1233755325523178,0.8553341943659115,0.018480723608652258,4.584271991105303,0.5313120833298186,0
cleanStatic,19,463.25,0,0,test,0.5774976021832308,0.2017368778758868,0.5981857879507485,0.015196113084093006,0.7792344800591176,0.021661117204603942,0
cleanStatic,20,463.25,0,0,test,5.236700969723742,6.656001954841443,15.168584206008688,0.0005147687355924676,11.892702924565185,0.9637120532599531,0
cleanStatic,23,463.25,0,0,test,0.6768087103818397,1.0774038396836587,0.8328849384774364,0.008870301700625067,1.7542125500654984,0.11799964101050904,0
cleanStatic,30,463.25,0,0,test,1.2247156558336625,8.77398707499816,8.538501811228693,0.00726931621441744,9.998702730831823,0.9247279879625654,0
cleanStatic,3,463.75,0,0,test,0.24374061559882526,5.6130527700347495,0.7959346456970781,0.00598319321347471,5.8567933856335745,0.6795960736233173,0
cleanStatic,6,463.75,0,0,test,10.07611333561845,0.514786291825622,0.3198610135388187,0.006997748136499981,10.590899627444072,0.9398775626251252,0
cleanStatic,7,463.75,0,0,test,1.9557196147045155,2.2175927032898364,0.2494537582655616,0.020659015099200914,4.173312317994352,0.4752572247991179,0
cleanStatic,8,463.75,0,0,test,7.40229984015801,18.49126836885301,13.049220592008476,0.0019104877985985952,25.893568209011022,0.9999064213896192,0
cleanStatic,10,463.75,0,0,test,7.305239042552388,2.7927995863040573,26.241882940494445,0.003450292143184576,10.098038628856445,0.9274954511109449,0
cleanStatic,11,463.75,0,0,test,1.9679278067998487,19.289657634470736,30.16771468294035,0.003392749102978677,21.257585441270585,0.9992758773485668,0
cleanStatic,13,463.75,0,0,test,0.467755083088272,0.9431457686649715,0.701319438016339,0.014201157557945375,1.4109008517532435,0.07688286693591742,0
cleanStatic,16,463.75,0,0,test,3.019568103451273,0.36613868050986775,0.40239724035840074,0.01690099282577761,3.3857067839611408,0.3592522809377269,0
cleanStatic,19,463.75,0,0,test,1.6396671737448958,2.6556470347502836,0.3381955105729248,0.017268674920413795,4.29531420849518,0.49227268079354836,0
cleanStatic,20,463.75,0,0,test,3.4704569001108596,3.500253425499014,2.779098149731106,0.005276573607072962,6.970710325609874,0.7771722514130058,0
cleanStatic,23,463.75,0,0,test,0.6240475385827148,1.0626894696830633,0.7096126234421715,0.007997206734358265,1.6867370082657782,0.10943358425089181,0
cleanStatic,30,463.75,0,0,test,0.3244375621040266,2.6374509073484753,4.360113806910804,0.00019986656494979917,2.961888469452502,0.2941383543613879,0
cleanStatic,3,464.25,0,0,test,0.5403570984633475,3.0034805347841114,0.5221717262217768,0.004802726162475946,3.543837633247459,0.38323493303351913,0
cleanStatic,6,464.25,0,0,test,11.110792997877734,0.7154005451033485,0.2611240002082542,0.003534209577675486,11.826193542981082,0.9627514760089951,0
cleanStatic,7,464.25,0,0,test,0.650444991324568,0.07023925196021823,0.519318643558506,0.01914122270758791,0.7206842432847862,0.0181857826145847,0
cleanStatic,8,464.25,0,0,test,6.363609551761055,6.341706299749042,21.52633089706823,0.0020097607216983627,12.705315851510097,0.9736975349248645,0
cleanStatic,10,464.25,0,0,test,6.678071117477419,1.4328504778706468,0.6303970427524278,0.009071849642341551,8.110921595348065,0.8497724590965832,0
cleanStatic,11,464.25,0,0,test,1.20641711253451,25.243553879387985,25.188609445584248,0.002297763882630979,26.449970991922495,0.9999270222413207,0
cleanStatic,13,464.25,0,0,test,0.7176577734082051,0.25042500811264096,0.49061459117446493,0.011036714865546075,0.9680827815208461,0.034901182304165064,0
cleanStatic,16,464.25,0,0,test,3.02423755672523,1.419097164173667,0.3937166450322808,0.02235587105591766,4.443334720898897,0.5124993320028663,0
cleanStatic,19,464.25,0,0,test,0.9895179000355201,0.16778077209524897,1.1577166128853849,0.01064820361751174,1.157298672130769,0.05109221100860277,0
cleanStatic,20,464.25,0,0,test,3.8295319058470967,5.709359369721672,10.720749990706368,0.000801860637900689,9.53889127556877,0.9105940954515841,0
cleanStatic,23,464.25,0,0,test,0.7560274820062788,0.6904075466815439,0.6485670713707568,0.008179320205963887,1.4464350286878227,0.08083281001477723,0
cleanStatic,30,464.25,0,0,test,1.8478502838949273,2.8465524422806965,5.597469457879841,0.006382192204237493,4.694402726175624,0.5456985295682781,0
cleanStatic,3,464.75,0,0,test,0.9543232140692763,3.185441055303647,0.5555804926845768,0.007136917000020127,4.1397642693729235,0.47052602207338445,0
cleanStatic,6,464.75,0,0,test,11.023604589249615,1.3860398652719643,0.6979054562757482,0.009026739700131464,12.40964445452158,0.9704139842925851,0
cleanStatic,7,464.75,0,0,test,2.5155164820923157,2.0547548538475304,0.3821240319627565,0.02282301220694772,4.570271335939847,0.52946321858167,0
cleanStatic,8,464.75,0,0,test,6.889043078353418,5.884015878514612,8.900652458506121,0.00027642364048780237,12.77305895686803,0.9743991492883651,0
cleanStatic,10,464.75,0,0,test,7.931558524817983,3.665897073573267,1.4631662077382863,0.006532869260291931,11.59745559839125,0.959260120516524,0
cleanStatic,11,464.75,0,0,test,0.3124674292403192,46.00781037263089,18.012306115248943,0.005975816311806065,46.320277801871214,0.9999999921843027,0
cleanStatic,13,464.75,0,0,test,0.7552688286275739,0.9528623672878985,0.45633455467323314,0.011759025173904956,1.7081311959154726,0.1121262210192466,0
cleanStatic,16,464.75,0,0,test,2.822124747589834,0.9397698709977476,0.5073672531411904,0.01893824625095358,3.761894618587582,0.4158193357673972,0
cleanStatic,19,464.75,0,0,test,0.8585677501311183,1.3056212615058136,0.3583297069498485,0.012864879974131785,2.164189011636932,0.1740085027204146,0
cleanStatic,20,464.75,0,0,test,2.7547995135018364,0.8319645104777335,5.135271329400202,0.0005038563530038591,3.58676402397957,0.3896982952075912,0
cleanStatic,23,464.75,0,0,test,0.43415070151641877,1.1068035446767075,1.2447059570863503,0.00971102782547386,1.5409542461931263,0.09170413322093265,0
cleanStatic,30,464.75,0,0,test,0.5037957363850059,2.2374416477354253,2.1688776809896955,0.002682080878465554,2.7412373841204314,0.2601955023480283,0
cleanStatic,3,465.25,0,0,test,0.9858128575081745,5.959112849145084,0.8997500942323625,0.007681432573409415,6.944925706653259,0.7752314158461484,0
cleanStatic,6,465.25,0,0,test,10.694659624212338,0.06177904679442794,0.33420966503489197,0.011521238490319443,10.756438671006766,0.9435712454063651,0
cleanStatic,7,465.25,0,0,test,1.1328524421604087,1.4261503224625176,0.4275752128716249,0.016423036830915734,2.5590027646229263,0.23241590097792755,0
cleanStatic,8,465.25,0,0,test,6.7352300489924986,1.232835717759101,12.151944510868624,0.00032649511216188427,7.968065766751599,0.8419956102935628,0
cleanStatic,10,465.25,0,0,test,7.2565711065708856,1.7382687921534241,0.8102142089827494,0.0016780275222243242,8.99483989872431,0.8907298458779589,0
cleanStatic,11,465.25,0,0,test,0.8535419568341318,17.874156628602716,1237.2706189723644,0.020356701919525596,18.727698585436848,0.9978400242708307,0
cleanStatic,13,465.25,0,0,test,0.7881243250567544,1.4808880147525547,1.157997528459163,0.017607756330998613,2.269012339809309,0.18919280116206544,0
cleanStatic,16,465.25,0,0,test,2.511036653202045,0.7859732152160981,0.43784885720142525,0.021494645335482822,3.2970098684181433,0.3457004988816028,0
cleanStatic,19,465.25,0,0,test,0.8940639392208027,0.8749555676328767,0.5434913803965535,0.01265895052146208,1.7690195068536796,0.1199076921572579,0
cleanStatic,20,465.25,0,0,test,2.741444757104668,3.4455057289972695,4.774948331993773,5.431589610586334e-05,6.186950486101937,0.7115494210279723,0
cleanStatic,23,465.25,0,0,test,1.009249147983966,3.1286166370879473,2.0077688624695456,0.009499315093909392,4.137865785071913,0.4702576251218728,0
cleanStatic,30,465.25,0,0,test,0.6360372849597133,2.6915423978786186,11.613448449837682,0.004075169822893537,3.3275796828383317,0.35037803485898844,0
cleanStatic,3,465.75,0,0,test,0.6662028024820253,2.7161061232551806,0.6112733491937277,0.006670598027202331,3.382308925737206,0.3587343007926355,0
cleanStatic,6,465.75,0,0,test,10.73671307308056,2.6257167292015686,0.34549002330596174,0.008372210809712,13.36242980228213,0.9797909114025135,0
cleanStatic,7,465.75,0,0,test,1.5035292560650098,1.6504769694182584,0.4872476823734452,0.01794605829002096,3.1540062254832684,0.32374364933953464,0
cleanStatic,8,465.75,0,0,test,9.941021953562034,15.628738286524895,9.91722421340197,5.6582777256301335e-05,25.56976024008693,0.9998918807308761,0
cleanStatic,10,465.75,0,0,test,8.713350178154908,4.697690553716288,0.3377858696985531,0.0023621165104493673,13.411040731871196,0.9801832384038192,0
cleanStatic,11,465.75,0,0,test,0.46971521181038206,38.31731379556355,54.701894808299826,0.0011306220381030762,38.78702900737393,0.9999997378854834,0
cleanStatic,13,465.75,0,0,test,0.8203298410805897,1.0154823388476402,0.48612616768083233,0.010067455684220959,1.8358121799282299,0.12863503702361442,0
cleanStatic,16,465.75,0,0,test,2.42547986104384,0.2044627308511137,0.45672999782329193,0.01782547200977701,2.6299425918949537,0.24318923857167368,0
cleanStatic,19,465.75,0,0,test,1.4097273676477382,0.6168329596744245,1.0329502228222833,0.00966610917419717,2.0265603273221626,0.15454216111636904,0
cleanStatic,20,465.75,0,0,test,3.141625301910728,3.036781264463318,3.5980242402658518,0.0015053703983025943,6.178406566374045,0.7107557154711384,0
cleanStatic,23,465.75,0,0,test,1.1218080568184983,1.379411284992963,0.4732009431694192,0.009192612828758252,2.501219341811461,0.22368857536996306,0
cleanStatic,30,465.75,0,0,test,1.0349907225941601,7.77043277688624,3.530115382687267,0.0054026011541664755,8.805423499480401,0.8829185871023568,0
cleanStatic,3,466.25,0,0,test,0.3057583349914798,2.2535584905253754,0.4592436376668437,0.006950276676124278,2.5593168255168552,0.23246346015058234,0
cleanStatic,6,466.25,0,0,test,9.7602769749693,0.6951436010743393,1.2189874165343508,0.006942145921608722,10.455420576043638,0.9366871784574211,0
cleanStatic,7,466.25,0,0,test,0.9464216498271496,3.3501459480091813,0.4029685403504014,0.01626864737471475,4.296567597836331,0.49244590578147546,0
cleanStatic,8,466.25,0,0,test,7.510098810314482,14.433654543906506,6.763107799359251,0.0002696290782127196,21.943753354220988,0.999463353073539,0
cleanStatic,10,466.25,0,0,test,6.315064782221274,6.083806460874,0.7151585784436154,0.0043332104747400325,12.398871243095275,0.9702872365930574,0
cleanStatic,11,466.25,0,0,test,3.077267132301959,47.883255740412,30.84647850523498,0.0062070769342426465,50.96052287271396,0.9999999991188706,0
cleanStatic,13,466.25,0,0,test,1.1814007504465227,1.482702658003128,0.6168279721820745,0.01385416025152816,2.664103408449651,0.2483970524980197,0
cleanStatic,16,466.25,0,0,test,2.9137310384521835,1.3751767638262087,0.3111887069842199,0.017715500387544436,4.288907802278392,0.49138677081007265,0
cleanStatic,19,466.25,0,0,test,0.19267952296037172,2.859662009156046,0.5053275629033129,0.01350478997015565,3.052341532116418,0.30808359001111374,0
cleanStatic,20,466.25,0,0,test,3.177506964912993,4.637769577763552,2.2417802284529613,3.3453538395555818e-06,7.8152765426765445,0.8332857580397702,0
cleanStatic,23,466.25,0,0,test,0.5111854543132439,0.9787314887020252,0.6556580519934839,0.008115776016763434,1.489916943015269,0.08576954461215855,0
cleanStatic,30,466.25,0,0,test,2.0170289170068507,21.528742562604588,4.2361514446433635,0.003918458503751915,23.54577147961144,0.9997346176418764,0
cleanStatic,3,466.75,0,0,test,0.007828228841240795,3.109598249047304,0.624155266396253,0.00696653030658612,3.117426477888545,0.31811221746122414,0
cleanStatic,6,466.75,0,0,test,9.427429911876281,0.8751986515600642,0.6688194692804806,0.00470971285791986,10.302628563436345,0.9328993070986413,0
cleanStatic,7,466.75,0,0,test,0.5240192913542996,1.5933622568012227,1.1731255001465928,0.01864707878913473,2.1173815481555223,0.16732373091805644,0
cleanStatic,8,466.75,0,0,test,7.896104332610884,19.595378602605713,13.202095482307236,0.0007197296686432279,27.491482935216595,0.9999542493593196,0
cleanStatic,10,466.75,0,0,test,5.656763717313783,4.312149411015959,0.3482060762304175,0.002924390869498013,9.968913128329742,0.9238791139817093,0
cleanStatic,11,466.75,0,0,test,0.5115864190465189,13.948156898060002,48.59188093689821,0.01361626314225561,14.459743317106522,0.9870617156466369,0
cleanStatic,13,466.75,0,0,test,1.5609365477578971,2.2858372034440233,0.5312812581344173,0.011652043082306985,3.8467737512019204,0.42831890384582927,0
cleanStatic,16,466.75,0,0,test,3.402681702756219,0.8362530004132286,0.45417373718123744,0.018388755837320196,4.2389347031694475,0.48444712370776,0
cleanStatic,19,466.75,0,0,test,1.0546959191426386,0.48252033177390297,0.7884764901170301,0.01390970239516369,1.5372162509165417,0.09126447686656554,0
cleanStatic,20,466.75,0,0,test,2.2088922655543515,3.1706370232001624,2.1851084401955205,0.0007453922228893536,5.379529288754513,0.62866319779127,0
cleanStatic,23,466.75,0,0,test,0.3155316342062403,1.5807913523785428,1.2300554719811854,0.00988759218915775,1.8963229865847833,0.1367032797305669,0
cleanStatic,30,466.75,0,0,test,0.2512469496423808,13.336516952670305,91.88309506296747,0.0011486681086303634,13.587763902312686,0.9815486920440843,0
cleanStatic,3,467.25,0,0,test,0.452509933921155,3.9274117717751147,0.8124959375051662,0.010097613013789338,4.37992170569627,0.5038915961217839,0
cleanStatic,6,467.25,0,0,test,11.061351491167398,0.8198519721820914,0.3067424636612978,0.010152367497632259,11.88120346334949,0.963547671603501,0
cleanStatic,7,467.25,0,0,test,1.447508375759249,0.859672362133028,0.2249783446859484,0.018774012699474776,2.307180737892277,0.19478836036257516,0
cleanStatic,8,467.25,0,0,test,7.124678385283601,19.98934285426362,14.193895990658092,0.0010787680581473011,27.11402123954722,0.9999458012519403,0
cleanStatic,10,467.25,0,0,test,6.305255220160369,9.93301538112184,3.221597227855234,0.004576919749361805,16.23827060128221,0.9938042772624118,0
cleanStatic,11,467.25,0,0,test,4.571075458303397,18.185613168633992,25.608478802783814,0.0003910503237594295,22.75668862693739,0.9996242994598349,0
cleanStatic,13,467.25,0,0,test,0.5631947335468216,1.2704687384230482,0.9055051830656539,0.014069132729906071,1.83366347196987,0.1283512980849245,0
cleanStatic,16,467.25,0,0,test,2.430832260286815,1.4299266595077722,0.32616352270826565,0.012199113933695221,3.860758919794587,0.43036746788235075,0
cleanStatic,19,467.25,0,0,test,0.42061011446263974,1.194930806624662,0.7665004656351907,0.012510549028190716,1.6155409210873017,0.10063637458852612,0
cleanStatic,20,467.25,0,0,test,1.569457763756951,12.519405229191403,0.9690013447588993,0.0010449253216472606,14.088862992948354,0.9849453085288051,0
cleanStatic,23,467.25,0,0,test,0.24269841042933615,1.269431959859756,1.124907342615415,0.00660159225149347,1.5121303702890923,0.08833425790515483,0
cleanStatic,30,467.25,0,0,test,0.15294268679926357,11.629746112698156,5.619437616480544,1.579545956950645e-05,11.78268879949742,0.9621101244794479,0
cleanStatic,3,467.75,0,0,test,0.4778061921375468,2.644441694159452,0.5169668353967203,0.006423156752901913,3.122247886296999,0.31885471757677936,0
cleanStatic,6,467.75,0,0,test,10.838869185152774,2.651287940540462,2.674991328896291,0.0029436535590120745,13.490157125693235,0.9808061457282279,0
cleanStatic,7,467.75,0,0,test,0.5426913718067322,0.9933407575612884,1.2148020544753635,0.015784323508140127,1.5360321293680206,0.09112536541557545,0
cleanStatic,8,467.75,0,0,test,6.882829877348161,15.660923849279834,8.185587438808486,0.0034303325789306533,22.543753726627997,0.9995874557573757,0
cleanStatic,10,467.75,0,0,test,8.804204072640944,4.486493990979586,1.252600298441145,0.009512179908517653,13.29069806362053,0.9791983081233507,0
cleanStatic,11,467.75,0,0,test,1.509519558957553,16.99910205543249,36.406530766770864,0.029748755625249652,18.508621614390044,0.9976279160011512,0
cleanStatic,13,467.75,0,0,test,0.9380508190730251,1.9801705436006736,0.5083240565822483,0.01497035475026623,2.9182213626736986,0.28740788122008354,0
cleanStatic,16,467.75,0,0,test,4.364385271076932,0.6019442820684284,0.7829025180426482,0.019425515042171177,4.966329553145361,0.5799968004809238,0
cleanStatic,19,467.75,0,0,test,0.9829826046549226,0.4828565791805021,1.2093427094623022,0.011059721211537503,1.4658391838354248,0.08302202238096237,0
cleanStatic,20,467.75,0,0,test,1.8292988227612452,5.292523608247003,8.427004770416278,3.0427467944008553e-05,7.1218224310082485,0.7882632571140011,0
cleanStatic,23,467.75,0,0,test,0.3774452372415654,0.897165086590576,0.5235616783109572,0.005844694942584477,1.2746103238321416,0.062477555568109425,0
cleanStatic,30,467.75,0,0,test,0.48210196801347327,7.48274381148708,15.037925609570712,0.0008732638082250165,7.964845779500553,0.8418162828282871,0
cleanStatic,3,468.25,0,0,test,0.28788405829887087,3.8907314766443175,0.7715083501352198,0.0056841495909393455,4.178615534943188,0.47600309667893537,0
cleanStatic,6,468.25,0,0,test,10.304053263875138,3.0858030610989884,0.6178150576733836,0.005124466820013776,13.389856324974126,0.9800131734393503,0
cleanStatic,7,468.25,0,0,test,0.654617281448471,1.902820641853068,0.35528329975088946,0.022087986261989337,2.557437923301539,0.23217895161798513,0
cleanStatic,8,468.25,0,0,test,5.238315446314368,14.306522043098182,13.855661619779598,0.0013825212030264661,19.54483748941255,0.9984791387966381,0
cleanStatic,10,468.25,0,0,test,6.462249650040758,2.977067137106652,0.809567757042508,0.00048707473568089895,9.43931678714741,0.9072269650633176,0
cleanStatic,11,468.25,0,0,test,1.0873672548386337,16.89849755431981,39.21868239351376,6.324887367927845e-05,17.985864809158443,0.9970358278274939,0
cleanStatic,13,468.25,0,0,test,1.5295094800653566,0.6020969636144332,0.5904595556639846,0.013713036829286686,2.13160644367979,0.16934857733314718,0
cleanStatic,16,468.25,0,0,test,3.325284249964426,1.3029858863671677,0.8355508805436349,0.015996205037298032,4.628270136331594,0.5370931363514494,0
cleanStatic,19,468.25,0,0,test,0.5739302908501516,1.110113607778878,0.5110898012712345,0.01307780082601994,1.6840438986290296,0.10909620707134278,0
cleanStatic,20,468.25,0,0,test,2.021392185165923,6.955532277786886,7.180400874150939,4.757156987128943e-06,8.976924462952809,0.8900118891315696,0
cleanStatic,23,468.25,0,0,test,0.6685482016671389,1.8553511614697908,1.6514610332198294,0.009941934031108697,2.5238993631369295,0.22710844309730754,0
cleanStatic,30,468.25,0,0,test,1.3772450292667262,8.866117031151326,5.543046610460666,0.006770963241435192,10.243362060418052,0.9313738562405272,0
cleanStatic,3,468.75,0,0,test,0.8266708088864837,3.978799031643145,0.928251926448406,0.005555367991466358,4.8054698405296286,0.5599206106151443,0
cleanStatic,6,468.75,0,0,test,11.53757383628078,6.745336982576562,0.35289792275010357,0.007677486312652859,18.282910818857342,0.9973880407645834,0
cleanStatic,7,468.75,0,0,test,1.0691310910095215,1.8634160340625219,0.8371251350473866,0.021724191798503642,2.9325471250720434,0.28961558684547456,0
cleanStatic,8,468.75,0,0,test,5.374070179002763,47.796387704487756,9.002072342026379,0.003392792070686556,53.17045788349052,0.999999999689707,0
cleanStatic,10,468.75,0,0,test,6.343368141868738,2.4626019757903395,2.073954366818821,0.0009708921356832182,8.805970117659077,0.8829418404619587,0
cleanStatic,11,468.75,0,0,test,2.54745665696015,51.03502643980774,21.464593328616164,0.018900104996093504,53.58248309676789,0.9999999997446442,0
cleanStatic,13,468.75,0,0,test,1.3911855717869264,1.9028979140932656,0.7330459791510714,0.012308555863369253,3.2940834858801917,0.3452523810568551,0
cleanStatic,16,468.75,0,0,test,3.1584372961289993,1.1193609077473379,0.6837377700733208,0.018938952570787145,4.277798203876337,0.4898484583670596,0
cleanStatic,19,468.75,0,0,test,1.8442034296463818,0.7695944607607068,0.540896406065757,0.015275171435276144,2.6137978904070884,0.2407322523095407,0
cleanStatic,20,468.75,0,0,test,5.063843770868677,10.435242335247457,42.28656835598333,5.764494018821603e-05,15.499086106116135,0.9915703024829341,0
cleanStatic,23,468.75,0,0,test,0.2535263501927432,0.7338871952314654,0.6208647849195625,0.010628030344245702,0.9874135454242086,0.03642544438811112,0
cleanStatic,30,468.75,0,0,test,1.6353239816843461,2.500168840506001,3.855869118871981,0.009362249085587025,4.135492822190347,0.46992205056005165,0
cleanStatic,3,469.25,0,0,test,0.16593328835601043,4.451633175400355,0.9237018936145782,0.008000944172381234,4.617566463756365,0.5356908331726868,0
cleanStatic,6,469.25,0,0,test,9.579120609909399,3.46060548092355,0.22732932251976537,0.0037920546231830204,13.03972609083295,0.9769906778414053,0
cleanStatic,7,469.25,0,0,test,1.9531213447924132,0.7684022147355807,0.6298364245129856,0.018905732242970614,2.721523559527994,0.2571754124628648,0
cleanStatic,8,469.25,0,0,test,5.333274431724595,7.684685969849284,4.6387253628827345,9.788845588154448e-05,13.01796040157388,0.9767889602125058,0
cleanStatic,10,469.25,0,0,test,6.499330157343852,2.3324630087198357,2.982721029351638,0.006051865161339462,8.831793166063688,0.8840356000048272,0
cleanStatic,11,469.25,0,0,test,1.115504958459055,14.761268743867074,48.63441438925867,0.012939429126286484,15.87677370232613,0.992795160019293,0
cleanStatic,13,469.25,0,0,test,0.43215932603633594,1.0952375036439463,0.5797239340452222,0.012337778288456034,1.5273968296802822,0.09011326214959026,0
cleanStatic,16,469.25,0,0,test,2.935592242436825,0.47773435080852045,0.48922495929456183,0.01865960997434756,3.4133265932453454,0.3634589450767821,0
cleanStatic,19,469.25,0,0,test,1.3599451989880176,0.11207640165286455,0.4957709372246394,0.011608970145207884,1.4720216006408822,0.08372424439806808,0
cleanStatic,20,469.25,0,0,test,3.4747766453336313,6.333150613897835,1.9307875561213046,0.00018069423388630308,9.807927259231466,0.9191358917580826,0
cleanStatic,23,469.25,0,0,test,0.33274408817226425,0.7633982186169219,0.7444645746751568,0.010364362843442351,1.0961423067891862,0.04555543027830729,0
cleanStatic,30,469.25,0,0,test,1.2725514773142033,5.561713987880807,2.6751627584356794,0.006553452445853942,6.83426546519501,0.766739122248302,0
cleanStatic,3,469.75,0,0,test,2.0686199372637706,3.1924152485533237,0.6246109805064005,0.00940358152987006,5.261035185817095,0.6151393098647341,0
cleanStatic,6,469.75,0,0,test,13.012547847526188,3.4626654800092562,1.1273155022455383,0.007598999497832456,16.475213327535442,0.994389497928934,0
cleanStatic,7,469.75,0,0,test,1.3092135993698144,2.3276307000043177,1.7645710697930956,0.0182700072178186,3.636844299374132,0.39721008816058817,0
cleanStatic,8,469.75,0,0,test,5.553098768099915,8.55174442164214,6.485293738375976,0.0013472212937816488,14.104843189742054,0.985043023727894,0
cleanStatic,10,469.75,0,0,test,5.943731595035779,2.481837276086551,2.352314184765283,0.0028406326973379257,8.42556887112233,0.8657110031292211,0
cleanStatic,11,469.75,0,0,test,2.9774704089325437,16.23477462693005,173.2946652155013,0.0026432783944843343,19.212245035862594,0.998245235970098,0
cleanStatic,13,469.75,0,0,test,0.4481552855449125,1.003906709803074,0.6317089348955907,0.009648223366135461,1.4520619953479865,0.08146533383717645,0
cleanStatic,16,469.75,0,0,test,4.496774325150069,1.343878127137894,0.9371438282505261,0.014972667466067766,5.840652452287963,0.6779657453728934,0
cleanStatic,19,469.75,0,0,test,3.0741215078949216,1.86420689725382,0.3657109638996707,0.009684117263962861,4.9383284051487415,0.5765469999262339,0
cleanStatic,20,469.75,0,0,test,2.4661227450855265,9.998295529735993,2.6785153337456586,0.0005011864168527267,12.464418274821519,0.9710504531810128,0
cleanStatic,23,469.75,0,0,test,1.8573199069638056,0.9389519224278685,0.7111676473062272,0.01147481353543144,2.796271829391674,0.26864074341955396,0
cleanStatic,30,469.75,0,0,test,0.8851579608887803,14.366703343391293,3.788822533756645,0.003029671909754197,15.251861304280073,0.9906613231589841,0
cleanStatic,3,470.25,0,0,test,4.143854405110594,6.280717056717873,0.7632798295735788,0.006820925323861989,10.424571461828467,0.9359388924442489,0
cleanStatic,6,470.25,0,0,test,7.849714852216527,3.1416113074696956,0.5276819987842265,0.0073423389003348435,10.991326159686222,0.9484477683405889,0
cleanStatic,7,470.25,0,0,test,0.6566413881281431,0.3205757037543243,0.20872919173453258,0.016919059062741455,0.9772170918824674,0.03561763977398386,0
cleanStatic,8,470.25,0,0,test,9.139148738151325,3.8867183571855066,7.272365428946235,0.0003745543966347432,13.025867095336832,0.976862432483888,0
cleanStatic,10,470.25,0,0,test,6.462514100894439,10.155563160132589,8.39575193631693,0.0016053742553847168,16.61807726102703,0.9947159187399033,0
cleanStatic,11,470.25,0,0,test,1.922863030156414,19.918307650835324,30.79056210693011,0.007314786994749711,21.841170680991738,0.9994387237852614,0
cleanStatic,13,470.25,0,0,test,1.113911108929108,0.7785307965344216,0.7114902453892278,0.013630425578810437,1.8924419054635297,0.1361813848816888,0
cleanStatic,16,470.25,0,0,test,3.5999807411302385,1.8716735387634813,0.16401271976267148,0.018136195862755996,5.47165427989372,0.6389358953809814,0
cleanStatic,19,470.25,0,0,test,0.7643892854023352,1.049142256355028,0.38401311970112634,0.015151060641486844,1.8135315417573632,0.12570233442924025,0
cleanStatic,20,470.25,0,0,test,2.8395437204535807,19.667735002894858,15.575715099387084,0.0010176577471799591,22.50727872334844,0.9995807961744444,0
cleanStatic,23,470.25,0,0,test,7.559324291009204,0.9333191228712258,0.48216361207892694,0.008062033279554744,8.49264341388043,0.8689059854081306,0
cleanStatic,30,470.25,0,0,test,1.4798817817164307,11.750457540784776,2.193539712184546,0.0018934312459850608,13.230339322501207,0.9786867511491812,0
cleanStatic,3,470.75,0,0,test,0.32245777565565653,7.921287364230154,0.6077332853910645,0.006205081373003918,8.24374513988581,0.856695882349402,0
cleanStatic,6,470.75,0,0,test,8.707716812226282,5.217491712568413,0.21069736554040594,0.005057936011059128,13.925208524794694,0.9839084536478242,0
cleanStatic,7,470.75,0,0,test,0.8192417694298958,0.6423350248878372,0.5934125774395765,0.013253785674932095,1.461576794317733,0.0825392045284036,0
cleanStatic,8,470.75,0,0,test,5.22686602535576,5.6080524720457054,17.384602111217472,0.00015202716403563832,10.834918497401466,0.9452468943590797,0
cleanStatic,10,470.75,0,0,test,6.174172115392912,2.7393527800127235,1.3185264143406228,0.004400896265485775,8.913524895405635,0.8874365300179654,0
cleanStatic,11,470.75,0,0,test,1.4570616848619105,49.6009988150873,33.00277850029614,0.0001574981586709005,51.058060499949214,0.9999999991584935,0
cleanStatic,13,470.75,0,0,test,2.1740597540590185,0.5552845419551006,0.5527885853020739,0.011821413467149183,2.729344296014119,0.2583731709929118,0
cleanStatic,16,470.75,0,0,test,3.887637582395446,1.8810319411771905,0.4533727055794439,0.01381903503102599,5.768669523572637,0.6706169053337856,0
cleanStatic,19,470.75,0,0,test,0.29112065966912615,0.5144768271684802,0.5961641981202024,0.01338416218379922,0.8055974868376063,0.023325054697541887,0
cleanStatic,20,470.75,0,0,test,9.381606317273187,9.629754752138254,12.509294320766067,0.0005585194190730668,19.011361069411443,0.9980872065260004,0
cleanStatic,23,470.75,0,0,test,1.851448890884322,3.1594581330282723,1.6989347516447477,0.009313770201988753,5.010907023912594,0.5854494704274392,0
cleanStatic,30,470.75,0,0,test,1.4398201102812507,16.976897875911348,67.8735206211539,0.0062677485577963135,18.416717986192598,0.9975329711227581,0
cleanStatic,3,471.25,0,0,test,2.0173441176738787,6.72348458846068,0.8125946916851873,0.004250190094648623,8.74082870613456,0.8801410206602038,0
cleanStatic,6,471.25,0,0,test,7.661904667195125,2.314847955774718,0.8748799465803799,0.005966550362345164,9.976752622969842,0.9241033635760851,0
cleanStatic,7,471.25,0,0,test,0.8353401505795166,1.2745512847114286,0.3291158940023198,0.015403944104079885,2.1098914352909452,0.16625995049954795,0
cleanStatic,8,471.25,0,0,test,5.243772728693993,17.364566176248157,4.116106090060675,0.0007289068491294963,22.60833890494215,0.9995989924494814,0
cleanStatic,10,471.25,0,0,test,5.3565957343036334,2.213198025880624,1.6918585892233071,0.006447866485538529,7.5697937601842575,0.8184067121283918,0
cleanStatic,11,471.25,0,0,test,0.9586784605762928,22.093770191154064,27.84907766131395,0.000977325763763735,23.05244865173036,0.9996701391691941,0
cleanStatic,13,471.25,0,0,test,2.3334934582430886,0.786959082924198,0.6261059768074717,0.013045484671482838,3.1204525411672868,0.3185782412750041,0
cleanStatic,16,471.25,0,0,test,3.840950031924847,0.6706254941246773,0.2534157367810221,0.01566106173636881,4.5115755260495245,0.5216638320540603,0
cleanStatic,19,471.25,0,0,test,0.35724875582747256,0.46500210047970575,0.7291028327959341,0.013659210910064095,0.8222508563071783,0.02440754283803713,0
cleanStatic,20,471.25,0,0,test,4.2011936633008835,7.1061279557426955,41.52845251116505,0.00024202871131892724,11.307321619043579,0.9543840844249166,0
cleanStatic,23,471.25,0,0,test,0.9122955676308385,1.6142253534286741,0.7921146415806452,0.007363029959770095,2.5265209210595128,0.22750422151960867,0
cleanStatic,30,471.25,0,0,test,11.874354637061796,8.406904446080325,5.300952045015388,0.00020358033695207174,20.28125908314212,0.9988934145959457,0
cleanStatic,3,471.75,0,0,test,0.6859828998713146,4.915979102519165,0.9197140438398556,0.008244038708758936,5.601962002390479,0.6531051385962152,0
cleanStatic,6,471.75,0,0,test,7.106846783903901,0.35313334752391223,0.56176447186592,0.006634772541523259,7.459980131427813,0.8113839871778205,0
cleanStatic,7,471.75,0,0,test,1.4753713651421794,0.5339213114184508,7.6936157956933595,0.023073799350937188,2.00929267656063,0.15214227162936986,0
cleanStatic,8,471.75,0,0,test,4.540679505524101,29.49506847072653,11.010511949833639,0.0006110238928935326,34.03574797625063,0.9999976576962185,0
cleanStatic,10,471.75,0,0,test,5.535106630272722,1.5374956432303255,0.8152434926291638,0.005153784318846737,7.072602273503048,0.7847034556596832,0
cleanStatic,11,471.75,0,0,test,2.3747100500798672,31.45072474866194,22.80628472412054,0.0002799478142781062,33.82543479874181,0.9999974206825676,0
cleanStatic,13,471.75,0,0,test,0.3886395871634201,1.1266339050453908,0.4848166792215471,0.0133818419816419,1.515273492208811,0.08869944406849622,0
cleanStatic,16,471.75,0,0,test,5.202565999291997,0.28411691097004715,0.7521616862038394,0.014750932158424115,5.486682910262044,0.6405916419810521,0
cleanStatic,19,471.75,0,0,test,1.22284107367106,0.8012455046553206,0.6122836753797176,0.008002274852560156,2.0240865783263806,0.15419773775904386,0
cleanStatic,20,471.75,0,0,test,5.640432214838521,10.839762043144749,4.967700706223865,0.009888161861440302,16.48019425798327,0.9944012025264082,0
cleanStatic,23,471.75,0,0,test,0.1780107631871243,1.6132780897675352,0.7445259319838741,0.012793105264462513,1.7912888529546596,0.12279587005820662,0
cleanStatic,30,471.75,0,0,test,0.23309178157227356,10.311529420976338,1.6386621454725856,0.003763706941606162,10.544621202548612,0.9388050899170275,0
cleanStatic,3,472.25,0,0,test,1.3560850285763022,3.957327275700762,0.7526391380142188,0.00975955238658725,5.3134123042770645,0.6211602673020833,0
cleanStatic,6,472.25,0,0,test,7.237505487658312,3.95586705276001,0.18571578341520395,0.007120889390153048,11.193372540418322,0.9523220520162203,0
cleanStatic,7,472.25,0,0,test,0.8769387668265142,2.512690799395098,0.2410312230460608,0.01733057346621761,3.3896295662216125,0.3598501574290441,0
cleanStatic,8,472.25,0,0,test,4.49889421814934,18.22250614357417,9.617322934799484,0.0002884225417640951,22.72140036172351,0.9996184264484473,0
cleanStatic,10,472.25,0,0,test,5.394069487985108,5.338677994595722,6.581555209073612,0.00285994708211194,10.73274748258083,0.9430560131291668,0
cleanStatic,11,472.25,0,0,test,1.5798252647869602,30.841640107441975,31.338716716927046,0.0021748288752389366,32.42146537222894,0.9999950980278772,0
cleanStatic,13,472.25,0,0,test,0.981790087271989,0.6697640088941055,0.6295681793295936,0.015119265940222355,1.6515540961660946,0.10505430078503997,0
cleanStatic,16,472.25,0,0,test,5.183570977143289,1.0480012857948104,0.2778967736792432,0.01364092118298411,6.2315722629381,0.7156663427725867,0
cleanStatic,19,472.25,0,0,test,0.7904377625972192,0.9198228685228745,0.26183193928736964,0.017785996929803805,1.7102606311200939,0.11239543263972643,0
cleanStatic,20,472.25,0,0,test,6.652662397607861,13.96776763349839,5.5986586273835215,2.7650550140170333e-07,20.620430031106252,0.9990447014701146,0
cleanStatic,23,472.25,0,0,test,1.8114128563474936,1.1010027118526475,0.6502535202958183,0.00949925265977058,2.9124155682001414,0.28651328717055236,0
cleanStatic,30,472.25,0,0,test,0.7186734376345115,3.437868473310103,2.791956931573589,0.0025107928212029155,4.156541910944615,0.47289489378670113,0
cleanStatic,3,472.75,0,0,test,4.36612857930468,4.535255234848899,0.4776632949658149,0.0036062049574669243,8.90138381415358,0.8869371309921841,0
cleanStatic,6,472.75,0,0,test,7.23094647110601,2.853325320269785,0.6206165337612038,0.0060018364076473525,10.084271791375794,0.9271176456886576,0
cleanStatic,7,472.75,0,0,test,0.8466215468681103,0.6445039700805126,0.2315896860852777,0.01260216608064369,1.4911255169486228,0.08590835012012692,0
cleanStatic,8,472.75,0,0,test,6.309979870551061,8.211662126825868,22.720205074903745,0.0005004654983081915,14.521641997376928,0.9873856823617954,0
cleanStatic,10,472.75,0,0,test,5.83084543142766,4.769312655837774,14.418585150175035,0.0012319259482235204,10.600158087265434,0.9400899955535795,0
cleanStatic,11,472.75,0,0,test,2.0661897468224217,26.326887803809136,19.843589404914145,0.003997013434197401,28.393077550631556,0.9999695074975598,0
cleanStatic,13,472.75,0,0,test,0.4462701935789538,0.8495138599529858,0.5458713333871992,0.01147722505108979,1.2957840535319396,0.06463510147803622,0
cleanStatic,16,472.75,0,0,test,5.191009660694607,0.9330713985165803,0.5808415891267487,0.01823471147896643,6.124081059211187,0.7056681176020222,0
cleanStatic,19,472.75,0,0,test,1.7813681989584402,1.0272584954667074,0.25815688696168054,0.007844934993551277,2.808626694425148,0.2705391481396823,0
cleanStatic,20,472.75,0,0,test,5.258965335069158,6.699211634682373,9.2017743072689,0.0031982192082181636,11.95817696975153,0.9646346316185599,0
cleanStatic,23,472.75,0,0,test,0.17047819709487338,1.5962866725391864,1.278998387156158,0.008526857118390728,1.7667648696340599,0.11961651573569614,0
cleanStatic,30,472.75,0,0,test,1.3425341822916197,3.814183241559763,4.625439852661204,0.005777688489590516,5.156717423851383,0.6029446978845059,0
cleanStatic,3,473.25,0,0,test,6.282639273662546,2.7646451181410385,4.284025444919832,0.005964718118663128,9.047284391803585,0.8928070591332318,0
cleanStatic,6,473.25,0,0,test,11.672161522359156,2.3094520526646,0.19547904041604486,0.007762057609690041,13.981613575023756,0.9842733681288753,0
cleanStatic,7,473.25,0,0,test,0.8296094268044732,3.826400270125661,1.093650911852167,0.018996484137411698,4.656009696930134,0.5407150435558112,0
cleanStatic,8,473.25,0,0,test,5.268558296315069,10.106175750025658,9.25593118222366,0.0016083174088727223,15.374734046340727,0.9911243962238055,0
cleanStatic,10,473.25,0,0,test,6.608011355584223,2.015361037110928,1.7864694591748609,0.0035765309486330654,8.62337239269515,0.874937108262851,0
cleanStatic,11,473.25,0,0,test,2.5719793131426267,19.27528408826518,21.2089934545176,0.0015765545021901785,21.847263401407808,0.999440217244751,0
cleanStatic,13,473.25,0,0,test,0.33252012505608486,1.5599037322844076,0.6528550457630757,0.01191775525423744,1.8924238573404923,0.13617895930503823,0
cleanStatic,16,473.25,0,0,test,4.322083033767837,0.9672654155203707,0.93996769199176,0.01650386180579678,5.289348449288207,0.6184025021808164,0
cleanStatic,19,473.25,0,0,test,0.25017952640690955,2.99423196986107,6.442657438585213,0.009130935134152422,3.24441149626798,0.3376375933044927,0
cleanStatic,20,473.25,0,0,test,5.273937334161355,6.933947428751215,4.326412871542074,6.936311329673515e-05,12.20788476291257,0.9679523208982324,0
cleanStatic,23,473.25,0,0,test,0.006005718706963825,0.7860143983948311,0.7472140379056773,0.010574684146775095,0.792020117101795,0.022460468930589218,0
cleanStatic,30,473.25,0,0,test,1.6301776768574892,3.0573077472968135,0.7157578650566625,0.009506937224106329,4.6874854241543025,0.5448031847221511,0
cleanStatic,3,473.75,0,0,test,51.73663211237764,1.122105372689182,0.6183294724824562,0.00303009714182201,52.858737485066825,0.9999999996404391,0
cleanStatic,6,473.75,0,0,test,5.148428789756275,1.837911289120014,0.2565754725709554,0.005993095226586173,6.986340078876289,0.7783418023458442,0
cleanStatic,7,473.75,0,0,test,1.1786146488363582,0.7926141315329053,0.3510476520039841,0.018053040250125343,1.9712287803692634,0.14688840378023676,0
cleanStatic,8,473.75,0,0,test,18.92133279437258,14.780941316277303,86.85124987287311,0.016502022561984204,33.70227411064988,0.9999972709667405,0
cleanStatic,10,473.75,0,0,test,6.536767626240765,2.3349073166011567,0.3787364207824409,0.005338255356587972,8.871674942841922,0.8857066090915381,0
cleanStatic,11,473.75,0,0,test,4.337574835116659,12.70740493715043,31.14979241603244,0.0021042563495413365,17.04497977226709,0.9955847231214059,0
cleanStatic,13,473.75,0,0,test,0.20718887511384332,0.9313421162551001,0.6154395697847829,0.011577849469693383,1.1385309913689434,0.04936321387435634,0
cleanStatic,16,473.75,0,0,test,4.288189960284669,0.18306883350550784,0.3786583854233047,0.018539392994462646,4.471258793790176,0.5162619013845922,0
cleanStatic,19,473.75,0,0,test,35.131737691382526,3.658657787512561,0.2717403565740298,0.00456101158663799,38.790395478895086,0.9999997382939532,0
cleanStatic,20,473.75,0,0,test,7.233834622017008,2.2123580206177036,3.371471824549472,0.00031514043135209775,9.446192642634712,0.9074631735875184,0
cleanStatic,23,473.75,0,0,test,1.5888360596730033,2.492744674070851,0.5464609248748946,0.010868127216193357,4.081580733743855,0.4622688235931614,0
cleanStatic,30,473.75,0,0,test,1.3327378054211305,9.727854942707006,5.961963971776284,0.005237347847119174,11.060592748128137,0.9498082445473438,0
cleanStatic,3,474.25,0,0,test,2.0128910513243894,2.8001829481743323,0.7540666315507786,0.00734303819727554,4.813073999498721,0.5608836384478932,0
cleanStatic,6,474.25,0,0,test,4.8051994701596525,0.36628378394527467,2.787089118287468,0.0031972215260155992,5.171483254104928,0.6046871806905868,0
cleanStatic,7,474.25,0,0,test,1.7435154421492005,1.407303240072585,0.2827768396937344,0.015912211143372976,3.1508186822217854,0.3232531123557785,0
cleanStatic,8,474.25,0,0,test,3.6084679714568004,30.989206798091846,18.111183131190533,0.0010974782205173128,34.59767476954865,0.999998189963214,0
cleanStatic,10,474.25,0,0,test,6.846686415308237,5.948168387190375,0.058101701687876775,0.008637955756585701,12.794854802498612,0.9746210510219504,0
cleanStatic,11,474.25,0,0,test,2.301450114298566,17.215801625128556,20.625827878369172,0.0059461577406932625,19.517251739427124,0.9984609647442269,0
cleanStatic,13,474.25,0,0,test,0.7577305625358266,0.6100763671548388,0.5936480109328315,0.014003556369294684,1.3678069296906654,0.07219780897282553,0
cleanStatic,16,474.25,0,0,test,5.901028260208248,1.5058967907233303,0.2722803605506869,0.022728038422581292,7.406925050931578,0.8079074163725957,0
cleanStatic,19,474.25,0,0,test,0.46833304835343686,2.7692032800522846,0.2857417317399671,0.010647865806148349,3.2375363284057213,0.3365824371018905,0
cleanStatic,20,474.25,0,0,test,7.2939849619719705,2.011467473229959,2.33838457597145,0.004554034804340806,9.305452435201929,0.9025163959333428,0
cleanStatic,23,474.25,0,0,test,0.9449289298784249,0.7541372337786931,0.592293789230448,0.014912546569867981,1.699066163657118,0.11098261402982612,0
cleanStatic,30,474.25,0,0,test,0.4526780879733,9.406052471198908,5.147256069565314,0.004013811849160311,9.858730559172209,0.9206615464701563,0
cleanStatic,3,474.75,0,0,test,1.8664368199619643,1.896163885573914,0.6731824548623645,0.0049179443276620915,3.7626007055358786,0.41592377324304086,0
cleanStatic,6,474.75,0,0,test,5.8146523016913365,0.08746497021513894,0.2967193011006284,0.006253173694849362,5.902117271906476,0.6841398265482694,0
cleanStatic,7,474.75,0,0,test,0.924618773752093,0.5739321343826773,0.6011043100958954,0.015456018357727799,1.4985509081347703,0.08676302123349193,0
cleanStatic,8,474.75,0,0,test,3.6281503572845617,8.67825810386106,250.6752013470177,0.002825821922438888,12.306408461145622,0.9691778716838177,0
cleanStatic,10,474.75,0,0,test,7.559423336155782,22.192599392475937,0.49002321309603397,0.006216388442124914,29.75202272863172,0.9999834978841058,0
cleanStatic,11,474.75,0,0,test,2.228069263107939,18.92051923066835,13.185054651479893,0.007423965365837016,21.14858849377629,0.9992406687411122,0
cleanStatic,13,474.75,0,0,test,1.2639742680893091,0.7960342178153054,0.7591583289894305,0.012825499656136984,2.0600084859046146,0.15921902273852767,0
cleanStatic,16,474.75,0,0,test,4.821163837494785,0.1222093999130332,0.46437713040272505,0.017557549709639537,4.943373237407818,0.5771699396407163,0
cleanStatic,19,474.75,0,0,test,4.664228128122503,4.8913088102632285,1.3998542278907982,0.01370828059075886,9.555536938385732,0.9111458605200502,0
cleanStatic,20,474.75,0,0,test,7.751771127793699,6.662296754207502,1.6981942101181147,0.00013139762801686974,14.414067882001202,0.986817510893973,0
cleanStatic,23,474.75,0,0,test,0.317065045438811,1.7606816907197338,0.7367830126254683,0.011105061720882882,2.0777467361585447,0.1617138990321617,0
cleanStatic,30,474.75,0,0,test,0.7143264479364311,6.290391925529418,12.0514570289139,0.002954670851506775,7.004718373465849,0.7797103670129545,0
cleanStatic,3,475.25,0,0,test,1.1118004492039777,2.9253523960463435,0.5228310081459357,0.0075615983550420835,4.037152845250321,0.45592064722198444,0
cleanStatic,6,475.25,0,0,test,5.60652775956239,0.8575233035139486,0.2974431081316058,0.006391208479190736,6.464051063076338,0.7363548907178816,0
cleanStatic,7,475.25,0,0,test,0.8899066563203674,2.479081677849824,0.2718422850358353,0.01756222682979247,3.3689883341701914,0.3567027158920365,0
cleanStatic,8,475.25,0,0,test,2.9448852608351648,14.563565189319382,5.8064979989066305,0.0014209118953569559,17.508450450154548,0.9963700593268819,0
cleanStatic,10,475.25,0,0,test,7.6014490662152205,7.076829655999746,0.0821044915079906,0.003032818315039634,14.678278722214966,0.988170801834488,0
cleanStatic,11,475.25,0,0,test,1.920571583840215,26.341004140737134,17.406188507135493,0.007057119404585671,28.261575724577348,0.9999676458815359,0
cleanStatic,13,475.25,0,0,test,0.41158894904687626,0.8795675776586049,0.855114462420091,0.01380660492787357,1.2911565267054812,0.06416097003289464,0
cleanStatic,16,475.25,0,0,test,6.131941330419959,0.4927086218544299,0.36158328673540285,0.020538000725955956,6.624649952274389,0.7499149439251899,0
cleanStatic,19,475.25,0,0,test,5.112731287766631,7.043910023674401,0.7293383012724224,0.01231773209035094,12.156641311441032,0.9672966580061105,0
cleanStatic,20,475.25,0,0,test,9.416553922579467,9.491829448372838,9.797084783806989,0.0020867544445813766,18.908383370952308,0.9980008620911012,0
cleanStatic,23,475.25,0,0,test,0.019868376376894755,2.5400641928947727,1.3701729025267022,0.011119108808806209,2.5599325692716675,0.23255670778483126,0
cleanStatic,30,475.25,0,0,test,1.3345621717803673,18.704505382742358,2.4233419157141878,0.008605120173792065,20.039067554522724,0.998771191491948,0
cleanStatic,3,475.75,0,0,test,1.1287288290670185,1.3662812723470505,0.4022138178230277,0.00660995256576147,2.495010101414069,0.22275362841068103,0
cleanStatic,6,475.75,0,0,test,4.824888387128986,1.504693584113982,1.2963174815368899,0.0044804057671120395,6.329581971242968,0.7245430621337642,0
cleanStatic,7,475.75,0,0,test,2.5024455678336723,0.27715817058584186,0.5063856226164817,0.022167014147588152,2.7796037384195142,0.26608094757828604,0
cleanStatic,8,475.75,0,0,test,3.00068322326328,19.116909429397545,10.345870756946487,0.00025026850817341274,22.117592652660825,0.9995026789923706,0
cleanStatic,10,475.75,0,0,test,8.847994314437585,5.978609024250468,0.06191862672533352,0.004376326876467673,14.826603338688052,0.9888704930583018,0
cleanStatic,11,475.75,0,0,test,2.183956109539748,6.971233799855266,35.92954672252586,1.561108781755605e-05,9.155189909395014,0.8969680276437958,0
cleanStatic,13,475.75,0,0,test,0.570975681666151,1.3202629833569188,0.7870460585953885,0.012159454921120225,1.89123866502307,0.13601970349405818,0
cleanStatic,16,475.75,0,0,test,3.8787261720141584,0.24022656886881155,0.33326634370908004,0.017329833321144503,4.11895274088297,0.4675799909962926,0
cleanStatic,19,475.75,0,0,test,1.1234273890783926,2.597046815597787,0.8086424529044601,0.016224077827524216,3.7204742046761794,0.4096799344329877,0
cleanStatic,20,475.75,0,0,test,5.33445687264535,7.406556372808575,26.582720713196505,2.4050123434358775e-05,12.741013245453924,0.9740695162302897,0
cleanStatic,23,475.75,0,0,test,5.888204285334007,2.0556383157339444,1.5888454621754544,0.008836439499264867,7.943842601067951,0.8406421503744324,0
cleanStatic,30,475.75,0,0,test,0.938559729779482,2.7443651954773123,6.167757788853845,0.007936409370152803,3.682924925256794,0.4040929718989578,0
cleanStatic,3,476.25,0,0,test,2.0627241095184563,0.4816902612571335,0.5045840558668622,0.008912433535263073,2.54441437077559,0.23020817297773002,0
cleanStatic,6,476.25,0,0,test,5.330244336222901,0.7302210013584153,0.5937367790459409,0.008237860612273344,6.060465337581316,0.6996202292463731,0
cleanStatic,7,476.25,0,0,test,3.3553214416460753,5.011994602692332,0.5041793201112412,0.015210171928958054,8.367316044338407,0.8628796795149638,0
cleanStatic,8,476.25,0,0,test,3.0078652157387253,24.282888809526597,7.6629015595746015,0.0029793434954141582,27.290754025265322,0.99994993366525,0
cleanStatic,10,476.25,0,0,test,9.246650519551059,5.503324885159902,1.8608708719384472,0.003732173703205877,14.74997540471096,0.9885141791683898,0
cleanStatic,11,476.25,0,0,test,3.1862406352711643,6.022641825877885,25.906799528063704,0.00017476580074988224,9.208882461149049,0.8989829694845354,0
cleanStatic,13,476.25,0,0,test,0.6632160055575613,1.0365395076686539,0.7104262144650031,0.012181890664927305,1.6997555132262152,0.11106944077419963,0
cleanStatic,16,476.25,0,0,test,6.521757797827258,2.611562360667289,0.3902312888397608,0.012208623915655418,9.133320158494547,0.8961368263452482,0
cleanStatic,19,476.25,0,0,test,1.5709790190855075,1.3340551048698344,0.9118979680617874,0.011879732117153603,2.9050341239553417,0.2853760203571367,0
cleanStatic,20,476.25,0,0,test,5.418847683007215,1.1044651174357265,2.0325086507191075,8.573130409742935e-05,6.523312800442941,0.7414273308788841,0
cleanStatic,23,476.25,0,0,test,0.25159545233755204,2.0663218352789032,0.760594550587195,0.009212513675904255,2.317917287616455,0.19636824651771861,0
cleanStatic,30,476.25,0,0,test,1.6299650778420331,4.283441976922883,1.3253743110455682,0.0011807479399201129,5.913407054764916,0.6852637964749149,0
cleanStatic,3,476.75,0,0,test,1.5328162152206093,1.3573751956721383,0.3964627319328696,0.004307796831893319,2.8901914108927476,0.283089614657986,0
cleanStatic,6,476.75,0,0,test,6.162181528372874,0.31523391771334075,0.4000953535658272,0.007408065547888716,6.477415446086215,0.7375058665747456,0
cleanStatic,7,476.75,0,0,test,1.9166406120663837,1.724879891027845,0.3182053150177485,0.02219737485185912,3.6415205030942284,0.3979098487995428,0
cleanStatic,8,476.75,0,0,test,3.0246498889326054,10.46339629058594,7.610405574467381,0.001870716375182805,13.488046179518546,0.9807897730654539,0
cleanStatic,10,476.75,0,0,test,9.0168629097446,8.115609846727043,1.5258955545726318,0.005904645605044176,17.132472756471643,0.9957447082621329,0
cleanStatic,11,476.75,0,0,test,3.171673461844115,28.188525337133687,19.690090224181134,0.0007681185444482311,31.3601987989778,0.9999920483835774,0
cleanStatic,13,476.75,0,0,test,0.6848861329808531,0.7684860250361912,0.6780180024544371,0.014832062158571016,1.4533721580170442,0.08161288141215703,0
cleanStatic,16,476.75,0,0,test,4.327450867391805,2.2421681984723354,0.36856423828844814,0.011751233851091282,6.56961906586414,0.7453347806999814,0
cleanStatic,19,476.75,0,0,test,0.004887181547807006,2.814095919966236,0.21503342423063374,0.015211958968427494,2.818983101514043,0.27213109497735566,0
cleanStatic,20,476.75,0,0,test,5.264925395967714,5.343954991816393,2.6116241275169507,0.00047334762643402606,10.608880387784106,0.9402894824611167,0
cleanStatic,23,476.75,0,0,test,0.5305583865714587,1.596208050224279,1.487451940866422,0.008171524985675657,2.1267664367957377,0.16865895987964566,0
cleanStatic,30,476.75,0,0,test,1.5839800927633818,14.288435973406623,3.5925828043744263,0.0018852341607492168,15.872416066170004,0.9927820691246553,0
cleanStatic,3,477.25,0,0,test,1.590809312250965,1.3308899764043851,0.7997212858208191,0.005022672091956728,2.92169928865535,0.28794381755890863,0
cleanStatic,6,477.25,0,0,test,5.11249880056699,2.3239139824997803,1.3483055389961964,0.005012184938223687,7.43641278306677,0.809846464496687,0
cleanStatic,7,477.25,0,0,test,1.781700096160299,2.5394687375465037,0.45294239366879063,0.01975914562940701,4.321168833706802,0.4958392746922967,0
cleanStatic,8,477.25,0,0,test,7.868555043474829,13.581341991795737,6.397085367723116,0.0052049626279012705,21.449897035270567,0.9993341172513064,0
cleanStatic,10,477.25,0,0,test,10.205048783130122,1.443678866466815,0.2249227518093509,0.0026009253005010126,11.648727649596937,0.960068724237354,0
cleanStatic,11,477.25,0,0,test,3.395955171900657,13.312029035518691,32.98327726773579,0.0004955697073801217,16.707984207419347,0.9949117606774477,0
cleanStatic,13,477.25,0,0,test,0.8874824344048431,0.8128046861060765,0.8116736321684621,0.015397898293172821,1.7002871205109196,0.1111364147907092,0
cleanStatic,16,477.25,0,0,test,5.884050678497066,2.451476615014858,0.5669084128927644,0.01543725429865947,8.335527293511923,0.8613121482861866,0
cleanStatic,19,477.25,0,0,test,0.07700658336671137,1.3772195581940812,1.3762703455202963,0.020090278718445743,1.4542261415607924,0.08170911051767941,0
cleanStatic,20,477.25,0,0,test,4.044341768816082,2.6023989227408073,1.6013653649292867,2.0370397818647265e-06,6.646740691556889,0.7517342515844913,0
cleanStatic,23,477.25,0,0,test,2.213868699311066,2.1301009873719954,1.0802725597981646,0.00692218171546009,4.343969686683062,0.498972936943401,0
cleanStatic,30,477.25,0,0,test,2.908827470630746,3.493024064563081,4.114450237847895,0.007144276806484129,6.401851535193827,0.7309436591993081,0
cleanStatic,3,477.75,0,0,test,0.9618509217119151,0.9608310179241908,0.5364782619398039,0.006173737852856289,1.922681939636106,0.14026327944757214,0
cleanStatic,6,477.75,0,0,test,5.1898908218014315,0.3329733547952593,1.236437595915201,0.005253384238330066,5.52286417659669,0.6445547455948262,0
cleanStatic,7,477.75,0,0,test,1.9630183152659575,0.7198161877448067,0.6188822636901042,0.016538346749259334,2.6828345030107643,0.2512574538152224,0
cleanStatic,8,477.75,0,0,test,3.7535834736112563,34.34960477499668,5.603007543629586,3.235481148365796e-05,38.103188248607935,0.999999640264243,0
cleanStatic,10,477.75,0,0,test,11.455779395129738,2.348020176250231,1.578823927254907,0.006250920014010342,13.803799571379969,0.983095068761345,0
cleanStatic,11,477.75,0,0,test,3.0884354966724197,26.314200448600747,337.89263591185176,0.005816757640680579,29.40263594527317,0.9999806707899735,0
cleanStatic,13,477.75,0,0,test,0.6166677718090833,0.9565483126697433,3.779029190533563,0.007890809572629668,1.5732160844788265,0.09553081294365598,0
cleanStatic,16,477.75,0,0,test,5.457923787629364,2.7090897798189633,1.038951020888675,0.012617217565881859,8.167013567448327,0.8527317899983982,0
cleanStatic,19,477.75,0,0,test,0.18606829661958108,0.9584265598817295,0.9172072772257531,0.010809998610744914,1.1444948565013107,0.04990980323979947,0
cleanStatic,20,477.75,0,0,test,3.4309821411964396,4.697960116756598,4.577195338909942,0.00040035449170668655,8.128942257953039,0.8507289212391554,0
cleanStatic,23,477.75,0,0,test,1.5853973122905043,1.287990704630987,0.5705543158105278,0.00882568137582916,2.873388016921491,0.28050196399628285,0
cleanStatic,30,477.75,0,0,test,1.2189359925375096,7.817006432888276,5.403068071484728,0.004068801719655354,9.035942425425786,0.8923609050424978,0
cleanStatic,3,478.25,0,0,test,1.4049658958873474,2.3943396859229824,0.6291015107894814,0.007418320163395202,3.79930558181033,0.42134239301260956,0
cleanStatic,6,478.25,0,0,test,4.652740181338554,1.4063284200495412,0.32037035774322264,0.01043823190280521,6.059068601388095,0.6994863462554001,0
cleanStatic,7,478.25,0,0,test,1.3492810081812137,0.3235888159600799,0.4959857834816393,0.015325776764450844,1.6728698241412936,0.1077001842449203,0
cleanStatic,8,478.25,0,0,test,5.124957983326285,8.142138493290778,11.735179929711634,0.0011967321818418853,13.267096476617063,0.9789996992931908,0
cleanStatic,10,478.25,0,0,test,7.01429394196626,5.069041471932607,10.980117508552448,0.0024167661639450185,12.083335413898867,0.9663364357465682,0
cleanStatic,11,478.25,0,0,test,3.575715947242013,26.949834875322285,41.96650394547671,0.0066699914456106735,30.5255508225643,0.9999883796143029,0
cleanStatic,13,478.25,0,0,test,0.5215323551553196,0.6019919756556507,0.5396194674003281,0.013407764221450836,1.1235243308109704,0.04799963213297635,0
cleanStatic,16,478.25,0,0,test,6.780999154774055,1.487431819393149,0.6118382600140411,0.013583794193954177,8.268430974167204,0.8579507913288452,0
cleanStatic,19,478.25,0,0,test,0.484725968164628,1.1775230320227934,0.4437081006943641,0.013919343834174494,1.6622490001874213,0.1063790033205502,0
cleanStatic,20,478.25,0,0,test,3.991077671652537,4.132599367410615,4.039990206299794,0.0002762132277275428,8.123677039063152,0.8504500269564763,0
cleanStatic,23,478.25,0,0,test,2.627600546664132,2.5802334717058826,1.9965418600096523,0.010145805567843202,5.207834018370015,0.6089538621757946,0
cleanStatic,30,478.25,0,0,test,1.1578401036528245,3.2608818904480583,9.011303722361383,0.003595088246313083,4.418721994100883,0.5091687571225383,0
cleanStatic,3,478.75,0,0,test,1.056662382460732,0.37983876434674857,0.592135102228998,0.003045726482628238,1.4365011468074806,0.07972081263085108,0
cleanStatic,6,478.75,0,0,test,3.6432119084248185,2.0261847066613665,0.37011909103449936,0.0071564438425672965,5.669396615086185,0.6602718429202306,0
cleanStatic,7,478.75,0,0,test,1.576530549858754,0.01351488114514176,1.0114971527296066,0.02416747104491154,1.5900454310038958,0.09754948103853855,0
cleanStatic,8,478.75,0,0,test,3.5471370429190605,14.884365714514805,11.60744864853543,0.00027671402478797544,18.431502757433865,0.9975484928179852,0
cleanStatic,10,478.75,0,0,test,6.22036418348189,3.2407271452689526,0.20769790950833825,0.00264030174817927,9.461091328750843,0.9079730954531683,0
cleanStatic,11,478.75,0,0,test,3.589356249711054,27.304958560780292,19.73675549716552,0.0039354137603703765,30.894314810491345,0.9999901717680593,0
cleanStatic,13,478.75,0,0,test,0.833321521270071,1.2205618702800907,0.4377397811678146,0.014705651672750092,2.0538833915501615,0.15835985972960953,0
cleanStatic,16,478.75,0,0,test,5.693869076238471,2.3342522725772654,0.43822329105145624,0.01487693038888185,8.028121348815736,0.8453074003965478,0
cleanStatic,19,478.75,0,0,test,0.040332938114726345,0.5710051400823096,2.2083511383471226,0.013916223178912447,0.611338078197036,0.012521759904002847,0
cleanStatic,20,478.75,0,0,test,3.0758830177007725,35.85182193182696,4.007589008389217,0.0006977649186515234,38.92770494952774,0.999999754425066,0
cleanStatic,23,478.75,0,0,test,0.7631735581050765,1.439091242764744,1.116808158665117,0.009205119992808729,2.2022648008698207,0.17949123450415996,0
cleanStatic,30,478.75,0,0,test,1.458444458159023,7.160495848176952,7.843258607624076,0.00374181889852022,8.618940306335976,0.8747368063841864,0
cleanStatic,3,479.25,0,0,test,9.597760252471824,0.8894177779615005,4.342299590825641,0.005426455413487652,10.487178030433324,0.9374489481223016,0
cleanStatic,6,479.25,0,0,test,4.080479200670878,0.21492517149562348,1.7678982777592962,0.004417079438796215,4.295404372166501,0.49228514297942577,0
cleanStatic,7,479.25,0,0,test,2.098624028747493,0.1832489180727781,0.7393951385251103,0.022705052290042577,2.281872946820271,0.19107446584891113,0
cleanStatic,8,479.25,0,0,test,4.205433711187459,31.295265523565828,12.378313175676738,0.000246107861489383,35.500699234753284,0.9999988047620334,0
cleanStatic,10,479.25,0,0,test,5.853399366417638,3.269993564013471,7.29450626917525,0.006279377448742921,9.123392930431109,0.8957575039944009,0
cleanStatic,11,479.25,0,0,test,3.9763338873133502,15.799708472186996,26.445655637530706,0.0017568663742325782,19.776042359500345,0.9986233952460531,0
cleanStatic,13,479.25,0,0,test,1.891691567611069,1.038758232866734,0.7075088366046333,0.012906336257503674,2.930449800477803,0.28929234903971524,0
cleanStatic,16,479.25,0,0,test,5.979240338879884,5.581459937360437,0.29923558899879704,0.02112411534293216,11.560700276240322,0.9586709265852195,0
cleanStatic,19,479.25,0,0,test,15.310595634623084,0.5351283882899954,1.6963818084257178,0.00362191853086743,15.84572402291308,0.9927013761092408,0
cleanStatic,20,479.25,0,0,test,4.001072776398387,9.025004716384268,9.345690790519289,0.00012073065826581369,13.026077492782655,0.97686438453217,0
cleanStatic,23,479.25,0,0,test,2.5531311141319373,0.9964013670624412,0.6181018466348424,0.009034417664634238,3.5495324811943787,0.38409365375047283,0
cleanStatic,30,479.25,0,0,test,1.9110273662148125,1.3505646263827211,2.476029664661372,0.004513969530296155,3.2615919925975336,0.3402731348022647,0
cleanStatic,3,479.75,0,0,test,3.3271801104840133,1.3005732391314322,0.5092456406925102,0.007408037622246032,4.627753349615445,0.5370254919513026,0
cleanStatic,6,479.75,0,0,test,3.2050089215482975,1.4496679877536567,0.2764136119629541,0.010053831176041101,4.654676909301954,0.540541430501233,0
cleanStatic,7,479.75,0,0,test,2.4528353206487994,0.7441283405419056,0.694405781433854,0.01892440043374036,3.196963661190705,0.33035042424710304,0
cleanStatic,8,479.75,0,0,test,5.01615584468921,21.22197685269969,21.984393834577318,8.800090055867398e-09,26.2381326973889,0.9999197705951115,0
cleanStatic,10,479.75,0,0,test,10.654167487985038,1.537196391669026,1.3994250237297314,0.007710671709584596,12.191363879654064,0.9677423168583298,0
cleanStatic,11,479.75,0,0,test,6.77437734264612,36.395687103441674,17.171661106160265,0.002330733119398982,43.17006444608779,0.9999999658689805,0
cleanStatic,13,479.75,0,0,test,1.3696313214961258,1.1197198692631116,0.5245985821363252,0.015441469066896621,2.4893511907592374,0.22190205784522798,0
cleanStatic,16,479.75,0,0,test,5.2810102250772015,1.5758061452552539,0.39453965444228795,0.020650525233766207,6.856816370332456,0.7684912854433773,0
cleanStatic,19,479.75,0,0,test,0.8087658120904593,1.9893502992884693,0.4487320125644775,0.011297740783208898,2.7981161113789286,0.26892407634515636,0
cleanStatic,20,479.75,0,0,test,3.1714173343756253,2.637822131935831,3.306065814045544,0.0007834920003229019,5.809239466311457,0.6747744632514624,0
cleanStatic,23,479.75,0,0,test,0.11630945023712058,1.6599646861977175,0.9867614548064195,0.009731959229920989,1.776274136434838,0.12084614330761619,0
cleanStatic,30,479.75,0,0,test,2.774846185956096,1.772906477695095,1.3313273181144343,0.006597370204402609,4.547752663651191,0.5264801693316388,0
cleanStatic,3,480.25,0,0,test,4.057250324598359,6.64520362432347,3.190198230889459,0.019435413481142,10.702453948921828,0.9423907558771744,0
cleanStatic,6,480.25,0,0,test,4.25418319075283,1.5029225262346866,1.8333688645911799,0.01928900092534509,5.757105716987517,0.669424415351684,0
cleanStatic,7,480.25,0,0,test,1.6767089897110343,5.973634101868524,0.7615232464671231,0.02413853909783598,7.6503430915795585,0.8234120795402705,0
cleanStatic,8,480.25,0,0,test,5.016992650792019,63.769233364265666,59.87077285282146,0.02020641322771343,68.78622601505768,0.9999999999998167,1
cleanStatic,10,480.25,0,0,test,7.376197945774733,6.683379993710456,2.141973818582212,0.016689797270649266,14.059577939485187,0.9847646345957547,0
cleanStatic,11,480.25,0,0,test,5.324260830540352,100.54113877945493,95.62757135856064,0.005030673192817787,105.86539960999528,1.0,1
cleanStatic,13,480.25,0,0,test,2.0319593777493905,2.0021658582819835,1.6327068425085516,0.018640086311773357,4.0341252360313735,0.45548670769976446,0
cleanStatic,16,480.25,0,0,test,4.700676648343375,5.249351073249442,1.6248335103993368,0.030648505858186712,9.950027721592818,0.9233363654098262,0
cleanStatic,19,480.25,0,0,test,1.3605475081692378,1.412811841915026,1.143568386695454,0.022386051349878092,2.773359350084264,0.26512239606242727,0
cleanStatic,20,480.25,0,0,test,5.214921360785034,16.840302718791925,9.628062122331238,0.00465294914651214,22.05522407957696,0.999488908402259,0
cleanStatic,23,480.25,0,0,test,2.0947872341347993,3.187114556541517,0.7365514659846925,0.033792942263864936,5.281901790676317,0.617546182602376,0
cleanStatic,30,480.25,0,0,test,4.285781541525162,7.018838091855336,11.366099802457663,0.007812592302449461,11.304619633380497,0.9543361802550011,0
